{
    "metrics": {
        "http_req_failed": {
            "passes": 100,
            "fails": 1600,
            "thresholds": {
                "rate<0.05": true
            },
            "value": 0.058823529411764705
        },
        "http_req_duration{expected_response:true}": {
            "p(95)": 68.50663884999999,
            "avg": 17.635927278125,
            "min": 2.291988,
            "med": 11.71134,
            "max": 189.007675,
            "p(90)": 45.52769080000001
        },
        "http_req_blocked": {
            "max": 1.154683,
            "p(90)": 0.008176000000000001,
            "p(95)": 0.20842369999999993,
            "avg": 0.020754272352941232,
            "min": 0.001624,
            "med": 0.005135
        },
        "data_received": {
            "count": 17441183,
            "rate": 83052.22969319735
        },
        "checks": {
            "passes": 1100,
            "fails": 100,
            "value": 0.9166666666666666
        },
        "data_sent": {
            "count": 1910392,
            "rate": 9096.992743442155
        },
        "http_req_waiting": {
            "p(90)": 37.03724210000005,
            "p(95)": 66.1319065,
            "avg": 16.024903857647057,
            "min": 1.163741,
            "med": 10.8256505,
            "max": 188.792925
        },
        "iterations": {
            "count": 100,
            "rate": 0.4761846125529292
        },
        "http_req_tls_handshaking": {
            "p(95)": 0,
            "avg": 0,
            "min": 0,
            "med": 0,
            "max": 0,
            "p(90)": 0
        },
        "iteration_duration": {
            "max": 136387.764098,
            "p(90)": 136222.6744999,
            "p(95)": 136237.56309314998,
            "avg": 136165.37988603004,
            "min": 136108.603552,
            "med": 136157.57962899999
        },
        "jwt_renewals": {
            "count": 200,
            "rate": 0.9523692251058584
        },
        "vus": {
            "value": 100,
            "min": 4,
            "max": 100
        },
        "http_req_duration": {
            "med": 11.458427,
            "max": 189.007675,
            "p(90)": 43.08661390000002,
            "p(95)": 67.98403549999999,
            "avg": 16.910656358823523,
            "min": 1.242046,
            "thresholds": {
                "p(95)<2000": false
            }
        },
        "http_reqs": {
            "count": 1700,
            "rate": 8.095138413399797
        },
        "http_req_receiving": {
            "med": 0.297326,
            "max": 69.729807,
            "p(90)": 0.9942532000000015,
            "p(95)": 1.4286235499999997,
            "avg": 0.857906765882352,
            "min": 0.032611
        },
        "http_req_connecting": {
            "max": 1.086555,
            "p(90)": 0,
            "p(95)": 0.13610104999999995,
            "avg": 0.010808884705882356,
            "min": 0,
            "med": 0
        },
        "http_req_sending": {
            "p(90)": 0.04411860000000001,
            "p(95)": 0.0584158,
            "avg": 0.027845735294117647,
            "min": 0.006612,
            "med": 0.023157999999999998,
            "max": 0.876043
        },
        "request_size_bytes": {
            "min": 0,
            "med": 0,
            "max": 0,
            "p(90)": 0,
            "p(95)": 0,
            "avg": 0
        },
        "response_size_bytes": {
            "avg": 10491,
            "min": 10491,
            "med": 10491,
            "max": 10491,
            "p(90)": 10491,
            "p(95)": 10491
        },
        "vus_max": {
            "value": 100,
            "min": 100,
            "max": 100
        },
        "cart_operations": {
            "rate": 2.380923062764646,
            "count": 500
        }
    },
    "root_group": {
        "name": "",
        "path": "",
        "id": "d41d8cd98f00b204e9800998ecf8427e",
        "groups": {},
        "checks": {
                "initial visit successful": {
                    "name": "initial visit successful",
                    "path": "::initial visit successful",
                    "id": "aae5b334abe256117335360ddc91be63",
                    "passes": 200,
                    "fails": 0
                },
                "add item 1 successful": {
                    "name": "add item 1 successful",
                    "path": "::add item 1 successful",
                    "id": "e82c5caecf714d1fe41058fb6812d665",
                    "passes": 200,
                    "fails": 0
                },
                "add item 2 successful": {
                    "fails": 0,
                    "name": "add item 2 successful",
                    "path": "::add item 2 successful",
                    "id": "3e4273f8f17ba64f58dd4f63c24cfe47",
                    "passes": 200
                },
                "view cart successful": {
                    "path": "::view cart successful",
                    "id": "28ed33ec7e41187c0f7ef5afeb9326e5",
                    "passes": 200,
                    "fails": 0,
                    "name": "view cart successful"
                },
                "return to shopping successful": {
                    "name": "return to shopping successful",
                    "path": "::return to shopping successful",
                    "id": "e99bf39f1fd66e6fe4fa09ea346cfe76",
                    "passes": 100,
                    "fails": 0
                },
                "add item 3 with new JWT successful": {
                    "name": "add item 3 with new JWT successful",
                    "path": "::add item 3 with new JWT successful",
                    "id": "04193f6c4337cc9baa8ba7804cae8cd1",
                    "passes": 100,
                    "fails": 0
                },
                "checkout successful": {
                    "id": "7d3ca2e9e4bd709c4f7f05f757dbd43b",
                    "passes": 0,
                    "fails": 100,
                    "name": "checkout successful",
                    "path": "::checkout successful"
                },
                "continue shopping successful": {
                    "fails": 0,
                    "name": "continue shopping successful",
                    "path": "::continue shopping successful",
                    "id": "77284ef4e0af6ed5a0438a6b71837f15",
                    "passes": 100
                }
            }
    }
}