
          /\      |‾‾| /‾‾/   /‾‾/   
     /\  /  \     |  |/  /   /  /    
    /  \/    \    |     (   /   ‾‾\  
   /          \   |  |\  \ |  (‾)  | 
  / __________ \  |__| \__\ \_____/ .io

     execution: local
        script: k6-user-journey-test.js
        output: json (./jwt-compression-results-20251207_163715/k6-results.json)

     scenarios: (100.00%) 2 scenarios, 400 max VUs, 6m50s max duration (incl. graceful stop):
              * warmup: 20 looping VUs for 20s (exec: warmupTest, gracefulStop: 30s)
              * main_test: Up to 400 looping VUs for 6m0s over 2 stages (gracefulRampDown: 30s, exec: mainTest, startTime: 20s, gracefulStop: 30s)

time="2025-12-07T16:37:23Z" level=info msg="[WARMUP VU 19] Starting warmup iteration" source=console
time="2025-12-07T16:37:23Z" level=info msg="[WARMUP VU 11] Starting warmup iteration" source=console
time="2025-12-07T16:37:23Z" level=info msg="[WARMUP VU 5] Starting warmup iteration" source=console
time="2025-12-07T16:37:23Z" level=info msg="[WARMUP VU 16] Starting warmup iteration" source=console
time="2025-12-07T16:37:23Z" level=info msg="[WARMUP VU 13] Starting warmup iteration" source=console
time="2025-12-07T16:37:23Z" level=info msg="[WARMUP VU 6] Starting warmup iteration" source=console
time="2025-12-07T16:37:23Z" level=info msg="[WARMUP VU 17] Starting warmup iteration" source=console
time="2025-12-07T16:37:23Z" level=info msg="[WARMUP VU 7] Starting warmup iteration" source=console
time="2025-12-07T16:37:23Z" level=info msg="[WARMUP VU 21] Starting warmup iteration" source=console
time="2025-12-07T16:37:23Z" level=info msg="[WARMUP VU 8] Starting warmup iteration" source=console
time="2025-12-07T16:37:23Z" level=info msg="[WARMUP VU 18] Starting warmup iteration" source=console
time="2025-12-07T16:37:23Z" level=info msg="[WARMUP VU 12] Starting warmup iteration" source=console
time="2025-12-07T16:37:23Z" level=info msg="[WARMUP VU 14] Starting warmup iteration" source=console
time="2025-12-07T16:37:23Z" level=info msg="[WARMUP VU 15] Starting warmup iteration" source=console
time="2025-12-07T16:37:23Z" level=info msg="[WARMUP VU 3] Starting warmup iteration" source=console
time="2025-12-07T16:37:23Z" level=info msg="[WARMUP VU 10] Starting warmup iteration" source=console
time="2025-12-07T16:37:23Z" level=info msg="[WARMUP VU 1] Starting warmup iteration" source=console
time="2025-12-07T16:37:23Z" level=info msg="[WARMUP VU 2] Starting warmup iteration" source=console
time="2025-12-07T16:37:23Z" level=info msg="[WARMUP VU 9] Starting warmup iteration" source=console
time="2025-12-07T16:37:23Z" level=info msg="[WARMUP VU 4] Starting warmup iteration" source=console
time="2025-12-07T16:37:23Z" level=info msg="[WARMUP VU 16] Got JWT: eyJhbGciOiJSUzI1NiIs..." source=console
time="2025-12-07T16:37:23Z" level=info msg="[WARMUP VU 6] Got JWT: eyJhbGciOiJSUzI1NiIs..." source=console
time="2025-12-07T16:37:23Z" level=info msg="[WARMUP VU 3] Got JWT: eyJhbGciOiJSUzI1NiIs..." source=console
time="2025-12-07T16:37:23Z" level=info msg="[WARMUP VU 18] Got JWT: eyJhbGciOiJSUzI1NiIs..." source=console
time="2025-12-07T16:37:23Z" level=info msg="[WARMUP VU 13] Got JWT: eyJhbGciOiJSUzI1NiIs..." source=console
time="2025-12-07T16:37:23Z" level=info msg="[WARMUP VU 10] Got JWT: eyJhbGciOiJSUzI1NiIs..." source=console
time="2025-12-07T16:37:23Z" level=info msg="[WARMUP VU 11] Got JWT: eyJhbGciOiJSUzI1NiIs..." source=console
time="2025-12-07T16:37:23Z" level=info msg="[WARMUP VU 4] Got JWT: eyJhbGciOiJSUzI1NiIs..." source=console
time="2025-12-07T16:37:23Z" level=info msg="[WARMUP VU 7] Got JWT: eyJhbGciOiJSUzI1NiIs..." source=console
time="2025-12-07T16:37:23Z" level=info msg="[WARMUP VU 14] Got JWT: eyJhbGciOiJSUzI1NiIs..." source=console
time="2025-12-07T16:37:23Z" level=info msg="[WARMUP VU 2] Got JWT: eyJhbGciOiJSUzI1NiIs..." source=console
time="2025-12-07T16:37:23Z" level=info msg="[WARMUP VU 8] Got JWT: eyJhbGciOiJSUzI1NiIs..." source=console
time="2025-12-07T16:37:23Z" level=info msg="[WARMUP VU 12] Got JWT: eyJhbGciOiJSUzI1NiIs..." source=console
time="2025-12-07T16:37:23Z" level=info msg="[WARMUP VU 1] Got JWT: eyJhbGciOiJSUzI1NiIs..." source=console
time="2025-12-07T16:37:23Z" level=info msg="[WARMUP VU 17] Got JWT: eyJhbGciOiJSUzI1NiIs..." source=console
time="2025-12-07T16:37:23Z" level=info msg="[WARMUP VU 19] Got JWT: eyJhbGciOiJSUzI1NiIs..." source=console
time="2025-12-07T16:37:23Z" level=info msg="[WARMUP VU 21] Got JWT: eyJhbGciOiJSUzI1NiIs..." source=console
time="2025-12-07T16:37:23Z" level=info msg="[WARMUP VU 9] Got JWT: eyJhbGciOiJSUzI1NiIs..." source=console
time="2025-12-07T16:37:23Z" level=info msg="[WARMUP VU 15] Got JWT: eyJhbGciOiJSUzI1NiIs..." source=console
time="2025-12-07T16:37:23Z" level=info msg="[WARMUP VU 5] Got JWT: eyJhbGciOiJSUzI1NiIs..." source=console

running (0m00.9s), 020/400 VUs, 0 complete and 0 interrupted iterations
warmup      [   5% ] 20 VUs   00.9s/20s
main_test • [   0% ] waiting  19.1s
time="2025-12-07T16:37:24Z" level=info msg="[WARMUP VU 16] Cart add status: 200" source=console
time="2025-12-07T16:37:24Z" level=info msg="[WARMUP VU 6] Cart add status: 200" source=console
time="2025-12-07T16:37:24Z" level=info msg="[WARMUP VU 3] Cart add status: 200" source=console
time="2025-12-07T16:37:24Z" level=info msg="[WARMUP VU 18] Cart add status: 200" source=console
time="2025-12-07T16:37:24Z" level=info msg="[WARMUP VU 13] Cart add status: 200" source=console
time="2025-12-07T16:37:24Z" level=info msg="[WARMUP VU 10] Cart add status: 200" source=console
time="2025-12-07T16:37:24Z" level=info msg="[WARMUP VU 7] Cart add status: 200" source=console
time="2025-12-07T16:37:24Z" level=info msg="[WARMUP VU 11] Cart add status: 200" source=console
time="2025-12-07T16:37:24Z" level=info msg="[WARMUP VU 12] Cart add status: 200" source=console
time="2025-12-07T16:37:24Z" level=info msg="[WARMUP VU 1] Cart add status: 200" source=console
time="2025-12-07T16:37:24Z" level=info msg="[WARMUP VU 14] Cart add status: 200" source=console
time="2025-12-07T16:37:24Z" level=info msg="[WARMUP VU 2] Cart add status: 200" source=console
time="2025-12-07T16:37:24Z" level=info msg="[WARMUP VU 4] Cart add status: 200" source=console
time="2025-12-07T16:37:24Z" level=info msg="[WARMUP VU 8] Cart add status: 200" source=console
time="2025-12-07T16:37:24Z" level=info msg="[WARMUP VU 21] Cart add status: 200" source=console
time="2025-12-07T16:37:24Z" level=info msg="[WARMUP VU 17] Cart add status: 200" source=console
time="2025-12-07T16:37:24Z" level=info msg="[WARMUP VU 19] Cart add status: 200" source=console
time="2025-12-07T16:37:24Z" level=info msg="[WARMUP VU 9] Cart add status: 200" source=console
time="2025-12-07T16:37:24Z" level=info msg="[WARMUP VU 5] Cart add status: 200" source=console
time="2025-12-07T16:37:24Z" level=info msg="[WARMUP VU 15] Cart add status: 200" source=console

running (0m01.9s), 020/400 VUs, 0 complete and 0 interrupted iterations
warmup      [  10% ] 20 VUs   01.9s/20s
main_test • [   0% ] waiting  18.1s

running (0m02.9s), 020/400 VUs, 0 complete and 0 interrupted iterations
warmup      [  15% ] 20 VUs   02.9s/20s
main_test • [   0% ] waiting  17.1s
time="2025-12-07T16:37:26Z" level=info msg="[WARMUP VU 6] Starting warmup iteration" source=console
time="2025-12-07T16:37:26Z" level=info msg="[WARMUP VU 16] Starting warmup iteration" source=console
time="2025-12-07T16:37:26Z" level=info msg="[WARMUP VU 3] Starting warmup iteration" source=console
time="2025-12-07T16:37:26Z" level=info msg="[WARMUP VU 16] Got JWT: eyJhbGciOiJSUzI1NiIs..." source=console
time="2025-12-07T16:37:26Z" level=info msg="[WARMUP VU 3] Got JWT: eyJhbGciOiJSUzI1NiIs..." source=console
time="2025-12-07T16:37:26Z" level=info msg="[WARMUP VU 6] Got JWT: eyJhbGciOiJSUzI1NiIs..." source=console
time="2025-12-07T16:37:26Z" level=info msg="[WARMUP VU 18] Starting warmup iteration" source=console
time="2025-12-07T16:37:26Z" level=info msg="[WARMUP VU 18] Got JWT: eyJhbGciOiJSUzI1NiIs..." source=console
time="2025-12-07T16:37:26Z" level=info msg="[WARMUP VU 13] Starting warmup iteration" source=console
time="2025-12-07T16:37:26Z" level=info msg="[WARMUP VU 10] Starting warmup iteration" source=console
time="2025-12-07T16:37:26Z" level=info msg="[WARMUP VU 13] Got JWT: eyJhbGciOiJSUzI1NiIs..." source=console
time="2025-12-07T16:37:26Z" level=info msg="[WARMUP VU 7] Starting warmup iteration" source=console
time="2025-12-07T16:37:26Z" level=info msg="[WARMUP VU 10] Got JWT: eyJhbGciOiJSUzI1NiIs..." source=console
time="2025-12-07T16:37:26Z" level=info msg="[WARMUP VU 7] Got JWT: eyJhbGciOiJSUzI1NiIs..." source=console
time="2025-12-07T16:37:26Z" level=info msg="[WARMUP VU 11] Starting warmup iteration" source=console
time="2025-12-07T16:37:26Z" level=info msg="[WARMUP VU 12] Starting warmup iteration" source=console
time="2025-12-07T16:37:26Z" level=info msg="[WARMUP VU 11] Got JWT: eyJhbGciOiJSUzI1NiIs..." source=console
time="2025-12-07T16:37:26Z" level=info msg="[WARMUP VU 12] Got JWT: eyJhbGciOiJSUzI1NiIs..." source=console
time="2025-12-07T16:37:26Z" level=info msg="[WARMUP VU 2] Starting warmup iteration" source=console
time="2025-12-07T16:37:26Z" level=info msg="[WARMUP VU 14] Starting warmup iteration" source=console
time="2025-12-07T16:37:26Z" level=info msg="[WARMUP VU 1] Starting warmup iteration" source=console
time="2025-12-07T16:37:26Z" level=info msg="[WARMUP VU 4] Starting warmup iteration" source=console
time="2025-12-07T16:37:26Z" level=info msg="[WARMUP VU 8] Starting warmup iteration" source=console
time="2025-12-07T16:37:26Z" level=info msg="[WARMUP VU 21] Starting warmup iteration" source=console
time="2025-12-07T16:37:26Z" level=info msg="[WARMUP VU 17] Starting warmup iteration" source=console
time="2025-12-07T16:37:26Z" level=info msg="[WARMUP VU 19] Starting warmup iteration" source=console
time="2025-12-07T16:37:26Z" level=info msg="[WARMUP VU 9] Starting warmup iteration" source=console
time="2025-12-07T16:37:26Z" level=info msg="[WARMUP VU 15] Starting warmup iteration" source=console
time="2025-12-07T16:37:26Z" level=info msg="[WARMUP VU 5] Starting warmup iteration" source=console
time="2025-12-07T16:37:26Z" level=info msg="[WARMUP VU 14] Got JWT: eyJhbGciOiJSUzI1NiIs..." source=console
time="2025-12-07T16:37:26Z" level=info msg="[WARMUP VU 1] Got JWT: eyJhbGciOiJSUzI1NiIs..." source=console
time="2025-12-07T16:37:26Z" level=info msg="[WARMUP VU 21] Got JWT: eyJhbGciOiJSUzI1NiIs..." source=console
time="2025-12-07T16:37:26Z" level=info msg="[WARMUP VU 2] Got JWT: eyJhbGciOiJSUzI1NiIs..." source=console
time="2025-12-07T16:37:27Z" level=info msg="[WARMUP VU 4] Got JWT: eyJhbGciOiJSUzI1NiIs..." source=console
time="2025-12-07T16:37:27Z" level=info msg="[WARMUP VU 8] Got JWT: eyJhbGciOiJSUzI1NiIs..." source=console

running (0m03.9s), 020/400 VUs, 20 complete and 0 interrupted iterations
warmup      [  20% ] 20 VUs   03.9s/20s
main_test • [   0% ] waiting  16.1s
time="2025-12-07T16:37:27Z" level=info msg="[WARMUP VU 17] Got JWT: eyJhbGciOiJSUzI1NiIs..." source=console
time="2025-12-07T16:37:27Z" level=info msg="[WARMUP VU 9] Got JWT: eyJhbGciOiJSUzI1NiIs..." source=console
time="2025-12-07T16:37:27Z" level=info msg="[WARMUP VU 19] Got JWT: eyJhbGciOiJSUzI1NiIs..." source=console
time="2025-12-07T16:37:27Z" level=info msg="[WARMUP VU 15] Got JWT: eyJhbGciOiJSUzI1NiIs..." source=console
time="2025-12-07T16:37:27Z" level=info msg="[WARMUP VU 5] Got JWT: eyJhbGciOiJSUzI1NiIs..." source=console
time="2025-12-07T16:37:27Z" level=info msg="[WARMUP VU 3] Cart add status: 200" source=console
time="2025-12-07T16:37:27Z" level=info msg="[WARMUP VU 16] Cart add status: 200" source=console
time="2025-12-07T16:37:27Z" level=info msg="[WARMUP VU 6] Cart add status: 200" source=console
time="2025-12-07T16:37:27Z" level=info msg="[WARMUP VU 18] Cart add status: 200" source=console
time="2025-12-07T16:37:27Z" level=info msg="[WARMUP VU 13] Cart add status: 200" source=console
time="2025-12-07T16:37:27Z" level=info msg="[WARMUP VU 10] Cart add status: 200" source=console
time="2025-12-07T16:37:27Z" level=info msg="[WARMUP VU 7] Cart add status: 200" source=console
time="2025-12-07T16:37:27Z" level=info msg="[WARMUP VU 11] Cart add status: 200" source=console
time="2025-12-07T16:37:27Z" level=info msg="[WARMUP VU 12] Cart add status: 200" source=console

running (0m04.9s), 020/400 VUs, 20 complete and 0 interrupted iterations
warmup      [  25% ] 20 VUs   04.9s/20s
main_test • [   0% ] waiting  15.1s
time="2025-12-07T16:37:28Z" level=info msg="[WARMUP VU 14] Cart add status: 200" source=console
time="2025-12-07T16:37:28Z" level=info msg="[WARMUP VU 2] Cart add status: 200" source=console
time="2025-12-07T16:37:28Z" level=info msg="[WARMUP VU 21] Cart add status: 200" source=console
time="2025-12-07T16:37:28Z" level=info msg="[WARMUP VU 1] Cart add status: 200" source=console
time="2025-12-07T16:37:28Z" level=info msg="[WARMUP VU 19] Cart add status: 200" source=console
time="2025-12-07T16:37:28Z" level=info msg="[WARMUP VU 4] Cart add status: 200" source=console
time="2025-12-07T16:37:28Z" level=info msg="[WARMUP VU 8] Cart add status: 200" source=console
time="2025-12-07T16:37:28Z" level=info msg="[WARMUP VU 17] Cart add status: 200" source=console
time="2025-12-07T16:37:28Z" level=info msg="[WARMUP VU 9] Cart add status: 200" source=console
time="2025-12-07T16:37:28Z" level=info msg="[WARMUP VU 5] Cart add status: 200" source=console
time="2025-12-07T16:37:28Z" level=info msg="[WARMUP VU 15] Cart add status: 200" source=console

running (0m05.9s), 020/400 VUs, 20 complete and 0 interrupted iterations
warmup      [  30% ] 20 VUs   05.9s/20s
main_test • [   0% ] waiting  14.1s
time="2025-12-07T16:37:29Z" level=info msg="[WARMUP VU 3] Starting warmup iteration" source=console
time="2025-12-07T16:37:29Z" level=info msg="[WARMUP VU 16] Starting warmup iteration" source=console
time="2025-12-07T16:37:29Z" level=info msg="[WARMUP VU 3] Got JWT: eyJhbGciOiJSUzI1NiIs..." source=console
time="2025-12-07T16:37:29Z" level=info msg="[WARMUP VU 16] Got JWT: eyJhbGciOiJSUzI1NiIs..." source=console
time="2025-12-07T16:37:29Z" level=info msg="[WARMUP VU 6] Starting warmup iteration" source=console
time="2025-12-07T16:37:29Z" level=info msg="[WARMUP VU 6] Got JWT: eyJhbGciOiJSUzI1NiIs..." source=console
time="2025-12-07T16:37:29Z" level=info msg="[WARMUP VU 18] Starting warmup iteration" source=console
time="2025-12-07T16:37:29Z" level=info msg="[WARMUP VU 18] Got JWT: eyJhbGciOiJSUzI1NiIs..." source=console
time="2025-12-07T16:37:29Z" level=info msg="[WARMUP VU 13] Starting warmup iteration" source=console
time="2025-12-07T16:37:29Z" level=info msg="[WARMUP VU 10] Starting warmup iteration" source=console
time="2025-12-07T16:37:29Z" level=info msg="[WARMUP VU 13] Got JWT: eyJhbGciOiJSUzI1NiIs..." source=console
time="2025-12-07T16:37:29Z" level=info msg="[WARMUP VU 7] Starting warmup iteration" source=console
time="2025-12-07T16:37:29Z" level=info msg="[WARMUP VU 10] Got JWT: eyJhbGciOiJSUzI1NiIs..." source=console
time="2025-12-07T16:37:29Z" level=info msg="[WARMUP VU 7] Got JWT: eyJhbGciOiJSUzI1NiIs..." source=console
time="2025-12-07T16:37:29Z" level=info msg="[WARMUP VU 11] Starting warmup iteration" source=console
time="2025-12-07T16:37:29Z" level=info msg="[WARMUP VU 12] Starting warmup iteration" source=console
time="2025-12-07T16:37:29Z" level=info msg="[WARMUP VU 11] Got JWT: eyJhbGciOiJSUzI1NiIs..." source=console
time="2025-12-07T16:37:29Z" level=info msg="[WARMUP VU 12] Got JWT: eyJhbGciOiJSUzI1NiIs..." source=console

running (0m06.9s), 020/400 VUs, 29 complete and 0 interrupted iterations
warmup      [  35% ] 20 VUs   06.9s/20s
main_test • [   0% ] waiting  13.1s
time="2025-12-07T16:37:30Z" level=info msg="[WARMUP VU 14] Starting warmup iteration" source=console
time="2025-12-07T16:37:30Z" level=info msg="[WARMUP VU 14] Got JWT: eyJhbGciOiJSUzI1NiIs..." source=console
time="2025-12-07T16:37:30Z" level=info msg="[WARMUP VU 2] Starting warmup iteration" source=console
time="2025-12-07T16:37:30Z" level=info msg="[WARMUP VU 2] Got JWT: eyJhbGciOiJSUzI1NiIs..." source=console
time="2025-12-07T16:37:30Z" level=info msg="[WARMUP VU 21] Starting warmup iteration" source=console
time="2025-12-07T16:37:30Z" level=info msg="[WARMUP VU 1] Starting warmup iteration" source=console
time="2025-12-07T16:37:30Z" level=info msg="[WARMUP VU 19] Starting warmup iteration" source=console
time="2025-12-07T16:37:30Z" level=info msg="[WARMUP VU 4] Starting warmup iteration" source=console
time="2025-12-07T16:37:30Z" level=info msg="[WARMUP VU 8] Starting warmup iteration" source=console
time="2025-12-07T16:37:30Z" level=info msg="[WARMUP VU 21] Got JWT: eyJhbGciOiJSUzI1NiIs..." source=console
time="2025-12-07T16:37:30Z" level=info msg="[WARMUP VU 9] Starting warmup iteration" source=console
time="2025-12-07T16:37:30Z" level=info msg="[WARMUP VU 17] Starting warmup iteration" source=console
time="2025-12-07T16:37:30Z" level=info msg="[WARMUP VU 15] Starting warmup iteration" source=console
time="2025-12-07T16:37:30Z" level=info msg="[WARMUP VU 5] Starting warmup iteration" source=console
time="2025-12-07T16:37:30Z" level=info msg="[WARMUP VU 1] Got JWT: eyJhbGciOiJSUzI1NiIs..." source=console
time="2025-12-07T16:37:30Z" level=info msg="[WARMUP VU 4] Got JWT: eyJhbGciOiJSUzI1NiIs..." source=console
time="2025-12-07T16:37:30Z" level=info msg="[WARMUP VU 8] Got JWT: eyJhbGciOiJSUzI1NiIs..." source=console
time="2025-12-07T16:37:30Z" level=info msg="[WARMUP VU 19] Got JWT: eyJhbGciOiJSUzI1NiIs..." source=console
time="2025-12-07T16:37:30Z" level=info msg="[WARMUP VU 15] Got JWT: eyJhbGciOiJSUzI1NiIs..." source=console
time="2025-12-07T16:37:30Z" level=info msg="[WARMUP VU 5] Got JWT: eyJhbGciOiJSUzI1NiIs..." source=console
time="2025-12-07T16:37:30Z" level=info msg="[WARMUP VU 17] Got JWT: eyJhbGciOiJSUzI1NiIs..." source=console
time="2025-12-07T16:37:30Z" level=info msg="[WARMUP VU 9] Got JWT: eyJhbGciOiJSUzI1NiIs..." source=console
time="2025-12-07T16:37:30Z" level=info msg="[WARMUP VU 3] Cart add status: 200" source=console
time="2025-12-07T16:37:30Z" level=info msg="[WARMUP VU 16] Cart add status: 200" source=console
time="2025-12-07T16:37:30Z" level=info msg="[WARMUP VU 6] Cart add status: 200" source=console
time="2025-12-07T16:37:30Z" level=info msg="[WARMUP VU 18] Cart add status: 200" source=console
time="2025-12-07T16:37:30Z" level=info msg="[WARMUP VU 13] Cart add status: 200" source=console
time="2025-12-07T16:37:30Z" level=info msg="[WARMUP VU 10] Cart add status: 200" source=console
time="2025-12-07T16:37:30Z" level=info msg="[WARMUP VU 7] Cart add status: 200" source=console
time="2025-12-07T16:37:30Z" level=info msg="[WARMUP VU 11] Cart add status: 200" source=console
time="2025-12-07T16:37:30Z" level=info msg="[WARMUP VU 12] Cart add status: 200" source=console

running (0m07.9s), 020/400 VUs, 40 complete and 0 interrupted iterations
warmup      [  40% ] 20 VUs   07.9s/20s
main_test • [   0% ] waiting  12.1s
time="2025-12-07T16:37:31Z" level=info msg="[WARMUP VU 14] Cart add status: 200" source=console
time="2025-12-07T16:37:31Z" level=info msg="[WARMUP VU 2] Cart add status: 200" source=console
time="2025-12-07T16:37:31Z" level=info msg="[WARMUP VU 21] Cart add status: 200" source=console
time="2025-12-07T16:37:31Z" level=info msg="[WARMUP VU 1] Cart add status: 200" source=console
time="2025-12-07T16:37:31Z" level=info msg="[WARMUP VU 4] Cart add status: 200" source=console
time="2025-12-07T16:37:31Z" level=info msg="[WARMUP VU 19] Cart add status: 200" source=console
time="2025-12-07T16:37:31Z" level=info msg="[WARMUP VU 8] Cart add status: 200" source=console
time="2025-12-07T16:37:31Z" level=info msg="[WARMUP VU 15] Cart add status: 200" source=console
time="2025-12-07T16:37:31Z" level=info msg="[WARMUP VU 5] Cart add status: 200" source=console
time="2025-12-07T16:37:31Z" level=info msg="[WARMUP VU 9] Cart add status: 200" source=console
time="2025-12-07T16:37:31Z" level=info msg="[WARMUP VU 17] Cart add status: 200" source=console

running (0m08.9s), 020/400 VUs, 40 complete and 0 interrupted iterations
warmup      [  45% ] 20 VUs   08.9s/20s
main_test • [   0% ] waiting  11.1s
time="2025-12-07T16:37:32Z" level=info msg="[WARMUP VU 3] Starting warmup iteration" source=console
time="2025-12-07T16:37:32Z" level=info msg="[WARMUP VU 16] Starting warmup iteration" source=console
time="2025-12-07T16:37:32Z" level=info msg="[WARMUP VU 16] Got JWT: eyJhbGciOiJSUzI1NiIs..." source=console
time="2025-12-07T16:37:32Z" level=info msg="[WARMUP VU 3] Got JWT: eyJhbGciOiJSUzI1NiIs..." source=console
time="2025-12-07T16:37:32Z" level=info msg="[WARMUP VU 6] Starting warmup iteration" source=console
time="2025-12-07T16:37:32Z" level=info msg="[WARMUP VU 6] Got JWT: eyJhbGciOiJSUzI1NiIs..." source=console
time="2025-12-07T16:37:32Z" level=info msg="[WARMUP VU 18] Starting warmup iteration" source=console
time="2025-12-07T16:37:32Z" level=info msg="[WARMUP VU 18] Got JWT: eyJhbGciOiJSUzI1NiIs..." source=console
time="2025-12-07T16:37:32Z" level=info msg="[WARMUP VU 13] Starting warmup iteration" source=console
time="2025-12-07T16:37:32Z" level=info msg="[WARMUP VU 10] Starting warmup iteration" source=console
time="2025-12-07T16:37:32Z" level=info msg="[WARMUP VU 7] Starting warmup iteration" source=console
time="2025-12-07T16:37:32Z" level=info msg="[WARMUP VU 13] Got JWT: eyJhbGciOiJSUzI1NiIs..." source=console
time="2025-12-07T16:37:32Z" level=info msg="[WARMUP VU 10] Got JWT: eyJhbGciOiJSUzI1NiIs..." source=console
time="2025-12-07T16:37:32Z" level=info msg="[WARMUP VU 7] Got JWT: eyJhbGciOiJSUzI1NiIs..." source=console
time="2025-12-07T16:37:32Z" level=info msg="[WARMUP VU 11] Starting warmup iteration" source=console
time="2025-12-07T16:37:32Z" level=info msg="[WARMUP VU 12] Starting warmup iteration" source=console
time="2025-12-07T16:37:32Z" level=info msg="[WARMUP VU 11] Got JWT: eyJhbGciOiJSUzI1NiIs..." source=console
time="2025-12-07T16:37:32Z" level=info msg="[WARMUP VU 12] Got JWT: eyJhbGciOiJSUzI1NiIs..." source=console

running (0m09.9s), 020/400 VUs, 49 complete and 0 interrupted iterations
warmup      [  50% ] 20 VUs   09.9s/20s
main_test • [   0% ] waiting  10.1s
time="2025-12-07T16:37:33Z" level=info msg="[WARMUP VU 14] Starting warmup iteration" source=console
time="2025-12-07T16:37:33Z" level=info msg="[WARMUP VU 14] Got JWT: eyJhbGciOiJSUzI1NiIs..." source=console
time="2025-12-07T16:37:33Z" level=info msg="[WARMUP VU 2] Starting warmup iteration" source=console
time="2025-12-07T16:37:33Z" level=info msg="[WARMUP VU 2] Got JWT: eyJhbGciOiJSUzI1NiIs..." source=console
time="2025-12-07T16:37:33Z" level=info msg="[WARMUP VU 21] Starting warmup iteration" source=console
time="2025-12-07T16:37:33Z" level=info msg="[WARMUP VU 21] Got JWT: eyJhbGciOiJSUzI1NiIs..." source=console
time="2025-12-07T16:37:33Z" level=info msg="[WARMUP VU 1] Starting warmup iteration" source=console
time="2025-12-07T16:37:33Z" level=info msg="[WARMUP VU 4] Starting warmup iteration" source=console
time="2025-12-07T16:37:33Z" level=info msg="[WARMUP VU 8] Starting warmup iteration" source=console
time="2025-12-07T16:37:33Z" level=info msg="[WARMUP VU 19] Starting warmup iteration" source=console
time="2025-12-07T16:37:33Z" level=info msg="[WARMUP VU 1] Got JWT: eyJhbGciOiJSUzI1NiIs..." source=console
time="2025-12-07T16:37:33Z" level=info msg="[WARMUP VU 4] Got JWT: eyJhbGciOiJSUzI1NiIs..." source=console
time="2025-12-07T16:37:33Z" level=info msg="[WARMUP VU 19] Got JWT: eyJhbGciOiJSUzI1NiIs..." source=console
time="2025-12-07T16:37:33Z" level=info msg="[WARMUP VU 8] Got JWT: eyJhbGciOiJSUzI1NiIs..." source=console
time="2025-12-07T16:37:33Z" level=info msg="[WARMUP VU 15] Starting warmup iteration" source=console
time="2025-12-07T16:37:33Z" level=info msg="[WARMUP VU 5] Starting warmup iteration" source=console
time="2025-12-07T16:37:33Z" level=info msg="[WARMUP VU 17] Starting warmup iteration" source=console
time="2025-12-07T16:37:33Z" level=info msg="[WARMUP VU 9] Starting warmup iteration" source=console
time="2025-12-07T16:37:33Z" level=info msg="[WARMUP VU 15] Got JWT: eyJhbGciOiJSUzI1NiIs..." source=console
time="2025-12-07T16:37:33Z" level=info msg="[WARMUP VU 5] Got JWT: eyJhbGciOiJSUzI1NiIs..." source=console
time="2025-12-07T16:37:33Z" level=info msg="[WARMUP VU 9] Got JWT: eyJhbGciOiJSUzI1NiIs..." source=console
time="2025-12-07T16:37:33Z" level=info msg="[WARMUP VU 17] Got JWT: eyJhbGciOiJSUzI1NiIs..." source=console
time="2025-12-07T16:37:33Z" level=info msg="[WARMUP VU 3] Cart add status: 200" source=console
time="2025-12-07T16:37:33Z" level=info msg="[WARMUP VU 16] Cart add status: 200" source=console
time="2025-12-07T16:37:33Z" level=info msg="[WARMUP VU 6] Cart add status: 200" source=console
time="2025-12-07T16:37:33Z" level=info msg="[WARMUP VU 18] Cart add status: 200" source=console
time="2025-12-07T16:37:33Z" level=info msg="[WARMUP VU 13] Cart add status: 200" source=console
time="2025-12-07T16:37:33Z" level=info msg="[WARMUP VU 10] Cart add status: 200" source=console
time="2025-12-07T16:37:33Z" level=info msg="[WARMUP VU 7] Cart add status: 200" source=console
time="2025-12-07T16:37:33Z" level=info msg="[WARMUP VU 11] Cart add status: 200" source=console
time="2025-12-07T16:37:33Z" level=info msg="[WARMUP VU 12] Cart add status: 200" source=console

running (0m10.9s), 020/400 VUs, 60 complete and 0 interrupted iterations
warmup      [  55% ] 20 VUs   10.9s/20s
main_test • [   0% ] waiting  09.1s
time="2025-12-07T16:37:34Z" level=info msg="[WARMUP VU 14] Cart add status: 200" source=console
time="2025-12-07T16:37:34Z" level=info msg="[WARMUP VU 2] Cart add status: 200" source=console
time="2025-12-07T16:37:34Z" level=info msg="[WARMUP VU 21] Cart add status: 200" source=console
time="2025-12-07T16:37:34Z" level=info msg="[WARMUP VU 1] Cart add status: 200" source=console
time="2025-12-07T16:37:34Z" level=info msg="[WARMUP VU 4] Cart add status: 200" source=console
time="2025-12-07T16:37:34Z" level=info msg="[WARMUP VU 19] Cart add status: 200" source=console
time="2025-12-07T16:37:34Z" level=info msg="[WARMUP VU 8] Cart add status: 200" source=console
time="2025-12-07T16:37:34Z" level=info msg="[WARMUP VU 15] Cart add status: 200" source=console
time="2025-12-07T16:37:34Z" level=info msg="[WARMUP VU 5] Cart add status: 200" source=console
time="2025-12-07T16:37:34Z" level=info msg="[WARMUP VU 17] Cart add status: 200" source=console
time="2025-12-07T16:37:34Z" level=info msg="[WARMUP VU 9] Cart add status: 200" source=console

running (0m11.9s), 020/400 VUs, 60 complete and 0 interrupted iterations
warmup      [  60% ] 20 VUs   11.9s/20s
main_test • [   0% ] waiting  08.1s
time="2025-12-07T16:37:35Z" level=info msg="[WARMUP VU 3] Starting warmup iteration" source=console
time="2025-12-07T16:37:35Z" level=info msg="[WARMUP VU 16] Starting warmup iteration" source=console
time="2025-12-07T16:37:35Z" level=info msg="[WARMUP VU 3] Got JWT: eyJhbGciOiJSUzI1NiIs..." source=console
time="2025-12-07T16:37:35Z" level=info msg="[WARMUP VU 16] Got JWT: eyJhbGciOiJSUzI1NiIs..." source=console
time="2025-12-07T16:37:35Z" level=info msg="[WARMUP VU 6] Starting warmup iteration" source=console
time="2025-12-07T16:37:35Z" level=info msg="[WARMUP VU 6] Got JWT: eyJhbGciOiJSUzI1NiIs..." source=console
time="2025-12-07T16:37:35Z" level=info msg="[WARMUP VU 18] Starting warmup iteration" source=console
time="2025-12-07T16:37:35Z" level=info msg="[WARMUP VU 18] Got JWT: eyJhbGciOiJSUzI1NiIs..." source=console
time="2025-12-07T16:37:35Z" level=info msg="[WARMUP VU 13] Starting warmup iteration" source=console
time="2025-12-07T16:37:35Z" level=info msg="[WARMUP VU 10] Starting warmup iteration" source=console
time="2025-12-07T16:37:35Z" level=info msg="[WARMUP VU 7] Starting warmup iteration" source=console
time="2025-12-07T16:37:35Z" level=info msg="[WARMUP VU 13] Got JWT: eyJhbGciOiJSUzI1NiIs..." source=console
time="2025-12-07T16:37:35Z" level=info msg="[WARMUP VU 10] Got JWT: eyJhbGciOiJSUzI1NiIs..." source=console
time="2025-12-07T16:37:35Z" level=info msg="[WARMUP VU 7] Got JWT: eyJhbGciOiJSUzI1NiIs..." source=console
time="2025-12-07T16:37:35Z" level=info msg="[WARMUP VU 11] Starting warmup iteration" source=console
time="2025-12-07T16:37:35Z" level=info msg="[WARMUP VU 12] Starting warmup iteration" source=console
time="2025-12-07T16:37:35Z" level=info msg="[WARMUP VU 11] Got JWT: eyJhbGciOiJSUzI1NiIs..." source=console
time="2025-12-07T16:37:35Z" level=info msg="[WARMUP VU 12] Got JWT: eyJhbGciOiJSUzI1NiIs..." source=console

running (0m12.9s), 020/400 VUs, 69 complete and 0 interrupted iterations
warmup      [  65% ] 20 VUs   12.9s/20s
main_test • [   0% ] waiting  07.1s
time="2025-12-07T16:37:36Z" level=info msg="[WARMUP VU 14] Starting warmup iteration" source=console
time="2025-12-07T16:37:36Z" level=info msg="[WARMUP VU 2] Starting warmup iteration" source=console
time="2025-12-07T16:37:36Z" level=info msg="[WARMUP VU 14] Got JWT: eyJhbGciOiJSUzI1NiIs..." source=console
time="2025-12-07T16:37:36Z" level=info msg="[WARMUP VU 2] Got JWT: eyJhbGciOiJSUzI1NiIs..." source=console
time="2025-12-07T16:37:36Z" level=info msg="[WARMUP VU 21] Starting warmup iteration" source=console
time="2025-12-07T16:37:36Z" level=info msg="[WARMUP VU 21] Got JWT: eyJhbGciOiJSUzI1NiIs..." source=console
time="2025-12-07T16:37:36Z" level=info msg="[WARMUP VU 1] Starting warmup iteration" source=console
time="2025-12-07T16:37:36Z" level=info msg="[WARMUP VU 1] Got JWT: eyJhbGciOiJSUzI1NiIs..." source=console
time="2025-12-07T16:37:36Z" level=info msg="[WARMUP VU 4] Starting warmup iteration" source=console
time="2025-12-07T16:37:36Z" level=info msg="[WARMUP VU 19] Starting warmup iteration" source=console
time="2025-12-07T16:37:36Z" level=info msg="[WARMUP VU 8] Starting warmup iteration" source=console
time="2025-12-07T16:37:36Z" level=info msg="[WARMUP VU 4] Got JWT: eyJhbGciOiJSUzI1NiIs..." source=console
time="2025-12-07T16:37:36Z" level=info msg="[WARMUP VU 19] Got JWT: eyJhbGciOiJSUzI1NiIs..." source=console
time="2025-12-07T16:37:36Z" level=info msg="[WARMUP VU 8] Got JWT: eyJhbGciOiJSUzI1NiIs..." source=console
time="2025-12-07T16:37:36Z" level=info msg="[WARMUP VU 15] Starting warmup iteration" source=console
time="2025-12-07T16:37:36Z" level=info msg="[WARMUP VU 5] Starting warmup iteration" source=console
time="2025-12-07T16:37:36Z" level=info msg="[WARMUP VU 17] Starting warmup iteration" source=console
time="2025-12-07T16:37:36Z" level=info msg="[WARMUP VU 15] Got JWT: eyJhbGciOiJSUzI1NiIs..." source=console
time="2025-12-07T16:37:36Z" level=info msg="[WARMUP VU 5] Got JWT: eyJhbGciOiJSUzI1NiIs..." source=console
time="2025-12-07T16:37:36Z" level=info msg="[WARMUP VU 17] Got JWT: eyJhbGciOiJSUzI1NiIs..." source=console
time="2025-12-07T16:37:36Z" level=info msg="[WARMUP VU 9] Starting warmup iteration" source=console
time="2025-12-07T16:37:36Z" level=info msg="[WARMUP VU 9] Got JWT: eyJhbGciOiJSUzI1NiIs..." source=console
time="2025-12-07T16:37:36Z" level=info msg="[WARMUP VU 3] Cart add status: 200" source=console
time="2025-12-07T16:37:36Z" level=info msg="[WARMUP VU 16] Cart add status: 200" source=console
time="2025-12-07T16:37:36Z" level=info msg="[WARMUP VU 6] Cart add status: 200" source=console
time="2025-12-07T16:37:36Z" level=info msg="[WARMUP VU 18] Cart add status: 200" source=console
time="2025-12-07T16:37:36Z" level=info msg="[WARMUP VU 13] Cart add status: 200" source=console
time="2025-12-07T16:37:36Z" level=info msg="[WARMUP VU 10] Cart add status: 200" source=console
time="2025-12-07T16:37:36Z" level=info msg="[WARMUP VU 7] Cart add status: 200" source=console
time="2025-12-07T16:37:36Z" level=info msg="[WARMUP VU 11] Cart add status: 200" source=console
time="2025-12-07T16:37:36Z" level=info msg="[WARMUP VU 12] Cart add status: 200" source=console

running (0m13.9s), 020/400 VUs, 80 complete and 0 interrupted iterations
warmup      [  70% ] 20 VUs   13.9s/20s
main_test • [   0% ] waiting  06.1s
time="2025-12-07T16:37:37Z" level=info msg="[WARMUP VU 14] Cart add status: 200" source=console
time="2025-12-07T16:37:37Z" level=info msg="[WARMUP VU 2] Cart add status: 200" source=console
time="2025-12-07T16:37:37Z" level=info msg="[WARMUP VU 21] Cart add status: 200" source=console
time="2025-12-07T16:37:37Z" level=info msg="[WARMUP VU 1] Cart add status: 200" source=console
time="2025-12-07T16:37:37Z" level=info msg="[WARMUP VU 4] Cart add status: 200" source=console
time="2025-12-07T16:37:37Z" level=info msg="[WARMUP VU 8] Cart add status: 200" source=console
time="2025-12-07T16:37:37Z" level=info msg="[WARMUP VU 19] Cart add status: 200" source=console
time="2025-12-07T16:37:37Z" level=info msg="[WARMUP VU 15] Cart add status: 200" source=console
time="2025-12-07T16:37:37Z" level=info msg="[WARMUP VU 5] Cart add status: 200" source=console
time="2025-12-07T16:37:37Z" level=info msg="[WARMUP VU 17] Cart add status: 200" source=console
time="2025-12-07T16:37:37Z" level=info msg="[WARMUP VU 9] Cart add status: 200" source=console

running (0m14.9s), 020/400 VUs, 80 complete and 0 interrupted iterations
warmup      [  75% ] 20 VUs   14.9s/20s
main_test • [   0% ] waiting  05.1s
time="2025-12-07T16:37:38Z" level=info msg="[WARMUP VU 3] Starting warmup iteration" source=console
time="2025-12-07T16:37:38Z" level=info msg="[WARMUP VU 16] Starting warmup iteration" source=console
time="2025-12-07T16:37:38Z" level=info msg="[WARMUP VU 16] Got JWT: eyJhbGciOiJSUzI1NiIs..." source=console
time="2025-12-07T16:37:38Z" level=info msg="[WARMUP VU 3] Got JWT: eyJhbGciOiJSUzI1NiIs..." source=console
time="2025-12-07T16:37:38Z" level=info msg="[WARMUP VU 6] Starting warmup iteration" source=console
time="2025-12-07T16:37:38Z" level=info msg="[WARMUP VU 6] Got JWT: eyJhbGciOiJSUzI1NiIs..." source=console
time="2025-12-07T16:37:38Z" level=info msg="[WARMUP VU 18] Starting warmup iteration" source=console
time="2025-12-07T16:37:38Z" level=info msg="[WARMUP VU 18] Got JWT: eyJhbGciOiJSUzI1NiIs..." source=console
time="2025-12-07T16:37:38Z" level=info msg="[WARMUP VU 13] Starting warmup iteration" source=console
time="2025-12-07T16:37:38Z" level=info msg="[WARMUP VU 13] Got JWT: eyJhbGciOiJSUzI1NiIs..." source=console
time="2025-12-07T16:37:38Z" level=info msg="[WARMUP VU 7] Starting warmup iteration" source=console
time="2025-12-07T16:37:38Z" level=info msg="[WARMUP VU 10] Starting warmup iteration" source=console
time="2025-12-07T16:37:38Z" level=info msg="[WARMUP VU 10] Got JWT: eyJhbGciOiJSUzI1NiIs..." source=console
time="2025-12-07T16:37:38Z" level=info msg="[WARMUP VU 7] Got JWT: eyJhbGciOiJSUzI1NiIs..." source=console
time="2025-12-07T16:37:38Z" level=info msg="[WARMUP VU 11] Starting warmup iteration" source=console
time="2025-12-07T16:37:38Z" level=info msg="[WARMUP VU 12] Starting warmup iteration" source=console
time="2025-12-07T16:37:38Z" level=info msg="[WARMUP VU 12] Got JWT: eyJhbGciOiJSUzI1NiIs..." source=console
time="2025-12-07T16:37:38Z" level=info msg="[WARMUP VU 11] Got JWT: eyJhbGciOiJSUzI1NiIs..." source=console

running (0m15.9s), 020/400 VUs, 89 complete and 0 interrupted iterations
warmup      [  80% ] 20 VUs   15.9s/20s
main_test • [   0% ] waiting  04.1s
time="2025-12-07T16:37:39Z" level=info msg="[WARMUP VU 14] Starting warmup iteration" source=console
time="2025-12-07T16:37:39Z" level=info msg="[WARMUP VU 14] Got JWT: eyJhbGciOiJSUzI1NiIs..." source=console
time="2025-12-07T16:37:39Z" level=info msg="[WARMUP VU 2] Starting warmup iteration" source=console
time="2025-12-07T16:37:39Z" level=info msg="[WARMUP VU 2] Got JWT: eyJhbGciOiJSUzI1NiIs..." source=console
time="2025-12-07T16:37:39Z" level=info msg="[WARMUP VU 21] Starting warmup iteration" source=console
time="2025-12-07T16:37:39Z" level=info msg="[WARMUP VU 21] Got JWT: eyJhbGciOiJSUzI1NiIs..." source=console
time="2025-12-07T16:37:39Z" level=info msg="[WARMUP VU 1] Starting warmup iteration" source=console
time="2025-12-07T16:37:39Z" level=info msg="[WARMUP VU 1] Got JWT: eyJhbGciOiJSUzI1NiIs..." source=console
time="2025-12-07T16:37:39Z" level=info msg="[WARMUP VU 4] Starting warmup iteration" source=console
time="2025-12-07T16:37:39Z" level=info msg="[WARMUP VU 8] Starting warmup iteration" source=console
time="2025-12-07T16:37:39Z" level=info msg="[WARMUP VU 19] Starting warmup iteration" source=console
time="2025-12-07T16:37:39Z" level=info msg="[WARMUP VU 4] Got JWT: eyJhbGciOiJSUzI1NiIs..." source=console
time="2025-12-07T16:37:39Z" level=info msg="[WARMUP VU 8] Got JWT: eyJhbGciOiJSUzI1NiIs..." source=console
time="2025-12-07T16:37:39Z" level=info msg="[WARMUP VU 19] Got JWT: eyJhbGciOiJSUzI1NiIs..." source=console
time="2025-12-07T16:37:39Z" level=info msg="[WARMUP VU 15] Starting warmup iteration" source=console
time="2025-12-07T16:37:39Z" level=info msg="[WARMUP VU 5] Starting warmup iteration" source=console
time="2025-12-07T16:37:39Z" level=info msg="[WARMUP VU 17] Starting warmup iteration" source=console
time="2025-12-07T16:37:39Z" level=info msg="[WARMUP VU 15] Got JWT: eyJhbGciOiJSUzI1NiIs..." source=console
time="2025-12-07T16:37:39Z" level=info msg="[WARMUP VU 5] Got JWT: eyJhbGciOiJSUzI1NiIs..." source=console
time="2025-12-07T16:37:39Z" level=info msg="[WARMUP VU 17] Got JWT: eyJhbGciOiJSUzI1NiIs..." source=console
time="2025-12-07T16:37:39Z" level=info msg="[WARMUP VU 9] Starting warmup iteration" source=console
time="2025-12-07T16:37:39Z" level=info msg="[WARMUP VU 9] Got JWT: eyJhbGciOiJSUzI1NiIs..." source=console
time="2025-12-07T16:37:39Z" level=info msg="[WARMUP VU 3] Cart add status: 200" source=console
time="2025-12-07T16:37:39Z" level=info msg="[WARMUP VU 16] Cart add status: 200" source=console
time="2025-12-07T16:37:39Z" level=info msg="[WARMUP VU 6] Cart add status: 200" source=console
time="2025-12-07T16:37:39Z" level=info msg="[WARMUP VU 18] Cart add status: 200" source=console
time="2025-12-07T16:37:39Z" level=info msg="[WARMUP VU 13] Cart add status: 200" source=console
time="2025-12-07T16:37:39Z" level=info msg="[WARMUP VU 7] Cart add status: 200" source=console
time="2025-12-07T16:37:39Z" level=info msg="[WARMUP VU 10] Cart add status: 200" source=console
time="2025-12-07T16:37:39Z" level=info msg="[WARMUP VU 11] Cart add status: 200" source=console
time="2025-12-07T16:37:39Z" level=info msg="[WARMUP VU 12] Cart add status: 200" source=console

running (0m16.9s), 020/400 VUs, 100 complete and 0 interrupted iterations
warmup      [  85% ] 20 VUs   16.9s/20s
main_test • [   0% ] waiting  03.1s
time="2025-12-07T16:37:40Z" level=info msg="[WARMUP VU 14] Cart add status: 200" source=console
time="2025-12-07T16:37:40Z" level=info msg="[WARMUP VU 2] Cart add status: 200" source=console
time="2025-12-07T16:37:40Z" level=info msg="[WARMUP VU 21] Cart add status: 200" source=console
time="2025-12-07T16:37:40Z" level=info msg="[WARMUP VU 1] Cart add status: 200" source=console
time="2025-12-07T16:37:40Z" level=info msg="[WARMUP VU 4] Cart add status: 200" source=console
time="2025-12-07T16:37:40Z" level=info msg="[WARMUP VU 8] Cart add status: 200" source=console
time="2025-12-07T16:37:40Z" level=info msg="[WARMUP VU 19] Cart add status: 200" source=console
time="2025-12-07T16:37:40Z" level=info msg="[WARMUP VU 15] Cart add status: 200" source=console
time="2025-12-07T16:37:40Z" level=info msg="[WARMUP VU 5] Cart add status: 200" source=console
time="2025-12-07T16:37:40Z" level=info msg="[WARMUP VU 17] Cart add status: 200" source=console
time="2025-12-07T16:37:40Z" level=info msg="[WARMUP VU 9] Cart add status: 200" source=console

running (0m17.9s), 020/400 VUs, 100 complete and 0 interrupted iterations
warmup      [  90% ] 20 VUs   17.9s/20s
main_test • [   0% ] waiting  02.1s
time="2025-12-07T16:37:41Z" level=info msg="[WARMUP VU 3] Starting warmup iteration" source=console
time="2025-12-07T16:37:41Z" level=info msg="[WARMUP VU 16] Starting warmup iteration" source=console
time="2025-12-07T16:37:41Z" level=info msg="[WARMUP VU 6] Starting warmup iteration" source=console
time="2025-12-07T16:37:41Z" level=info msg="[WARMUP VU 3] Got JWT: eyJhbGciOiJSUzI1NiIs..." source=console
time="2025-12-07T16:37:41Z" level=info msg="[WARMUP VU 16] Got JWT: eyJhbGciOiJSUzI1NiIs..." source=console
time="2025-12-07T16:37:41Z" level=info msg="[WARMUP VU 6] Got JWT: eyJhbGciOiJSUzI1NiIs..." source=console
time="2025-12-07T16:37:41Z" level=info msg="[WARMUP VU 18] Starting warmup iteration" source=console
time="2025-12-07T16:37:41Z" level=info msg="[WARMUP VU 18] Got JWT: eyJhbGciOiJSUzI1NiIs..." source=console
time="2025-12-07T16:37:41Z" level=info msg="[WARMUP VU 13] Starting warmup iteration" source=console
time="2025-12-07T16:37:41Z" level=info msg="[WARMUP VU 13] Got JWT: eyJhbGciOiJSUzI1NiIs..." source=console
time="2025-12-07T16:37:41Z" level=info msg="[WARMUP VU 7] Starting warmup iteration" source=console
time="2025-12-07T16:37:41Z" level=info msg="[WARMUP VU 10] Starting warmup iteration" source=console
time="2025-12-07T16:37:41Z" level=info msg="[WARMUP VU 7] Got JWT: eyJhbGciOiJSUzI1NiIs..." source=console
time="2025-12-07T16:37:41Z" level=info msg="[WARMUP VU 10] Got JWT: eyJhbGciOiJSUzI1NiIs..." source=console
time="2025-12-07T16:37:41Z" level=info msg="[WARMUP VU 11] Starting warmup iteration" source=console
time="2025-12-07T16:37:41Z" level=info msg="[WARMUP VU 12] Starting warmup iteration" source=console
time="2025-12-07T16:37:41Z" level=info msg="[WARMUP VU 11] Got JWT: eyJhbGciOiJSUzI1NiIs..." source=console
time="2025-12-07T16:37:41Z" level=info msg="[WARMUP VU 12] Got JWT: eyJhbGciOiJSUzI1NiIs..." source=console

running (0m18.9s), 020/400 VUs, 109 complete and 0 interrupted iterations
warmup      [  95% ] 20 VUs   18.9s/20s
main_test • [   0% ] waiting  01.1s
time="2025-12-07T16:37:42Z" level=info msg="[WARMUP VU 14] Starting warmup iteration" source=console
time="2025-12-07T16:37:42Z" level=info msg="[WARMUP VU 2] Starting warmup iteration" source=console
time="2025-12-07T16:37:42Z" level=info msg="[WARMUP VU 14] Got JWT: eyJhbGciOiJSUzI1NiIs..." source=console
time="2025-12-07T16:37:42Z" level=info msg="[WARMUP VU 2] Got JWT: eyJhbGciOiJSUzI1NiIs..." source=console
time="2025-12-07T16:37:42Z" level=info msg="[WARMUP VU 21] Starting warmup iteration" source=console
time="2025-12-07T16:37:42Z" level=info msg="[WARMUP VU 21] Got JWT: eyJhbGciOiJSUzI1NiIs..." source=console
time="2025-12-07T16:37:42Z" level=info msg="[WARMUP VU 1] Starting warmup iteration" source=console
time="2025-12-07T16:37:42Z" level=info msg="[WARMUP VU 1] Got JWT: eyJhbGciOiJSUzI1NiIs..." source=console
time="2025-12-07T16:37:42Z" level=info msg="[WARMUP VU 4] Starting warmup iteration" source=console
time="2025-12-07T16:37:42Z" level=info msg="[WARMUP VU 8] Starting warmup iteration" source=console
time="2025-12-07T16:37:42Z" level=info msg="[WARMUP VU 19] Starting warmup iteration" source=console
time="2025-12-07T16:37:42Z" level=info msg="[WARMUP VU 4] Got JWT: eyJhbGciOiJSUzI1NiIs..." source=console
time="2025-12-07T16:37:42Z" level=info msg="[WARMUP VU 8] Got JWT: eyJhbGciOiJSUzI1NiIs..." source=console
time="2025-12-07T16:37:42Z" level=info msg="[WARMUP VU 19] Got JWT: eyJhbGciOiJSUzI1NiIs..." source=console
time="2025-12-07T16:37:42Z" level=info msg="[WARMUP VU 15] Starting warmup iteration" source=console
time="2025-12-07T16:37:42Z" level=info msg="[WARMUP VU 15] Got JWT: eyJhbGciOiJSUzI1NiIs..." source=console
time="2025-12-07T16:37:42Z" level=info msg="[WARMUP VU 5] Starting warmup iteration" source=console
time="2025-12-07T16:37:42Z" level=info msg="[WARMUP VU 17] Starting warmup iteration" source=console
time="2025-12-07T16:37:42Z" level=info msg="[WARMUP VU 5] Got JWT: eyJhbGciOiJSUzI1NiIs..." source=console
time="2025-12-07T16:37:42Z" level=info msg="[WARMUP VU 17] Got JWT: eyJhbGciOiJSUzI1NiIs..." source=console
time="2025-12-07T16:37:42Z" level=info msg="[WARMUP VU 9] Starting warmup iteration" source=console
time="2025-12-07T16:37:42Z" level=info msg="[WARMUP VU 9] Got JWT: eyJhbGciOiJSUzI1NiIs..." source=console
time="2025-12-07T16:37:42Z" level=info msg="[WARMUP VU 3] Cart add status: 200" source=console
time="2025-12-07T16:37:42Z" level=info msg="[WARMUP VU 16] Cart add status: 200" source=console
time="2025-12-07T16:37:42Z" level=info msg="[WARMUP VU 6] Cart add status: 200" source=console
time="2025-12-07T16:37:42Z" level=info msg="[WARMUP VU 18] Cart add status: 200" source=console
time="2025-12-07T16:37:42Z" level=info msg="[WARMUP VU 13] Cart add status: 200" source=console
time="2025-12-07T16:37:42Z" level=info msg="[WARMUP VU 10] Cart add status: 200" source=console
time="2025-12-07T16:37:42Z" level=info msg="[WARMUP VU 7] Cart add status: 200" source=console
time="2025-12-07T16:37:42Z" level=info msg="[WARMUP VU 11] Cart add status: 200" source=console
time="2025-12-07T16:37:42Z" level=info msg="[WARMUP VU 12] Cart add status: 200" source=console

running (0m19.9s), 020/400 VUs, 120 complete and 0 interrupted iterations
warmup      [ 100% ] 20 VUs   19.9s/20s
main_test • [   0% ] waiting  00.1s
time="2025-12-07T16:37:43Z" level=info msg="[WARMUP VU 14] Cart add status: 200" source=console
time="2025-12-07T16:37:43Z" level=info msg="[WARMUP VU 2] Cart add status: 200" source=console
time="2025-12-07T16:37:43Z" level=info msg="[WARMUP VU 21] Cart add status: 200" source=console
time="2025-12-07T16:37:43Z" level=info msg="[WARMUP VU 1] Cart add status: 200" source=console
time="2025-12-07T16:37:43Z" level=info msg="[WARMUP VU 4] Cart add status: 200" source=console
time="2025-12-07T16:37:43Z" level=info msg="[WARMUP VU 19] Cart add status: 200" source=console
time="2025-12-07T16:37:43Z" level=info msg="[WARMUP VU 8] Cart add status: 200" source=console
time="2025-12-07T16:37:43Z" level=info msg="[WARMUP VU 15] Cart add status: 200" source=console
time="2025-12-07T16:37:43Z" level=info msg="[WARMUP VU 17] Cart add status: 200" source=console
time="2025-12-07T16:37:43Z" level=info msg="[WARMUP VU 5] Cart add status: 200" source=console
time="2025-12-07T16:37:43Z" level=info msg="[WARMUP VU 9] Cart add status: 200" source=console

running (0m20.9s), 026/400 VUs, 120 complete and 0 interrupted iterations
warmup    ↓ [ 100% ] 20 VUs       20s
main_test   [   0% ] 006/400 VUs  0m00.9s/6m00.0s

running (0m21.9s), 023/400 VUs, 129 complete and 0 interrupted iterations
warmup    ↓ [ 100% ] 20 VUs       20s
main_test   [   1% ] 012/400 VUs  0m01.9s/6m00.0s

running (0m22.9s), 019/400 VUs, 140 complete and 0 interrupted iterations
warmup    ✓ [ 100% ] 20 VUs       20s
main_test   [   1% ] 019/400 VUs  0m02.9s/6m00.0s

running (0m23.9s), 026/400 VUs, 140 complete and 0 interrupted iterations
warmup    ✓ [ 100% ] 20 VUs       20s
main_test   [   1% ] 026/400 VUs  0m03.9s/6m00.0s

running (0m24.9s), 032/400 VUs, 140 complete and 0 interrupted iterations
warmup    ✓ [ 100% ] 20 VUs       20s
main_test   [   1% ] 032/400 VUs  0m04.9s/6m00.0s

running (0m25.9s), 039/400 VUs, 140 complete and 0 interrupted iterations
warmup    ✓ [ 100% ] 20 VUs       20s
main_test   [   2% ] 039/400 VUs  0m05.9s/6m00.0s

running (0m26.9s), 046/400 VUs, 140 complete and 0 interrupted iterations
warmup    ✓ [ 100% ] 20 VUs       20s
main_test   [   2% ] 046/400 VUs  0m06.9s/6m00.0s

running (0m27.9s), 052/400 VUs, 140 complete and 0 interrupted iterations
warmup    ✓ [ 100% ] 20 VUs       20s
main_test   [   2% ] 052/400 VUs  0m07.9s/6m00.0s

running (0m28.9s), 059/400 VUs, 140 complete and 0 interrupted iterations
warmup    ✓ [ 100% ] 20 VUs       20s
main_test   [   2% ] 059/400 VUs  0m08.9s/6m00.0s

running (0m29.9s), 066/400 VUs, 140 complete and 0 interrupted iterations
warmup    ✓ [ 100% ] 20 VUs       20s
main_test   [   3% ] 066/400 VUs  0m09.9s/6m00.0s

running (0m30.9s), 072/400 VUs, 140 complete and 0 interrupted iterations
warmup    ✓ [ 100% ] 20 VUs       20s
main_test   [   3% ] 072/400 VUs  0m10.9s/6m00.0s

running (0m31.9s), 079/400 VUs, 140 complete and 0 interrupted iterations
warmup    ✓ [ 100% ] 20 VUs       20s
main_test   [   3% ] 079/400 VUs  0m11.9s/6m00.0s

running (0m32.9s), 086/400 VUs, 140 complete and 0 interrupted iterations
warmup    ✓ [ 100% ] 20 VUs       20s
main_test   [   4% ] 086/400 VUs  0m12.9s/6m00.0s

running (0m33.9s), 092/400 VUs, 140 complete and 0 interrupted iterations
warmup    ✓ [ 100% ] 20 VUs       20s
main_test   [   4% ] 092/400 VUs  0m13.9s/6m00.0s

running (0m34.9s), 099/400 VUs, 140 complete and 0 interrupted iterations
warmup    ✓ [ 100% ] 20 VUs       20s
main_test   [   4% ] 099/400 VUs  0m14.9s/6m00.0s

running (0m35.9s), 106/400 VUs, 140 complete and 0 interrupted iterations
warmup    ✓ [ 100% ] 20 VUs       20s
main_test   [   4% ] 106/400 VUs  0m15.9s/6m00.0s

running (0m36.9s), 112/400 VUs, 140 complete and 0 interrupted iterations
warmup    ✓ [ 100% ] 20 VUs       20s
main_test   [   5% ] 112/400 VUs  0m16.9s/6m00.0s

running (0m37.9s), 119/400 VUs, 140 complete and 0 interrupted iterations
warmup    ✓ [ 100% ] 20 VUs       20s
main_test   [   5% ] 119/400 VUs  0m17.9s/6m00.0s

running (0m38.9s), 126/400 VUs, 140 complete and 0 interrupted iterations
warmup    ✓ [ 100% ] 20 VUs       20s
main_test   [   5% ] 126/400 VUs  0m18.9s/6m00.0s

running (0m39.9s), 132/400 VUs, 140 complete and 0 interrupted iterations
warmup    ✓ [ 100% ] 20 VUs       20s
main_test   [   6% ] 132/400 VUs  0m19.9s/6m00.0s

running (0m40.9s), 139/400 VUs, 140 complete and 0 interrupted iterations
warmup    ✓ [ 100% ] 20 VUs       20s
main_test   [   6% ] 139/400 VUs  0m20.9s/6m00.0s

running (0m41.9s), 146/400 VUs, 140 complete and 0 interrupted iterations
warmup    ✓ [ 100% ] 20 VUs       20s
main_test   [   6% ] 146/400 VUs  0m21.9s/6m00.0s

running (0m42.9s), 152/400 VUs, 140 complete and 0 interrupted iterations
warmup    ✓ [ 100% ] 20 VUs       20s
main_test   [   6% ] 152/400 VUs  0m22.9s/6m00.0s

running (0m43.9s), 159/400 VUs, 140 complete and 0 interrupted iterations
warmup    ✓ [ 100% ] 20 VUs       20s
main_test   [   7% ] 159/400 VUs  0m23.9s/6m00.0s

running (0m44.9s), 166/400 VUs, 140 complete and 0 interrupted iterations
warmup    ✓ [ 100% ] 20 VUs       20s
main_test   [   7% ] 166/400 VUs  0m24.9s/6m00.0s

running (0m45.9s), 172/400 VUs, 140 complete and 0 interrupted iterations
warmup    ✓ [ 100% ] 20 VUs       20s
main_test   [   7% ] 172/400 VUs  0m25.9s/6m00.0s

running (0m46.9s), 179/400 VUs, 140 complete and 0 interrupted iterations
warmup    ✓ [ 100% ] 20 VUs       20s
main_test   [   7% ] 179/400 VUs  0m26.9s/6m00.0s

running (0m47.9s), 186/400 VUs, 140 complete and 0 interrupted iterations
warmup    ✓ [ 100% ] 20 VUs       20s
main_test   [   8% ] 186/400 VUs  0m27.9s/6m00.0s

running (0m48.9s), 192/400 VUs, 140 complete and 0 interrupted iterations
warmup    ✓ [ 100% ] 20 VUs       20s
main_test   [   8% ] 192/400 VUs  0m28.9s/6m00.0s

running (0m49.9s), 199/400 VUs, 140 complete and 0 interrupted iterations
warmup    ✓ [ 100% ] 20 VUs       20s
main_test   [   8% ] 199/400 VUs  0m29.9s/6m00.0s

running (0m50.9s), 206/400 VUs, 140 complete and 0 interrupted iterations
warmup    ✓ [ 100% ] 20 VUs       20s
main_test   [   9% ] 206/400 VUs  0m30.9s/6m00.0s

running (0m51.9s), 212/400 VUs, 140 complete and 0 interrupted iterations
warmup    ✓ [ 100% ] 20 VUs       20s
main_test   [   9% ] 212/400 VUs  0m31.9s/6m00.0s

running (0m52.9s), 219/400 VUs, 140 complete and 0 interrupted iterations
warmup    ✓ [ 100% ] 20 VUs       20s
main_test   [   9% ] 219/400 VUs  0m32.9s/6m00.0s

running (0m53.9s), 226/400 VUs, 140 complete and 0 interrupted iterations
warmup    ✓ [ 100% ] 20 VUs       20s
main_test   [   9% ] 226/400 VUs  0m33.9s/6m00.0s

running (0m54.9s), 232/400 VUs, 140 complete and 0 interrupted iterations
warmup    ✓ [ 100% ] 20 VUs       20s
main_test   [  10% ] 232/400 VUs  0m34.9s/6m00.0s

running (0m55.9s), 239/400 VUs, 140 complete and 0 interrupted iterations
warmup    ✓ [ 100% ] 20 VUs       20s
main_test   [  10% ] 239/400 VUs  0m35.9s/6m00.0s

running (0m56.9s), 246/400 VUs, 140 complete and 0 interrupted iterations
warmup    ✓ [ 100% ] 20 VUs       20s
main_test   [  10% ] 246/400 VUs  0m36.9s/6m00.0s

running (0m57.9s), 252/400 VUs, 140 complete and 0 interrupted iterations
warmup    ✓ [ 100% ] 20 VUs       20s
main_test   [  11% ] 252/400 VUs  0m37.9s/6m00.0s

running (0m58.9s), 259/400 VUs, 140 complete and 0 interrupted iterations
warmup    ✓ [ 100% ] 20 VUs       20s
main_test   [  11% ] 259/400 VUs  0m38.9s/6m00.0s

running (0m59.9s), 266/400 VUs, 140 complete and 0 interrupted iterations
warmup    ✓ [ 100% ] 20 VUs       20s
main_test   [  11% ] 266/400 VUs  0m39.9s/6m00.0s

running (1m00.9s), 272/400 VUs, 140 complete and 0 interrupted iterations
warmup    ✓ [ 100% ] 20 VUs       20s
main_test   [  11% ] 272/400 VUs  0m40.9s/6m00.0s

running (1m01.9s), 279/400 VUs, 140 complete and 0 interrupted iterations
warmup    ✓ [ 100% ] 20 VUs       20s
main_test   [  12% ] 279/400 VUs  0m41.9s/6m00.0s

running (1m02.9s), 286/400 VUs, 140 complete and 0 interrupted iterations
warmup    ✓ [ 100% ] 20 VUs       20s
main_test   [  12% ] 286/400 VUs  0m42.9s/6m00.0s

running (1m03.9s), 292/400 VUs, 140 complete and 0 interrupted iterations
warmup    ✓ [ 100% ] 20 VUs       20s
main_test   [  12% ] 292/400 VUs  0m43.9s/6m00.0s

running (1m04.9s), 299/400 VUs, 140 complete and 0 interrupted iterations
warmup    ✓ [ 100% ] 20 VUs       20s
main_test   [  12% ] 299/400 VUs  0m44.9s/6m00.0s

running (1m05.9s), 306/400 VUs, 140 complete and 0 interrupted iterations
warmup    ✓ [ 100% ] 20 VUs       20s
main_test   [  13% ] 306/400 VUs  0m45.9s/6m00.0s

running (1m06.9s), 312/400 VUs, 140 complete and 0 interrupted iterations
warmup    ✓ [ 100% ] 20 VUs       20s
main_test   [  13% ] 312/400 VUs  0m46.9s/6m00.0s

running (1m07.9s), 319/400 VUs, 140 complete and 0 interrupted iterations
warmup    ✓ [ 100% ] 20 VUs       20s
main_test   [  13% ] 319/400 VUs  0m47.9s/6m00.0s

running (1m08.9s), 326/400 VUs, 140 complete and 0 interrupted iterations
warmup    ✓ [ 100% ] 20 VUs       20s
main_test   [  14% ] 326/400 VUs  0m48.9s/6m00.0s

running (1m09.9s), 332/400 VUs, 140 complete and 0 interrupted iterations
warmup    ✓ [ 100% ] 20 VUs       20s
main_test   [  14% ] 332/400 VUs  0m49.9s/6m00.0s

running (1m10.9s), 339/400 VUs, 140 complete and 0 interrupted iterations
warmup    ✓ [ 100% ] 20 VUs       20s
main_test   [  14% ] 339/400 VUs  0m50.9s/6m00.0s

running (1m11.9s), 346/400 VUs, 140 complete and 0 interrupted iterations
warmup    ✓ [ 100% ] 20 VUs       20s
main_test   [  14% ] 346/400 VUs  0m51.9s/6m00.0s

running (1m12.9s), 352/400 VUs, 140 complete and 0 interrupted iterations
warmup    ✓ [ 100% ] 20 VUs       20s
main_test   [  15% ] 352/400 VUs  0m52.9s/6m00.0s

running (1m13.9s), 359/400 VUs, 140 complete and 0 interrupted iterations
warmup    ✓ [ 100% ] 20 VUs       20s
main_test   [  15% ] 359/400 VUs  0m53.9s/6m00.0s

running (1m14.9s), 366/400 VUs, 140 complete and 0 interrupted iterations
warmup    ✓ [ 100% ] 20 VUs       20s
main_test   [  15% ] 366/400 VUs  0m54.9s/6m00.0s

running (1m15.9s), 372/400 VUs, 140 complete and 0 interrupted iterations
warmup    ✓ [ 100% ] 20 VUs       20s
main_test   [  16% ] 372/400 VUs  0m55.9s/6m00.0s

running (1m16.9s), 379/400 VUs, 140 complete and 0 interrupted iterations
warmup    ✓ [ 100% ] 20 VUs       20s
main_test   [  16% ] 379/400 VUs  0m56.9s/6m00.0s

running (1m17.9s), 386/400 VUs, 140 complete and 0 interrupted iterations
warmup    ✓ [ 100% ] 20 VUs       20s
main_test   [  16% ] 386/400 VUs  0m57.9s/6m00.0s

running (1m18.9s), 392/400 VUs, 140 complete and 0 interrupted iterations
warmup    ✓ [ 100% ] 20 VUs       20s
main_test   [  16% ] 392/400 VUs  0m58.9s/6m00.0s

running (1m19.9s), 399/400 VUs, 140 complete and 0 interrupted iterations
warmup    ✓ [ 100% ] 20 VUs       20s
main_test   [  17% ] 399/400 VUs  0m59.9s/6m00.0s

running (1m20.9s), 400/400 VUs, 140 complete and 0 interrupted iterations
warmup    ✓ [ 100% ] 20 VUs       20s
main_test   [  17% ] 400/400 VUs  1m00.9s/6m00.0s

running (1m21.9s), 400/400 VUs, 140 complete and 0 interrupted iterations
warmup    ✓ [ 100% ] 20 VUs       20s
main_test   [  17% ] 400/400 VUs  1m01.9s/6m00.0s

running (1m22.9s), 400/400 VUs, 140 complete and 0 interrupted iterations
warmup    ✓ [ 100% ] 20 VUs       20s
main_test   [  17% ] 400/400 VUs  1m02.9s/6m00.0s

running (1m23.9s), 400/400 VUs, 140 complete and 0 interrupted iterations
warmup    ✓ [ 100% ] 20 VUs       20s
main_test   [  18% ] 400/400 VUs  1m03.9s/6m00.0s

running (1m24.9s), 400/400 VUs, 140 complete and 0 interrupted iterations
warmup    ✓ [ 100% ] 20 VUs       20s
main_test   [  18% ] 400/400 VUs  1m04.9s/6m00.0s

running (1m25.9s), 400/400 VUs, 140 complete and 0 interrupted iterations
warmup    ✓ [ 100% ] 20 VUs       20s
main_test   [  18% ] 400/400 VUs  1m05.9s/6m00.0s

running (1m26.9s), 400/400 VUs, 140 complete and 0 interrupted iterations
warmup    ✓ [ 100% ] 20 VUs       20s
main_test   [  19% ] 400/400 VUs  1m06.9s/6m00.0s

running (1m27.9s), 400/400 VUs, 140 complete and 0 interrupted iterations
warmup    ✓ [ 100% ] 20 VUs       20s
main_test   [  19% ] 400/400 VUs  1m07.9s/6m00.0s

running (1m28.9s), 400/400 VUs, 140 complete and 0 interrupted iterations
warmup    ✓ [ 100% ] 20 VUs       20s
main_test   [  19% ] 400/400 VUs  1m08.9s/6m00.0s

running (1m29.9s), 400/400 VUs, 140 complete and 0 interrupted iterations
warmup    ✓ [ 100% ] 20 VUs       20s
main_test   [  19% ] 400/400 VUs  1m09.9s/6m00.0s

running (1m30.9s), 400/400 VUs, 140 complete and 0 interrupted iterations
warmup    ✓ [ 100% ] 20 VUs       20s
main_test   [  20% ] 400/400 VUs  1m10.9s/6m00.0s

running (1m31.9s), 400/400 VUs, 140 complete and 0 interrupted iterations
warmup    ✓ [ 100% ] 20 VUs       20s
main_test   [  20% ] 400/400 VUs  1m11.9s/6m00.0s

running (1m32.9s), 400/400 VUs, 140 complete and 0 interrupted iterations
warmup    ✓ [ 100% ] 20 VUs       20s
main_test   [  20% ] 400/400 VUs  1m12.9s/6m00.0s

running (1m33.9s), 400/400 VUs, 140 complete and 0 interrupted iterations
warmup    ✓ [ 100% ] 20 VUs       20s
main_test   [  21% ] 400/400 VUs  1m13.9s/6m00.0s

running (1m34.9s), 400/400 VUs, 140 complete and 0 interrupted iterations
warmup    ✓ [ 100% ] 20 VUs       20s
main_test   [  21% ] 400/400 VUs  1m14.9s/6m00.0s

running (1m35.9s), 400/400 VUs, 140 complete and 0 interrupted iterations
warmup    ✓ [ 100% ] 20 VUs       20s
main_test   [  21% ] 400/400 VUs  1m15.9s/6m00.0s

running (1m36.9s), 400/400 VUs, 140 complete and 0 interrupted iterations
warmup    ✓ [ 100% ] 20 VUs       20s
main_test   [  21% ] 400/400 VUs  1m16.9s/6m00.0s

running (1m37.9s), 400/400 VUs, 140 complete and 0 interrupted iterations
warmup    ✓ [ 100% ] 20 VUs       20s
main_test   [  22% ] 400/400 VUs  1m17.9s/6m00.0s

running (1m38.9s), 400/400 VUs, 140 complete and 0 interrupted iterations
warmup    ✓ [ 100% ] 20 VUs       20s
main_test   [  22% ] 400/400 VUs  1m18.9s/6m00.0s

running (1m39.9s), 400/400 VUs, 140 complete and 0 interrupted iterations
warmup    ✓ [ 100% ] 20 VUs       20s
main_test   [  22% ] 400/400 VUs  1m19.9s/6m00.0s

running (1m40.9s), 400/400 VUs, 140 complete and 0 interrupted iterations
warmup    ✓ [ 100% ] 20 VUs       20s
main_test   [  22% ] 400/400 VUs  1m20.9s/6m00.0s

running (1m41.9s), 400/400 VUs, 140 complete and 0 interrupted iterations
warmup    ✓ [ 100% ] 20 VUs       20s
main_test   [  23% ] 400/400 VUs  1m21.9s/6m00.0s

running (1m42.9s), 400/400 VUs, 140 complete and 0 interrupted iterations
warmup    ✓ [ 100% ] 20 VUs       20s
main_test   [  23% ] 400/400 VUs  1m22.9s/6m00.0s

running (1m43.9s), 400/400 VUs, 140 complete and 0 interrupted iterations
warmup    ✓ [ 100% ] 20 VUs       20s
main_test   [  23% ] 400/400 VUs  1m23.9s/6m00.0s

running (1m44.9s), 400/400 VUs, 140 complete and 0 interrupted iterations
warmup    ✓ [ 100% ] 20 VUs       20s
main_test   [  24% ] 400/400 VUs  1m24.9s/6m00.0s

running (1m45.9s), 400/400 VUs, 140 complete and 0 interrupted iterations
warmup    ✓ [ 100% ] 20 VUs       20s
main_test   [  24% ] 400/400 VUs  1m25.9s/6m00.0s

running (1m46.9s), 400/400 VUs, 140 complete and 0 interrupted iterations
warmup    ✓ [ 100% ] 20 VUs       20s
main_test   [  24% ] 400/400 VUs  1m26.9s/6m00.0s

running (1m47.9s), 400/400 VUs, 140 complete and 0 interrupted iterations
warmup    ✓ [ 100% ] 20 VUs       20s
main_test   [  24% ] 400/400 VUs  1m27.9s/6m00.0s

running (1m48.9s), 400/400 VUs, 140 complete and 0 interrupted iterations
warmup    ✓ [ 100% ] 20 VUs       20s
main_test   [  25% ] 400/400 VUs  1m28.9s/6m00.0s

running (1m49.9s), 400/400 VUs, 140 complete and 0 interrupted iterations
warmup    ✓ [ 100% ] 20 VUs       20s
main_test   [  25% ] 400/400 VUs  1m29.9s/6m00.0s

running (1m50.9s), 400/400 VUs, 140 complete and 0 interrupted iterations
warmup    ✓ [ 100% ] 20 VUs       20s
main_test   [  25% ] 400/400 VUs  1m30.9s/6m00.0s

running (1m51.9s), 400/400 VUs, 140 complete and 0 interrupted iterations
warmup    ✓ [ 100% ] 20 VUs       20s
main_test   [  26% ] 400/400 VUs  1m31.9s/6m00.0s

running (1m52.9s), 400/400 VUs, 140 complete and 0 interrupted iterations
warmup    ✓ [ 100% ] 20 VUs       20s
main_test   [  26% ] 400/400 VUs  1m32.9s/6m00.0s

running (1m53.9s), 400/400 VUs, 140 complete and 0 interrupted iterations
warmup    ✓ [ 100% ] 20 VUs       20s
main_test   [  26% ] 400/400 VUs  1m33.9s/6m00.0s

running (1m54.9s), 400/400 VUs, 140 complete and 0 interrupted iterations
warmup    ✓ [ 100% ] 20 VUs       20s
main_test   [  26% ] 400/400 VUs  1m34.9s/6m00.0s

running (1m55.9s), 400/400 VUs, 140 complete and 0 interrupted iterations
warmup    ✓ [ 100% ] 20 VUs       20s
main_test   [  27% ] 400/400 VUs  1m35.9s/6m00.0s

running (1m56.9s), 400/400 VUs, 140 complete and 0 interrupted iterations
warmup    ✓ [ 100% ] 20 VUs       20s
main_test   [  27% ] 400/400 VUs  1m36.9s/6m00.0s

running (1m57.9s), 400/400 VUs, 140 complete and 0 interrupted iterations
warmup    ✓ [ 100% ] 20 VUs       20s
main_test   [  27% ] 400/400 VUs  1m37.9s/6m00.0s

running (1m58.9s), 400/400 VUs, 140 complete and 0 interrupted iterations
warmup    ✓ [ 100% ] 20 VUs       20s
main_test   [  27% ] 400/400 VUs  1m38.9s/6m00.0s

running (1m59.9s), 400/400 VUs, 140 complete and 0 interrupted iterations
warmup    ✓ [ 100% ] 20 VUs       20s
main_test   [  28% ] 400/400 VUs  1m39.9s/6m00.0s

running (2m00.9s), 400/400 VUs, 140 complete and 0 interrupted iterations
warmup    ✓ [ 100% ] 20 VUs       20s
main_test   [  28% ] 400/400 VUs  1m40.9s/6m00.0s

running (2m01.9s), 400/400 VUs, 140 complete and 0 interrupted iterations
warmup    ✓ [ 100% ] 20 VUs       20s
main_test   [  28% ] 400/400 VUs  1m41.9s/6m00.0s

running (2m02.9s), 400/400 VUs, 140 complete and 0 interrupted iterations
warmup    ✓ [ 100% ] 20 VUs       20s
main_test   [  29% ] 400/400 VUs  1m42.9s/6m00.0s

running (2m03.9s), 400/400 VUs, 140 complete and 0 interrupted iterations
warmup    ✓ [ 100% ] 20 VUs       20s
main_test   [  29% ] 400/400 VUs  1m43.9s/6m00.0s

running (2m04.9s), 400/400 VUs, 140 complete and 0 interrupted iterations
warmup    ✓ [ 100% ] 20 VUs       20s
main_test   [  29% ] 400/400 VUs  1m44.9s/6m00.0s

running (2m05.9s), 400/400 VUs, 140 complete and 0 interrupted iterations
warmup    ✓ [ 100% ] 20 VUs       20s
main_test   [  29% ] 400/400 VUs  1m45.9s/6m00.0s

running (2m06.9s), 400/400 VUs, 140 complete and 0 interrupted iterations
warmup    ✓ [ 100% ] 20 VUs       20s
main_test   [  30% ] 400/400 VUs  1m46.9s/6m00.0s

running (2m07.9s), 400/400 VUs, 140 complete and 0 interrupted iterations
warmup    ✓ [ 100% ] 20 VUs       20s
main_test   [  30% ] 400/400 VUs  1m47.9s/6m00.0s

running (2m08.9s), 400/400 VUs, 140 complete and 0 interrupted iterations
warmup    ✓ [ 100% ] 20 VUs       20s
main_test   [  30% ] 400/400 VUs  1m48.9s/6m00.0s

running (2m09.9s), 400/400 VUs, 140 complete and 0 interrupted iterations
warmup    ✓ [ 100% ] 20 VUs       20s
main_test   [  31% ] 400/400 VUs  1m49.9s/6m00.0s

running (2m10.9s), 400/400 VUs, 140 complete and 0 interrupted iterations
warmup    ✓ [ 100% ] 20 VUs       20s
main_test   [  31% ] 400/400 VUs  1m50.9s/6m00.0s

running (2m11.9s), 400/400 VUs, 140 complete and 0 interrupted iterations
warmup    ✓ [ 100% ] 20 VUs       20s
main_test   [  31% ] 400/400 VUs  1m51.9s/6m00.0s

running (2m12.9s), 400/400 VUs, 140 complete and 0 interrupted iterations
warmup    ✓ [ 100% ] 20 VUs       20s
main_test   [  31% ] 400/400 VUs  1m52.9s/6m00.0s

running (2m13.9s), 400/400 VUs, 140 complete and 0 interrupted iterations
warmup    ✓ [ 100% ] 20 VUs       20s
main_test   [  32% ] 400/400 VUs  1m53.9s/6m00.0s

running (2m14.9s), 400/400 VUs, 140 complete and 0 interrupted iterations
warmup    ✓ [ 100% ] 20 VUs       20s
main_test   [  32% ] 400/400 VUs  1m54.9s/6m00.0s

running (2m15.9s), 400/400 VUs, 140 complete and 0 interrupted iterations
warmup    ✓ [ 100% ] 20 VUs       20s
main_test   [  32% ] 400/400 VUs  1m55.9s/6m00.0s

running (2m16.9s), 400/400 VUs, 140 complete and 0 interrupted iterations
warmup    ✓ [ 100% ] 20 VUs       20s
main_test   [  32% ] 400/400 VUs  1m56.9s/6m00.0s

running (2m17.9s), 400/400 VUs, 140 complete and 0 interrupted iterations
warmup    ✓ [ 100% ] 20 VUs       20s
main_test   [  33% ] 400/400 VUs  1m57.9s/6m00.0s

running (2m18.9s), 400/400 VUs, 140 complete and 0 interrupted iterations
warmup    ✓ [ 100% ] 20 VUs       20s
main_test   [  33% ] 400/400 VUs  1m58.9s/6m00.0s

running (2m19.9s), 400/400 VUs, 140 complete and 0 interrupted iterations
warmup    ✓ [ 100% ] 20 VUs       20s
main_test   [  33% ] 400/400 VUs  1m59.9s/6m00.0s

running (2m20.9s), 400/400 VUs, 140 complete and 0 interrupted iterations
warmup    ✓ [ 100% ] 20 VUs       20s
main_test   [  34% ] 400/400 VUs  2m00.9s/6m00.0s

running (2m21.9s), 400/400 VUs, 140 complete and 0 interrupted iterations
warmup    ✓ [ 100% ] 20 VUs       20s
main_test   [  34% ] 400/400 VUs  2m01.9s/6m00.0s

running (2m22.9s), 400/400 VUs, 140 complete and 0 interrupted iterations
warmup    ✓ [ 100% ] 20 VUs       20s
main_test   [  34% ] 400/400 VUs  2m02.9s/6m00.0s

running (2m23.9s), 400/400 VUs, 140 complete and 0 interrupted iterations
warmup    ✓ [ 100% ] 20 VUs       20s
main_test   [  34% ] 400/400 VUs  2m03.9s/6m00.0s

running (2m24.9s), 400/400 VUs, 140 complete and 0 interrupted iterations
warmup    ✓ [ 100% ] 20 VUs       20s
main_test   [  35% ] 400/400 VUs  2m04.9s/6m00.0s

running (2m25.9s), 400/400 VUs, 140 complete and 0 interrupted iterations
warmup    ✓ [ 100% ] 20 VUs       20s
main_test   [  35% ] 400/400 VUs  2m05.9s/6m00.0s

running (2m26.9s), 400/400 VUs, 140 complete and 0 interrupted iterations
warmup    ✓ [ 100% ] 20 VUs       20s
main_test   [  35% ] 400/400 VUs  2m06.9s/6m00.0s

running (2m27.9s), 400/400 VUs, 140 complete and 0 interrupted iterations
warmup    ✓ [ 100% ] 20 VUs       20s
main_test   [  36% ] 400/400 VUs  2m07.9s/6m00.0s

running (2m28.9s), 400/400 VUs, 140 complete and 0 interrupted iterations
warmup    ✓ [ 100% ] 20 VUs       20s
main_test   [  36% ] 400/400 VUs  2m08.9s/6m00.0s

running (2m29.9s), 400/400 VUs, 140 complete and 0 interrupted iterations
warmup    ✓ [ 100% ] 20 VUs       20s
main_test   [  36% ] 400/400 VUs  2m09.9s/6m00.0s

running (2m30.9s), 400/400 VUs, 140 complete and 0 interrupted iterations
warmup    ✓ [ 100% ] 20 VUs       20s
main_test   [  36% ] 400/400 VUs  2m10.9s/6m00.0s

running (2m31.9s), 400/400 VUs, 140 complete and 0 interrupted iterations
warmup    ✓ [ 100% ] 20 VUs       20s
main_test   [  37% ] 400/400 VUs  2m11.9s/6m00.0s

running (2m32.9s), 400/400 VUs, 140 complete and 0 interrupted iterations
warmup    ✓ [ 100% ] 20 VUs       20s
main_test   [  37% ] 400/400 VUs  2m12.9s/6m00.0s

running (2m33.9s), 400/400 VUs, 140 complete and 0 interrupted iterations
warmup    ✓ [ 100% ] 20 VUs       20s
main_test   [  37% ] 400/400 VUs  2m13.9s/6m00.0s

running (2m34.9s), 400/400 VUs, 140 complete and 0 interrupted iterations
warmup    ✓ [ 100% ] 20 VUs       20s
main_test   [  37% ] 400/400 VUs  2m14.9s/6m00.0s

running (2m35.9s), 400/400 VUs, 140 complete and 0 interrupted iterations
warmup    ✓ [ 100% ] 20 VUs       20s
main_test   [  38% ] 400/400 VUs  2m15.9s/6m00.0s

running (2m36.9s), 400/400 VUs, 145 complete and 0 interrupted iterations
warmup    ✓ [ 100% ] 20 VUs       20s
main_test   [  38% ] 400/400 VUs  2m16.9s/6m00.0s

running (2m37.9s), 400/400 VUs, 152 complete and 0 interrupted iterations
warmup    ✓ [ 100% ] 20 VUs       20s
main_test   [  38% ] 400/400 VUs  2m17.9s/6m00.0s

running (2m38.9s), 400/400 VUs, 158 complete and 0 interrupted iterations
warmup    ✓ [ 100% ] 20 VUs       20s
main_test   [  39% ] 400/400 VUs  2m18.9s/6m00.0s

running (2m39.9s), 400/400 VUs, 164 complete and 0 interrupted iterations
warmup    ✓ [ 100% ] 20 VUs       20s
main_test   [  39% ] 400/400 VUs  2m19.9s/6m00.0s

running (2m40.9s), 400/400 VUs, 170 complete and 0 interrupted iterations
warmup    ✓ [ 100% ] 20 VUs       20s
main_test   [  39% ] 400/400 VUs  2m20.9s/6m00.0s

running (2m41.9s), 400/400 VUs, 176 complete and 0 interrupted iterations
warmup    ✓ [ 100% ] 20 VUs       20s
main_test   [  39% ] 400/400 VUs  2m21.9s/6m00.0s

running (2m42.9s), 400/400 VUs, 182 complete and 0 interrupted iterations
warmup    ✓ [ 100% ] 20 VUs       20s
main_test   [  40% ] 400/400 VUs  2m22.9s/6m00.0s

running (2m43.9s), 400/400 VUs, 188 complete and 0 interrupted iterations
warmup    ✓ [ 100% ] 20 VUs       20s
main_test   [  40% ] 400/400 VUs  2m23.9s/6m00.0s

running (2m44.9s), 400/400 VUs, 194 complete and 0 interrupted iterations
warmup    ✓ [ 100% ] 20 VUs       20s
main_test   [  40% ] 400/400 VUs  2m24.9s/6m00.0s

running (2m45.9s), 400/400 VUs, 200 complete and 0 interrupted iterations
warmup    ✓ [ 100% ] 20 VUs       20s
main_test   [  41% ] 400/400 VUs  2m25.9s/6m00.0s

running (2m46.9s), 400/400 VUs, 206 complete and 0 interrupted iterations
warmup    ✓ [ 100% ] 20 VUs       20s
main_test   [  41% ] 400/400 VUs  2m26.9s/6m00.0s

running (2m47.9s), 400/400 VUs, 212 complete and 0 interrupted iterations
warmup    ✓ [ 100% ] 20 VUs       20s
main_test   [  41% ] 400/400 VUs  2m27.9s/6m00.0s

running (2m48.9s), 400/400 VUs, 217 complete and 0 interrupted iterations
warmup    ✓ [ 100% ] 20 VUs       20s
main_test   [  41% ] 400/400 VUs  2m28.9s/6m00.0s

running (2m49.9s), 400/400 VUs, 225 complete and 0 interrupted iterations
warmup    ✓ [ 100% ] 20 VUs       20s
main_test   [  42% ] 400/400 VUs  2m29.9s/6m00.0s

running (2m50.9s), 400/400 VUs, 231 complete and 0 interrupted iterations
warmup    ✓ [ 100% ] 20 VUs       20s
main_test   [  42% ] 400/400 VUs  2m30.9s/6m00.0s

running (2m51.9s), 400/400 VUs, 239 complete and 0 interrupted iterations
warmup    ✓ [ 100% ] 20 VUs       20s
main_test   [  42% ] 400/400 VUs  2m31.9s/6m00.0s

running (2m52.9s), 400/400 VUs, 245 complete and 0 interrupted iterations
warmup    ✓ [ 100% ] 20 VUs       20s
main_test   [  42% ] 400/400 VUs  2m32.9s/6m00.0s

running (2m53.9s), 400/400 VUs, 251 complete and 0 interrupted iterations
warmup    ✓ [ 100% ] 20 VUs       20s
main_test   [  43% ] 400/400 VUs  2m33.9s/6m00.0s

running (2m54.9s), 400/400 VUs, 257 complete and 0 interrupted iterations
warmup    ✓ [ 100% ] 20 VUs       20s
main_test   [  43% ] 400/400 VUs  2m34.9s/6m00.0s

running (2m55.9s), 400/400 VUs, 264 complete and 0 interrupted iterations
warmup    ✓ [ 100% ] 20 VUs       20s
main_test   [  43% ] 400/400 VUs  2m35.9s/6m00.0s

running (2m56.9s), 400/400 VUs, 269 complete and 0 interrupted iterations
warmup    ✓ [ 100% ] 20 VUs       20s
main_test   [  44% ] 400/400 VUs  2m36.9s/6m00.0s

running (2m57.9s), 400/400 VUs, 276 complete and 0 interrupted iterations
warmup    ✓ [ 100% ] 20 VUs       20s
main_test   [  44% ] 400/400 VUs  2m37.9s/6m00.0s

running (2m58.9s), 400/400 VUs, 284 complete and 0 interrupted iterations
warmup    ✓ [ 100% ] 20 VUs       20s
main_test   [  44% ] 400/400 VUs  2m38.9s/6m00.0s

running (2m59.9s), 400/400 VUs, 292 complete and 0 interrupted iterations
warmup    ✓ [ 100% ] 20 VUs       20s
main_test   [  44% ] 400/400 VUs  2m39.9s/6m00.0s

running (3m00.9s), 400/400 VUs, 297 complete and 0 interrupted iterations
warmup    ✓ [ 100% ] 20 VUs       20s
main_test   [  45% ] 400/400 VUs  2m40.9s/6m00.0s

running (3m01.9s), 400/400 VUs, 302 complete and 0 interrupted iterations
warmup    ✓ [ 100% ] 20 VUs       20s
main_test   [  45% ] 400/400 VUs  2m41.9s/6m00.0s

running (3m02.9s), 400/400 VUs, 310 complete and 0 interrupted iterations
warmup    ✓ [ 100% ] 20 VUs       20s
main_test   [  45% ] 400/400 VUs  2m42.9s/6m00.0s

running (3m03.9s), 400/400 VUs, 318 complete and 0 interrupted iterations
warmup    ✓ [ 100% ] 20 VUs       20s
main_test   [  46% ] 400/400 VUs  2m43.9s/6m00.0s

running (3m04.9s), 400/400 VUs, 322 complete and 0 interrupted iterations
warmup    ✓ [ 100% ] 20 VUs       20s
main_test   [  46% ] 400/400 VUs  2m44.9s/6m00.0s

running (3m05.9s), 400/400 VUs, 330 complete and 0 interrupted iterations
warmup    ✓ [ 100% ] 20 VUs       20s
main_test   [  46% ] 400/400 VUs  2m45.9s/6m00.0s

running (3m06.9s), 400/400 VUs, 336 complete and 0 interrupted iterations
warmup    ✓ [ 100% ] 20 VUs       20s
main_test   [  46% ] 400/400 VUs  2m46.9s/6m00.0s

running (3m07.9s), 400/400 VUs, 342 complete and 0 interrupted iterations
warmup    ✓ [ 100% ] 20 VUs       20s
main_test   [  47% ] 400/400 VUs  2m47.9s/6m00.0s

running (3m08.9s), 400/400 VUs, 349 complete and 0 interrupted iterations
warmup    ✓ [ 100% ] 20 VUs       20s
main_test   [  47% ] 400/400 VUs  2m48.9s/6m00.0s

running (3m09.9s), 400/400 VUs, 356 complete and 0 interrupted iterations
warmup    ✓ [ 100% ] 20 VUs       20s
main_test   [  47% ] 400/400 VUs  2m49.9s/6m00.0s

running (3m10.9s), 400/400 VUs, 362 complete and 0 interrupted iterations
warmup    ✓ [ 100% ] 20 VUs       20s
main_test   [  47% ] 400/400 VUs  2m50.9s/6m00.0s

running (3m11.9s), 400/400 VUs, 369 complete and 0 interrupted iterations
warmup    ✓ [ 100% ] 20 VUs       20s
main_test   [  48% ] 400/400 VUs  2m51.9s/6m00.0s

running (3m12.9s), 400/400 VUs, 375 complete and 0 interrupted iterations
warmup    ✓ [ 100% ] 20 VUs       20s
main_test   [  48% ] 400/400 VUs  2m52.9s/6m00.0s

running (3m13.9s), 400/400 VUs, 382 complete and 0 interrupted iterations
warmup    ✓ [ 100% ] 20 VUs       20s
main_test   [  48% ] 400/400 VUs  2m53.9s/6m00.0s

running (3m14.9s), 400/400 VUs, 388 complete and 0 interrupted iterations
warmup    ✓ [ 100% ] 20 VUs       20s
main_test   [  49% ] 400/400 VUs  2m54.9s/6m00.0s

running (3m15.9s), 400/400 VUs, 397 complete and 0 interrupted iterations
warmup    ✓ [ 100% ] 20 VUs       20s
main_test   [  49% ] 400/400 VUs  2m55.9s/6m00.0s

running (3m16.9s), 400/400 VUs, 401 complete and 0 interrupted iterations
warmup    ✓ [ 100% ] 20 VUs       20s
main_test   [  49% ] 400/400 VUs  2m56.9s/6m00.0s

running (3m17.9s), 400/400 VUs, 409 complete and 0 interrupted iterations
warmup    ✓ [ 100% ] 20 VUs       20s
main_test   [  49% ] 400/400 VUs  2m57.9s/6m00.0s

running (3m18.9s), 400/400 VUs, 414 complete and 0 interrupted iterations
warmup    ✓ [ 100% ] 20 VUs       20s
main_test   [  50% ] 400/400 VUs  2m58.9s/6m00.0s

running (3m19.9s), 400/400 VUs, 422 complete and 0 interrupted iterations
warmup    ✓ [ 100% ] 20 VUs       20s
main_test   [  50% ] 400/400 VUs  2m59.9s/6m00.0s

running (3m20.9s), 400/400 VUs, 427 complete and 0 interrupted iterations
warmup    ✓ [ 100% ] 20 VUs       20s
main_test   [  50% ] 400/400 VUs  3m00.9s/6m00.0s

running (3m21.9s), 400/400 VUs, 435 complete and 0 interrupted iterations
warmup    ✓ [ 100% ] 20 VUs       20s
main_test   [  51% ] 400/400 VUs  3m01.9s/6m00.0s

running (3m22.9s), 400/400 VUs, 441 complete and 0 interrupted iterations
warmup    ✓ [ 100% ] 20 VUs       20s
main_test   [  51% ] 400/400 VUs  3m02.9s/6m00.0s

running (3m23.9s), 400/400 VUs, 449 complete and 0 interrupted iterations
warmup    ✓ [ 100% ] 20 VUs       20s
main_test   [  51% ] 400/400 VUs  3m03.9s/6m00.0s

running (3m24.9s), 400/400 VUs, 455 complete and 0 interrupted iterations
warmup    ✓ [ 100% ] 20 VUs       20s
main_test   [  51% ] 400/400 VUs  3m04.9s/6m00.0s

running (3m25.9s), 400/400 VUs, 461 complete and 0 interrupted iterations
warmup    ✓ [ 100% ] 20 VUs       20s
main_test   [  52% ] 400/400 VUs  3m05.9s/6m00.0s

running (3m26.9s), 400/400 VUs, 469 complete and 0 interrupted iterations
warmup    ✓ [ 100% ] 20 VUs       20s
main_test   [  52% ] 400/400 VUs  3m06.9s/6m00.0s

running (3m27.9s), 400/400 VUs, 475 complete and 0 interrupted iterations
warmup    ✓ [ 100% ] 20 VUs       20s
main_test   [  52% ] 400/400 VUs  3m07.9s/6m00.0s

running (3m28.9s), 400/400 VUs, 481 complete and 0 interrupted iterations
warmup    ✓ [ 100% ] 20 VUs       20s
main_test   [  52% ] 400/400 VUs  3m08.9s/6m00.0s

running (3m29.9s), 400/400 VUs, 489 complete and 0 interrupted iterations
warmup    ✓ [ 100% ] 20 VUs       20s
main_test   [  53% ] 400/400 VUs  3m09.9s/6m00.0s

running (3m30.9s), 400/400 VUs, 498 complete and 0 interrupted iterations
warmup    ✓ [ 100% ] 20 VUs       20s
main_test   [  53% ] 400/400 VUs  3m10.9s/6m00.0s

running (3m31.9s), 400/400 VUs, 504 complete and 0 interrupted iterations
warmup    ✓ [ 100% ] 20 VUs       20s
main_test   [  53% ] 400/400 VUs  3m11.9s/6m00.0s

running (3m32.9s), 400/400 VUs, 511 complete and 0 interrupted iterations
warmup    ✓ [ 100% ] 20 VUs       20s
main_test   [  54% ] 400/400 VUs  3m12.9s/6m00.0s

running (3m33.9s), 400/400 VUs, 518 complete and 0 interrupted iterations
warmup    ✓ [ 100% ] 20 VUs       20s
main_test   [  54% ] 400/400 VUs  3m13.9s/6m00.0s

running (3m34.9s), 400/400 VUs, 523 complete and 0 interrupted iterations
warmup    ✓ [ 100% ] 20 VUs       20s
main_test   [  54% ] 400/400 VUs  3m14.9s/6m00.0s

running (3m35.9s), 400/400 VUs, 534 complete and 0 interrupted iterations
warmup    ✓ [ 100% ] 20 VUs       20s
main_test   [  54% ] 400/400 VUs  3m15.9s/6m00.0s

running (3m36.9s), 400/400 VUs, 540 complete and 0 interrupted iterations
warmup    ✓ [ 100% ] 20 VUs       20s
main_test   [  55% ] 400/400 VUs  3m16.9s/6m00.0s

running (3m37.9s), 400/400 VUs, 540 complete and 0 interrupted iterations
warmup    ✓ [ 100% ] 20 VUs       20s
main_test   [  55% ] 400/400 VUs  3m17.9s/6m00.0s

running (3m38.9s), 400/400 VUs, 540 complete and 0 interrupted iterations
warmup    ✓ [ 100% ] 20 VUs       20s
main_test   [  55% ] 400/400 VUs  3m18.9s/6m00.0s

running (3m39.9s), 400/400 VUs, 540 complete and 0 interrupted iterations
warmup    ✓ [ 100% ] 20 VUs       20s
main_test   [  56% ] 400/400 VUs  3m19.9s/6m00.0s

running (3m40.9s), 400/400 VUs, 540 complete and 0 interrupted iterations
warmup    ✓ [ 100% ] 20 VUs       20s
main_test   [  56% ] 400/400 VUs  3m20.9s/6m00.0s

running (3m41.9s), 400/400 VUs, 540 complete and 0 interrupted iterations
warmup    ✓ [ 100% ] 20 VUs       20s
main_test   [  56% ] 400/400 VUs  3m21.9s/6m00.0s

running (3m42.9s), 400/400 VUs, 540 complete and 0 interrupted iterations
warmup    ✓ [ 100% ] 20 VUs       20s
main_test   [  56% ] 400/400 VUs  3m22.9s/6m00.0s

running (3m43.9s), 400/400 VUs, 540 complete and 0 interrupted iterations
warmup    ✓ [ 100% ] 20 VUs       20s
main_test   [  57% ] 400/400 VUs  3m23.9s/6m00.0s

running (3m44.9s), 400/400 VUs, 540 complete and 0 interrupted iterations
warmup    ✓ [ 100% ] 20 VUs       20s
main_test   [  57% ] 400/400 VUs  3m24.9s/6m00.0s

running (3m45.9s), 400/400 VUs, 540 complete and 0 interrupted iterations
warmup    ✓ [ 100% ] 20 VUs       20s
main_test   [  57% ] 400/400 VUs  3m25.9s/6m00.0s

running (3m46.9s), 400/400 VUs, 540 complete and 0 interrupted iterations
warmup    ✓ [ 100% ] 20 VUs       20s
main_test   [  57% ] 400/400 VUs  3m26.9s/6m00.0s

running (3m47.9s), 400/400 VUs, 540 complete and 0 interrupted iterations
warmup    ✓ [ 100% ] 20 VUs       20s
main_test   [  58% ] 400/400 VUs  3m27.9s/6m00.0s

running (3m48.9s), 400/400 VUs, 540 complete and 0 interrupted iterations
warmup    ✓ [ 100% ] 20 VUs       20s
main_test   [  58% ] 400/400 VUs  3m28.9s/6m00.0s

running (3m49.9s), 400/400 VUs, 540 complete and 0 interrupted iterations
warmup    ✓ [ 100% ] 20 VUs       20s
main_test   [  58% ] 400/400 VUs  3m29.9s/6m00.0s

running (3m50.9s), 400/400 VUs, 540 complete and 0 interrupted iterations
warmup    ✓ [ 100% ] 20 VUs       20s
main_test   [  59% ] 400/400 VUs  3m30.9s/6m00.0s

running (3m51.9s), 400/400 VUs, 540 complete and 0 interrupted iterations
warmup    ✓ [ 100% ] 20 VUs       20s
main_test   [  59% ] 400/400 VUs  3m31.9s/6m00.0s

running (3m52.9s), 400/400 VUs, 540 complete and 0 interrupted iterations
warmup    ✓ [ 100% ] 20 VUs       20s
main_test   [  59% ] 400/400 VUs  3m32.9s/6m00.0s

running (3m53.9s), 400/400 VUs, 540 complete and 0 interrupted iterations
warmup    ✓ [ 100% ] 20 VUs       20s
main_test   [  59% ] 400/400 VUs  3m33.9s/6m00.0s

running (3m54.9s), 400/400 VUs, 540 complete and 0 interrupted iterations
warmup    ✓ [ 100% ] 20 VUs       20s
main_test   [  60% ] 400/400 VUs  3m34.9s/6m00.0s

running (3m55.9s), 400/400 VUs, 540 complete and 0 interrupted iterations
warmup    ✓ [ 100% ] 20 VUs       20s
main_test   [  60% ] 400/400 VUs  3m35.9s/6m00.0s

running (3m56.9s), 400/400 VUs, 540 complete and 0 interrupted iterations
warmup    ✓ [ 100% ] 20 VUs       20s
main_test   [  60% ] 400/400 VUs  3m36.9s/6m00.0s

running (3m57.9s), 400/400 VUs, 540 complete and 0 interrupted iterations
warmup    ✓ [ 100% ] 20 VUs       20s
main_test   [  61% ] 400/400 VUs  3m37.9s/6m00.0s

running (3m58.9s), 400/400 VUs, 540 complete and 0 interrupted iterations
warmup    ✓ [ 100% ] 20 VUs       20s
main_test   [  61% ] 400/400 VUs  3m38.9s/6m00.0s

running (3m59.9s), 400/400 VUs, 540 complete and 0 interrupted iterations
warmup    ✓ [ 100% ] 20 VUs       20s
main_test   [  61% ] 400/400 VUs  3m39.9s/6m00.0s

running (4m00.9s), 400/400 VUs, 540 complete and 0 interrupted iterations
warmup    ✓ [ 100% ] 20 VUs       20s
main_test   [  61% ] 400/400 VUs  3m40.9s/6m00.0s

running (4m01.9s), 400/400 VUs, 540 complete and 0 interrupted iterations
warmup    ✓ [ 100% ] 20 VUs       20s
main_test   [  62% ] 400/400 VUs  3m41.9s/6m00.0s

running (4m02.9s), 400/400 VUs, 540 complete and 0 interrupted iterations
warmup    ✓ [ 100% ] 20 VUs       20s
main_test   [  62% ] 400/400 VUs  3m42.9s/6m00.0s

running (4m03.9s), 400/400 VUs, 540 complete and 0 interrupted iterations
warmup    ✓ [ 100% ] 20 VUs       20s
main_test   [  62% ] 400/400 VUs  3m43.9s/6m00.0s

running (4m04.9s), 400/400 VUs, 540 complete and 0 interrupted iterations
warmup    ✓ [ 100% ] 20 VUs       20s
main_test   [  62% ] 400/400 VUs  3m44.9s/6m00.0s

running (4m05.9s), 400/400 VUs, 540 complete and 0 interrupted iterations
warmup    ✓ [ 100% ] 20 VUs       20s
main_test   [  63% ] 400/400 VUs  3m45.9s/6m00.0s

running (4m06.9s), 400/400 VUs, 540 complete and 0 interrupted iterations
warmup    ✓ [ 100% ] 20 VUs       20s
main_test   [  63% ] 400/400 VUs  3m46.9s/6m00.0s

running (4m07.9s), 400/400 VUs, 540 complete and 0 interrupted iterations
warmup    ✓ [ 100% ] 20 VUs       20s
main_test   [  63% ] 400/400 VUs  3m47.9s/6m00.0s

running (4m08.9s), 400/400 VUs, 540 complete and 0 interrupted iterations
warmup    ✓ [ 100% ] 20 VUs       20s
main_test   [  64% ] 400/400 VUs  3m48.9s/6m00.0s

running (4m09.9s), 400/400 VUs, 540 complete and 0 interrupted iterations
warmup    ✓ [ 100% ] 20 VUs       20s
main_test   [  64% ] 400/400 VUs  3m49.9s/6m00.0s

running (4m10.9s), 400/400 VUs, 540 complete and 0 interrupted iterations
warmup    ✓ [ 100% ] 20 VUs       20s
main_test   [  64% ] 400/400 VUs  3m50.9s/6m00.0s

running (4m11.9s), 400/400 VUs, 540 complete and 0 interrupted iterations
warmup    ✓ [ 100% ] 20 VUs       20s
main_test   [  64% ] 400/400 VUs  3m51.9s/6m00.0s

running (4m12.9s), 400/400 VUs, 540 complete and 0 interrupted iterations
warmup    ✓ [ 100% ] 20 VUs       20s
main_test   [  65% ] 400/400 VUs  3m52.9s/6m00.0s

running (4m13.9s), 400/400 VUs, 540 complete and 0 interrupted iterations
warmup    ✓ [ 100% ] 20 VUs       20s
main_test   [  65% ] 400/400 VUs  3m53.9s/6m00.0s

running (4m14.9s), 400/400 VUs, 540 complete and 0 interrupted iterations
warmup    ✓ [ 100% ] 20 VUs       20s
main_test   [  65% ] 400/400 VUs  3m54.9s/6m00.0s

running (4m15.9s), 400/400 VUs, 540 complete and 0 interrupted iterations
warmup    ✓ [ 100% ] 20 VUs       20s
main_test   [  66% ] 400/400 VUs  3m55.9s/6m00.0s

running (4m16.9s), 400/400 VUs, 540 complete and 0 interrupted iterations
warmup    ✓ [ 100% ] 20 VUs       20s
main_test   [  66% ] 400/400 VUs  3m56.9s/6m00.0s

running (4m17.9s), 400/400 VUs, 540 complete and 0 interrupted iterations
warmup    ✓ [ 100% ] 20 VUs       20s
main_test   [  66% ] 400/400 VUs  3m57.9s/6m00.0s

running (4m18.9s), 400/400 VUs, 540 complete and 0 interrupted iterations
warmup    ✓ [ 100% ] 20 VUs       20s
main_test   [  66% ] 400/400 VUs  3m58.9s/6m00.0s

running (4m19.9s), 400/400 VUs, 540 complete and 0 interrupted iterations
warmup    ✓ [ 100% ] 20 VUs       20s
main_test   [  67% ] 400/400 VUs  3m59.9s/6m00.0s

running (4m20.9s), 400/400 VUs, 540 complete and 0 interrupted iterations
warmup    ✓ [ 100% ] 20 VUs       20s
main_test   [  67% ] 400/400 VUs  4m00.9s/6m00.0s

running (4m21.9s), 400/400 VUs, 540 complete and 0 interrupted iterations
warmup    ✓ [ 100% ] 20 VUs       20s
main_test   [  67% ] 400/400 VUs  4m01.9s/6m00.0s

running (4m22.9s), 400/400 VUs, 540 complete and 0 interrupted iterations
warmup    ✓ [ 100% ] 20 VUs       20s
main_test   [  67% ] 400/400 VUs  4m02.9s/6m00.0s

running (4m23.9s), 400/400 VUs, 540 complete and 0 interrupted iterations
warmup    ✓ [ 100% ] 20 VUs       20s
main_test   [  68% ] 400/400 VUs  4m03.9s/6m00.0s

running (4m24.9s), 400/400 VUs, 540 complete and 0 interrupted iterations
warmup    ✓ [ 100% ] 20 VUs       20s
main_test   [  68% ] 400/400 VUs  4m04.9s/6m00.0s

running (4m25.9s), 400/400 VUs, 540 complete and 0 interrupted iterations
warmup    ✓ [ 100% ] 20 VUs       20s
main_test   [  68% ] 400/400 VUs  4m05.9s/6m00.0s

running (4m26.9s), 400/400 VUs, 540 complete and 0 interrupted iterations
warmup    ✓ [ 100% ] 20 VUs       20s
main_test   [  69% ] 400/400 VUs  4m06.9s/6m00.0s

running (4m27.9s), 400/400 VUs, 540 complete and 0 interrupted iterations
warmup    ✓ [ 100% ] 20 VUs       20s
main_test   [  69% ] 400/400 VUs  4m07.9s/6m00.0s

running (4m28.9s), 400/400 VUs, 540 complete and 0 interrupted iterations
warmup    ✓ [ 100% ] 20 VUs       20s
main_test   [  69% ] 400/400 VUs  4m08.9s/6m00.0s

running (4m29.9s), 400/400 VUs, 540 complete and 0 interrupted iterations
warmup    ✓ [ 100% ] 20 VUs       20s
main_test   [  69% ] 400/400 VUs  4m09.9s/6m00.0s

running (4m30.9s), 400/400 VUs, 540 complete and 0 interrupted iterations
warmup    ✓ [ 100% ] 20 VUs       20s
main_test   [  70% ] 400/400 VUs  4m10.9s/6m00.0s

running (4m31.9s), 400/400 VUs, 540 complete and 0 interrupted iterations
warmup    ✓ [ 100% ] 20 VUs       20s
main_test   [  70% ] 400/400 VUs  4m11.9s/6m00.0s

running (4m32.9s), 400/400 VUs, 540 complete and 0 interrupted iterations
warmup    ✓ [ 100% ] 20 VUs       20s
main_test   [  70% ] 400/400 VUs  4m12.9s/6m00.0s

running (4m33.9s), 400/400 VUs, 540 complete and 0 interrupted iterations
warmup    ✓ [ 100% ] 20 VUs       20s
main_test   [  71% ] 400/400 VUs  4m13.9s/6m00.0s

running (4m34.9s), 400/400 VUs, 540 complete and 0 interrupted iterations
warmup    ✓ [ 100% ] 20 VUs       20s
main_test   [  71% ] 400/400 VUs  4m14.9s/6m00.0s

running (4m35.9s), 400/400 VUs, 540 complete and 0 interrupted iterations
warmup    ✓ [ 100% ] 20 VUs       20s
main_test   [  71% ] 400/400 VUs  4m15.9s/6m00.0s

running (4m36.9s), 400/400 VUs, 540 complete and 0 interrupted iterations
warmup    ✓ [ 100% ] 20 VUs       20s
main_test   [  71% ] 400/400 VUs  4m16.9s/6m00.0s

running (4m37.9s), 400/400 VUs, 540 complete and 0 interrupted iterations
warmup    ✓ [ 100% ] 20 VUs       20s
main_test   [  72% ] 400/400 VUs  4m17.9s/6m00.0s

running (4m38.9s), 400/400 VUs, 540 complete and 0 interrupted iterations
warmup    ✓ [ 100% ] 20 VUs       20s
main_test   [  72% ] 400/400 VUs  4m18.9s/6m00.0s

running (4m39.9s), 400/400 VUs, 540 complete and 0 interrupted iterations
warmup    ✓ [ 100% ] 20 VUs       20s
main_test   [  72% ] 400/400 VUs  4m19.9s/6m00.0s

running (4m40.9s), 400/400 VUs, 540 complete and 0 interrupted iterations
warmup    ✓ [ 100% ] 20 VUs       20s
main_test   [  72% ] 400/400 VUs  4m20.9s/6m00.0s

running (4m41.9s), 400/400 VUs, 540 complete and 0 interrupted iterations
warmup    ✓ [ 100% ] 20 VUs       20s
main_test   [  73% ] 400/400 VUs  4m21.9s/6m00.0s

running (4m42.9s), 400/400 VUs, 540 complete and 0 interrupted iterations
warmup    ✓ [ 100% ] 20 VUs       20s
main_test   [  73% ] 400/400 VUs  4m22.9s/6m00.0s

running (4m43.9s), 400/400 VUs, 540 complete and 0 interrupted iterations
warmup    ✓ [ 100% ] 20 VUs       20s
main_test   [  73% ] 400/400 VUs  4m23.9s/6m00.0s

running (4m44.9s), 400/400 VUs, 540 complete and 0 interrupted iterations
warmup    ✓ [ 100% ] 20 VUs       20s
main_test   [  74% ] 400/400 VUs  4m24.9s/6m00.0s

running (4m45.9s), 400/400 VUs, 540 complete and 0 interrupted iterations
warmup    ✓ [ 100% ] 20 VUs       20s
main_test   [  74% ] 400/400 VUs  4m25.9s/6m00.0s

running (4m46.9s), 400/400 VUs, 540 complete and 0 interrupted iterations
warmup    ✓ [ 100% ] 20 VUs       20s
main_test   [  74% ] 400/400 VUs  4m26.9s/6m00.0s

running (4m47.9s), 400/400 VUs, 540 complete and 0 interrupted iterations
warmup    ✓ [ 100% ] 20 VUs       20s
main_test   [  74% ] 400/400 VUs  4m27.9s/6m00.0s

running (4m48.9s), 400/400 VUs, 540 complete and 0 interrupted iterations
warmup    ✓ [ 100% ] 20 VUs       20s
main_test   [  75% ] 400/400 VUs  4m28.9s/6m00.0s

running (4m49.9s), 400/400 VUs, 540 complete and 0 interrupted iterations
warmup    ✓ [ 100% ] 20 VUs       20s
main_test   [  75% ] 400/400 VUs  4m29.9s/6m00.0s

running (4m50.9s), 400/400 VUs, 540 complete and 0 interrupted iterations
warmup    ✓ [ 100% ] 20 VUs       20s
main_test   [  75% ] 400/400 VUs  4m30.9s/6m00.0s

running (4m51.9s), 400/400 VUs, 540 complete and 0 interrupted iterations
warmup    ✓ [ 100% ] 20 VUs       20s
main_test   [  76% ] 400/400 VUs  4m31.9s/6m00.0s

running (4m52.9s), 400/400 VUs, 542 complete and 0 interrupted iterations
warmup    ✓ [ 100% ] 20 VUs       20s
main_test   [  76% ] 400/400 VUs  4m32.9s/6m00.0s

running (4m53.9s), 400/400 VUs, 548 complete and 0 interrupted iterations
warmup    ✓ [ 100% ] 20 VUs       20s
main_test   [  76% ] 400/400 VUs  4m33.9s/6m00.0s

running (4m54.9s), 400/400 VUs, 553 complete and 0 interrupted iterations
warmup    ✓ [ 100% ] 20 VUs       20s
main_test   [  76% ] 400/400 VUs  4m34.9s/6m00.0s

running (4m55.9s), 400/400 VUs, 558 complete and 0 interrupted iterations
warmup    ✓ [ 100% ] 20 VUs       20s
main_test   [  77% ] 400/400 VUs  4m35.9s/6m00.0s

running (4m56.9s), 400/400 VUs, 563 complete and 0 interrupted iterations
warmup    ✓ [ 100% ] 20 VUs       20s
main_test   [  77% ] 400/400 VUs  4m36.9s/6m00.0s

running (4m57.9s), 400/400 VUs, 568 complete and 0 interrupted iterations
warmup    ✓ [ 100% ] 20 VUs       20s
main_test   [  77% ] 400/400 VUs  4m37.9s/6m00.0s

running (4m58.9s), 400/400 VUs, 574 complete and 0 interrupted iterations
warmup    ✓ [ 100% ] 20 VUs       20s
main_test   [  77% ] 400/400 VUs  4m38.9s/6m00.0s

running (4m59.9s), 400/400 VUs, 579 complete and 0 interrupted iterations
warmup    ✓ [ 100% ] 20 VUs       20s
main_test   [  78% ] 400/400 VUs  4m39.9s/6m00.0s

running (5m00.9s), 400/400 VUs, 585 complete and 0 interrupted iterations
warmup    ✓ [ 100% ] 20 VUs       20s
main_test   [  78% ] 400/400 VUs  4m40.9s/6m00.0s

running (5m01.9s), 400/400 VUs, 591 complete and 0 interrupted iterations
warmup    ✓ [ 100% ] 20 VUs       20s
main_test   [  78% ] 400/400 VUs  4m41.9s/6m00.0s

running (5m02.9s), 400/400 VUs, 594 complete and 0 interrupted iterations
warmup    ✓ [ 100% ] 20 VUs       20s
main_test   [  79% ] 400/400 VUs  4m42.9s/6m00.0s

running (5m03.9s), 400/400 VUs, 599 complete and 0 interrupted iterations
warmup    ✓ [ 100% ] 20 VUs       20s
main_test   [  79% ] 400/400 VUs  4m43.9s/6m00.0s

running (5m04.9s), 400/400 VUs, 605 complete and 0 interrupted iterations
warmup    ✓ [ 100% ] 20 VUs       20s
main_test   [  79% ] 400/400 VUs  4m44.9s/6m00.0s

running (5m05.9s), 400/400 VUs, 605 complete and 0 interrupted iterations
warmup    ✓ [ 100% ] 20 VUs       20s
main_test   [  79% ] 400/400 VUs  4m45.9s/6m00.0s

running (5m06.9s), 400/400 VUs, 616 complete and 0 interrupted iterations
warmup    ✓ [ 100% ] 20 VUs       20s
main_test   [  80% ] 400/400 VUs  4m46.9s/6m00.0s

running (5m07.9s), 400/400 VUs, 619 complete and 0 interrupted iterations
warmup    ✓ [ 100% ] 20 VUs       20s
main_test   [  80% ] 400/400 VUs  4m47.9s/6m00.0s

running (5m08.9s), 400/400 VUs, 629 complete and 0 interrupted iterations
warmup    ✓ [ 100% ] 20 VUs       20s
main_test   [  80% ] 400/400 VUs  4m48.9s/6m00.0s

running (5m09.9s), 400/400 VUs, 633 complete and 0 interrupted iterations
warmup    ✓ [ 100% ] 20 VUs       20s
main_test   [  81% ] 400/400 VUs  4m49.9s/6m00.0s

running (5m10.9s), 400/400 VUs, 635 complete and 0 interrupted iterations
warmup    ✓ [ 100% ] 20 VUs       20s
main_test   [  81% ] 400/400 VUs  4m50.9s/6m00.0s

running (5m11.9s), 400/400 VUs, 645 complete and 0 interrupted iterations
warmup    ✓ [ 100% ] 20 VUs       20s
main_test   [  81% ] 400/400 VUs  4m51.9s/6m00.0s

running (5m12.9s), 400/400 VUs, 654 complete and 0 interrupted iterations
warmup    ✓ [ 100% ] 20 VUs       20s
main_test   [  81% ] 400/400 VUs  4m52.9s/6m00.0s

running (5m13.9s), 400/400 VUs, 660 complete and 0 interrupted iterations
warmup    ✓ [ 100% ] 20 VUs       20s
main_test   [  82% ] 400/400 VUs  4m53.9s/6m00.0s

running (5m14.9s), 400/400 VUs, 665 complete and 0 interrupted iterations
warmup    ✓ [ 100% ] 20 VUs       20s
main_test   [  82% ] 400/400 VUs  4m54.9s/6m00.0s

running (5m15.9s), 400/400 VUs, 671 complete and 0 interrupted iterations
warmup    ✓ [ 100% ] 20 VUs       20s
main_test   [  82% ] 400/400 VUs  4m55.9s/6m00.0s

running (5m16.9s), 400/400 VUs, 676 complete and 0 interrupted iterations
warmup    ✓ [ 100% ] 20 VUs       20s
main_test   [  82% ] 400/400 VUs  4m56.9s/6m00.0s

running (5m17.9s), 400/400 VUs, 684 complete and 0 interrupted iterations
warmup    ✓ [ 100% ] 20 VUs       20s
main_test   [  83% ] 400/400 VUs  4m57.9s/6m00.0s

running (5m18.9s), 400/400 VUs, 690 complete and 0 interrupted iterations
warmup    ✓ [ 100% ] 20 VUs       20s
main_test   [  83% ] 400/400 VUs  4m58.9s/6m00.0s

running (5m19.9s), 400/400 VUs, 696 complete and 0 interrupted iterations
warmup    ✓ [ 100% ] 20 VUs       20s
main_test   [  83% ] 400/400 VUs  4m59.9s/6m00.0s

running (5m20.9s), 400/400 VUs, 704 complete and 0 interrupted iterations
warmup    ✓ [ 100% ] 20 VUs       20s
main_test   [  84% ] 400/400 VUs  5m00.9s/6m00.0s

running (5m21.9s), 400/400 VUs, 711 complete and 0 interrupted iterations
warmup    ✓ [ 100% ] 20 VUs       20s
main_test   [  84% ] 400/400 VUs  5m01.9s/6m00.0s

running (5m22.9s), 400/400 VUs, 717 complete and 0 interrupted iterations
warmup    ✓ [ 100% ] 20 VUs       20s
main_test   [  84% ] 400/400 VUs  5m02.9s/6m00.0s

running (5m23.9s), 400/400 VUs, 722 complete and 0 interrupted iterations
warmup    ✓ [ 100% ] 20 VUs       20s
main_test   [  84% ] 400/400 VUs  5m03.9s/6m00.0s

running (5m24.9s), 400/400 VUs, 730 complete and 0 interrupted iterations
warmup    ✓ [ 100% ] 20 VUs       20s
main_test   [  85% ] 400/400 VUs  5m04.9s/6m00.0s

running (5m25.9s), 400/400 VUs, 735 complete and 0 interrupted iterations
warmup    ✓ [ 100% ] 20 VUs       20s
main_test   [  85% ] 400/400 VUs  5m05.9s/6m00.0s

running (5m26.9s), 400/400 VUs, 744 complete and 0 interrupted iterations
warmup    ✓ [ 100% ] 20 VUs       20s
main_test   [  85% ] 400/400 VUs  5m06.9s/6m00.0s

running (5m27.9s), 400/400 VUs, 747 complete and 0 interrupted iterations
warmup    ✓ [ 100% ] 20 VUs       20s
main_test   [  86% ] 400/400 VUs  5m07.9s/6m00.0s

running (5m28.9s), 400/400 VUs, 756 complete and 0 interrupted iterations
warmup    ✓ [ 100% ] 20 VUs       20s
main_test   [  86% ] 400/400 VUs  5m08.9s/6m00.0s

running (5m29.9s), 400/400 VUs, 760 complete and 0 interrupted iterations
warmup    ✓ [ 100% ] 20 VUs       20s
main_test   [  86% ] 400/400 VUs  5m09.9s/6m00.0s

running (5m30.9s), 400/400 VUs, 769 complete and 0 interrupted iterations
warmup    ✓ [ 100% ] 20 VUs       20s
main_test   [  86% ] 400/400 VUs  5m10.9s/6m00.0s

running (5m31.9s), 400/400 VUs, 775 complete and 0 interrupted iterations
warmup    ✓ [ 100% ] 20 VUs       20s
main_test   [  87% ] 400/400 VUs  5m11.9s/6m00.0s

running (5m32.9s), 400/400 VUs, 778 complete and 0 interrupted iterations
warmup    ✓ [ 100% ] 20 VUs       20s
main_test   [  87% ] 400/400 VUs  5m12.9s/6m00.0s

running (5m33.9s), 400/400 VUs, 786 complete and 0 interrupted iterations
warmup    ✓ [ 100% ] 20 VUs       20s
main_test   [  87% ] 400/400 VUs  5m13.9s/6m00.0s

running (5m34.9s), 400/400 VUs, 795 complete and 0 interrupted iterations
warmup    ✓ [ 100% ] 20 VUs       20s
main_test   [  87% ] 400/400 VUs  5m14.9s/6m00.0s

running (5m35.9s), 400/400 VUs, 800 complete and 0 interrupted iterations
warmup    ✓ [ 100% ] 20 VUs       20s
main_test   [  88% ] 400/400 VUs  5m15.9s/6m00.0s

running (5m36.9s), 400/400 VUs, 808 complete and 0 interrupted iterations
warmup    ✓ [ 100% ] 20 VUs       20s
main_test   [  88% ] 400/400 VUs  5m16.9s/6m00.0s

running (5m37.9s), 400/400 VUs, 811 complete and 0 interrupted iterations
warmup    ✓ [ 100% ] 20 VUs       20s
main_test   [  88% ] 400/400 VUs  5m17.9s/6m00.0s

running (5m38.9s), 400/400 VUs, 816 complete and 0 interrupted iterations
warmup    ✓ [ 100% ] 20 VUs       20s
main_test   [  89% ] 400/400 VUs  5m18.9s/6m00.0s

running (5m39.9s), 400/400 VUs, 824 complete and 0 interrupted iterations
warmup    ✓ [ 100% ] 20 VUs       20s
main_test   [  89% ] 400/400 VUs  5m19.9s/6m00.0s

running (5m40.9s), 400/400 VUs, 831 complete and 0 interrupted iterations
warmup    ✓ [ 100% ] 20 VUs       20s
main_test   [  89% ] 400/400 VUs  5m20.9s/6m00.0s

running (5m41.9s), 400/400 VUs, 836 complete and 0 interrupted iterations
warmup    ✓ [ 100% ] 20 VUs       20s
main_test   [  89% ] 400/400 VUs  5m21.9s/6m00.0s

running (5m42.9s), 400/400 VUs, 844 complete and 0 interrupted iterations
warmup    ✓ [ 100% ] 20 VUs       20s
main_test   [  90% ] 400/400 VUs  5m22.9s/6m00.0s

running (5m43.9s), 400/400 VUs, 849 complete and 0 interrupted iterations
warmup    ✓ [ 100% ] 20 VUs       20s
main_test   [  90% ] 400/400 VUs  5m23.9s/6m00.0s

running (5m44.9s), 400/400 VUs, 857 complete and 0 interrupted iterations
warmup    ✓ [ 100% ] 20 VUs       20s
main_test   [  90% ] 400/400 VUs  5m24.9s/6m00.0s

running (5m45.9s), 400/400 VUs, 863 complete and 0 interrupted iterations
warmup    ✓ [ 100% ] 20 VUs       20s
main_test   [  91% ] 400/400 VUs  5m25.9s/6m00.0s

running (5m46.9s), 400/400 VUs, 866 complete and 0 interrupted iterations
warmup    ✓ [ 100% ] 20 VUs       20s
main_test   [  91% ] 400/400 VUs  5m26.9s/6m00.0s

running (5m47.9s), 400/400 VUs, 873 complete and 0 interrupted iterations
warmup    ✓ [ 100% ] 20 VUs       20s
main_test   [  91% ] 400/400 VUs  5m27.9s/6m00.0s

running (5m48.9s), 400/400 VUs, 883 complete and 0 interrupted iterations
warmup    ✓ [ 100% ] 20 VUs       20s
main_test   [  91% ] 400/400 VUs  5m28.9s/6m00.0s

running (5m49.9s), 400/400 VUs, 897 complete and 0 interrupted iterations
warmup    ✓ [ 100% ] 20 VUs       20s
main_test   [  92% ] 400/400 VUs  5m29.9s/6m00.0s

running (5m50.9s), 400/400 VUs, 906 complete and 0 interrupted iterations
warmup    ✓ [ 100% ] 20 VUs       20s
main_test   [  92% ] 400/400 VUs  5m30.9s/6m00.0s

running (5m51.9s), 400/400 VUs, 913 complete and 0 interrupted iterations
warmup    ✓ [ 100% ] 20 VUs       20s
main_test   [  92% ] 400/400 VUs  5m31.9s/6m00.0s

running (5m52.9s), 400/400 VUs, 920 complete and 0 interrupted iterations
warmup    ✓ [ 100% ] 20 VUs       20s
main_test   [  92% ] 400/400 VUs  5m32.9s/6m00.0s

running (5m53.9s), 400/400 VUs, 935 complete and 0 interrupted iterations
warmup    ✓ [ 100% ] 20 VUs       20s
main_test   [  93% ] 400/400 VUs  5m33.9s/6m00.0s

running (5m54.9s), 400/400 VUs, 940 complete and 0 interrupted iterations
warmup    ✓ [ 100% ] 20 VUs       20s
main_test   [  93% ] 400/400 VUs  5m34.9s/6m00.0s

running (5m55.9s), 400/400 VUs, 940 complete and 0 interrupted iterations
warmup    ✓ [ 100% ] 20 VUs       20s
main_test   [  93% ] 400/400 VUs  5m35.9s/6m00.0s

running (5m56.9s), 400/400 VUs, 940 complete and 0 interrupted iterations
warmup    ✓ [ 100% ] 20 VUs       20s
main_test   [  94% ] 400/400 VUs  5m36.9s/6m00.0s

running (5m57.9s), 400/400 VUs, 940 complete and 0 interrupted iterations
warmup    ✓ [ 100% ] 20 VUs       20s
main_test   [  94% ] 400/400 VUs  5m37.9s/6m00.0s

running (5m58.9s), 400/400 VUs, 940 complete and 0 interrupted iterations
warmup    ✓ [ 100% ] 20 VUs       20s
main_test   [  94% ] 400/400 VUs  5m38.9s/6m00.0s

running (5m59.9s), 400/400 VUs, 940 complete and 0 interrupted iterations
warmup    ✓ [ 100% ] 20 VUs       20s
main_test   [  94% ] 400/400 VUs  5m39.9s/6m00.0s

running (6m00.9s), 400/400 VUs, 940 complete and 0 interrupted iterations
warmup    ✓ [ 100% ] 20 VUs       20s
main_test   [  95% ] 400/400 VUs  5m40.9s/6m00.0s

running (6m01.9s), 400/400 VUs, 940 complete and 0 interrupted iterations
warmup    ✓ [ 100% ] 20 VUs       20s
main_test   [  95% ] 400/400 VUs  5m41.9s/6m00.0s

running (6m02.9s), 400/400 VUs, 940 complete and 0 interrupted iterations
warmup    ✓ [ 100% ] 20 VUs       20s
main_test   [  95% ] 400/400 VUs  5m42.9s/6m00.0s

running (6m03.9s), 400/400 VUs, 940 complete and 0 interrupted iterations
warmup    ✓ [ 100% ] 20 VUs       20s
main_test   [  96% ] 400/400 VUs  5m43.9s/6m00.0s

running (6m04.9s), 400/400 VUs, 940 complete and 0 interrupted iterations
warmup    ✓ [ 100% ] 20 VUs       20s
main_test   [  96% ] 400/400 VUs  5m44.9s/6m00.0s

running (6m05.9s), 400/400 VUs, 940 complete and 0 interrupted iterations
warmup    ✓ [ 100% ] 20 VUs       20s
main_test   [  96% ] 400/400 VUs  5m45.9s/6m00.0s

running (6m06.9s), 400/400 VUs, 940 complete and 0 interrupted iterations
warmup    ✓ [ 100% ] 20 VUs       20s
main_test   [  96% ] 400/400 VUs  5m46.9s/6m00.0s

running (6m07.9s), 400/400 VUs, 940 complete and 0 interrupted iterations
warmup    ✓ [ 100% ] 20 VUs       20s
main_test   [  97% ] 400/400 VUs  5m47.9s/6m00.0s

running (6m08.9s), 400/400 VUs, 940 complete and 0 interrupted iterations
warmup    ✓ [ 100% ] 20 VUs       20s
main_test   [  97% ] 400/400 VUs  5m48.9s/6m00.0s

running (6m09.9s), 400/400 VUs, 940 complete and 0 interrupted iterations
warmup    ✓ [ 100% ] 20 VUs       20s
main_test   [  97% ] 400/400 VUs  5m49.9s/6m00.0s

running (6m10.9s), 400/400 VUs, 940 complete and 0 interrupted iterations
warmup    ✓ [ 100% ] 20 VUs       20s
main_test   [  97% ] 400/400 VUs  5m50.9s/6m00.0s

running (6m11.9s), 400/400 VUs, 940 complete and 0 interrupted iterations
warmup    ✓ [ 100% ] 20 VUs       20s
main_test   [  98% ] 400/400 VUs  5m51.9s/6m00.0s

running (6m12.9s), 400/400 VUs, 940 complete and 0 interrupted iterations
warmup    ✓ [ 100% ] 20 VUs       20s
main_test   [  98% ] 400/400 VUs  5m52.9s/6m00.0s

running (6m13.9s), 400/400 VUs, 940 complete and 0 interrupted iterations
warmup    ✓ [ 100% ] 20 VUs       20s
main_test   [  98% ] 400/400 VUs  5m53.9s/6m00.0s

running (6m14.9s), 400/400 VUs, 940 complete and 0 interrupted iterations
warmup    ✓ [ 100% ] 20 VUs       20s
main_test   [  99% ] 400/400 VUs  5m54.9s/6m00.0s

running (6m15.9s), 400/400 VUs, 940 complete and 0 interrupted iterations
warmup    ✓ [ 100% ] 20 VUs       20s
main_test   [  99% ] 400/400 VUs  5m55.9s/6m00.0s

running (6m16.9s), 400/400 VUs, 940 complete and 0 interrupted iterations
warmup    ✓ [ 100% ] 20 VUs       20s
main_test   [  99% ] 400/400 VUs  5m56.9s/6m00.0s

running (6m17.9s), 400/400 VUs, 940 complete and 0 interrupted iterations
warmup    ✓ [ 100% ] 20 VUs       20s
main_test   [  99% ] 400/400 VUs  5m57.9s/6m00.0s

running (6m18.9s), 400/400 VUs, 940 complete and 0 interrupted iterations
warmup    ✓ [ 100% ] 20 VUs       20s
main_test   [ 100% ] 400/400 VUs  5m58.9s/6m00.0s

running (6m19.9s), 400/400 VUs, 940 complete and 0 interrupted iterations
warmup    ✓ [ 100% ] 20 VUs       20s
main_test   [ 100% ] 400/400 VUs  5m59.9s/6m00.0s

running (6m20.9s), 400/400 VUs, 940 complete and 0 interrupted iterations
warmup    ✓ [ 100% ] 20 VUs       20s
main_test ↓ [ 100% ] 400/400 VUs  6m0s

running (6m21.9s), 400/400 VUs, 940 complete and 0 interrupted iterations
warmup    ✓ [ 100% ] 20 VUs       20s
main_test ↓ [ 100% ] 400/400 VUs  6m0s

running (6m22.9s), 400/400 VUs, 940 complete and 0 interrupted iterations
warmup    ✓ [ 100% ] 20 VUs       20s
main_test ↓ [ 100% ] 400/400 VUs  6m0s

running (6m23.9s), 400/400 VUs, 940 complete and 0 interrupted iterations
warmup    ✓ [ 100% ] 20 VUs       20s
main_test ↓ [ 100% ] 400/400 VUs  6m0s

running (6m24.9s), 400/400 VUs, 940 complete and 0 interrupted iterations
warmup    ✓ [ 100% ] 20 VUs       20s
main_test ↓ [ 100% ] 400/400 VUs  6m0s

running (6m25.9s), 400/400 VUs, 940 complete and 0 interrupted iterations
warmup    ✓ [ 100% ] 20 VUs       20s
main_test ↓ [ 100% ] 400/400 VUs  6m0s

running (6m26.9s), 400/400 VUs, 940 complete and 0 interrupted iterations
warmup    ✓ [ 100% ] 20 VUs       20s
main_test ↓ [ 100% ] 400/400 VUs  6m0s

running (6m27.9s), 400/400 VUs, 940 complete and 0 interrupted iterations
warmup    ✓ [ 100% ] 20 VUs       20s
main_test ↓ [ 100% ] 400/400 VUs  6m0s

running (6m28.9s), 400/400 VUs, 940 complete and 0 interrupted iterations
warmup    ✓ [ 100% ] 20 VUs       20s
main_test ↓ [ 100% ] 400/400 VUs  6m0s

running (6m29.9s), 400/400 VUs, 940 complete and 0 interrupted iterations
warmup    ✓ [ 100% ] 20 VUs       20s
main_test ↓ [ 100% ] 400/400 VUs  6m0s

running (6m30.9s), 400/400 VUs, 940 complete and 0 interrupted iterations
warmup    ✓ [ 100% ] 20 VUs       20s
main_test ↓ [ 100% ] 400/400 VUs  6m0s

running (6m31.9s), 400/400 VUs, 940 complete and 0 interrupted iterations
warmup    ✓ [ 100% ] 20 VUs       20s
main_test ↓ [ 100% ] 400/400 VUs  6m0s

running (6m32.9s), 400/400 VUs, 940 complete and 0 interrupted iterations
warmup    ✓ [ 100% ] 20 VUs       20s
main_test ↓ [ 100% ] 400/400 VUs  6m0s

running (6m33.9s), 400/400 VUs, 940 complete and 0 interrupted iterations
warmup    ✓ [ 100% ] 20 VUs       20s
main_test ↓ [ 100% ] 400/400 VUs  6m0s

running (6m34.9s), 400/400 VUs, 940 complete and 0 interrupted iterations
warmup    ✓ [ 100% ] 20 VUs       20s
main_test ↓ [ 100% ] 400/400 VUs  6m0s

running (6m35.9s), 400/400 VUs, 940 complete and 0 interrupted iterations
warmup    ✓ [ 100% ] 20 VUs       20s
main_test ↓ [ 100% ] 400/400 VUs  6m0s

running (6m36.9s), 400/400 VUs, 940 complete and 0 interrupted iterations
warmup    ✓ [ 100% ] 20 VUs       20s
main_test ↓ [ 100% ] 400/400 VUs  6m0s

running (6m37.9s), 400/400 VUs, 940 complete and 0 interrupted iterations
warmup    ✓ [ 100% ] 20 VUs       20s
main_test ↓ [ 100% ] 400/400 VUs  6m0s

running (6m38.9s), 400/400 VUs, 940 complete and 0 interrupted iterations
warmup    ✓ [ 100% ] 20 VUs       20s
main_test ↓ [ 100% ] 400/400 VUs  6m0s

running (6m39.9s), 400/400 VUs, 940 complete and 0 interrupted iterations
warmup    ✓ [ 100% ] 20 VUs       20s
main_test ↓ [ 100% ] 400/400 VUs  6m0s

running (6m40.9s), 400/400 VUs, 940 complete and 0 interrupted iterations
warmup    ✓ [ 100% ] 20 VUs       20s
main_test ↓ [ 100% ] 400/400 VUs  6m0s

running (6m41.9s), 400/400 VUs, 940 complete and 0 interrupted iterations
warmup    ✓ [ 100% ] 20 VUs       20s
main_test ↓ [ 100% ] 400/400 VUs  6m0s

running (6m42.9s), 400/400 VUs, 940 complete and 0 interrupted iterations
warmup    ✓ [ 100% ] 20 VUs       20s
main_test ↓ [ 100% ] 400/400 VUs  6m0s

running (6m43.9s), 400/400 VUs, 940 complete and 0 interrupted iterations
warmup    ✓ [ 100% ] 20 VUs       20s
main_test ↓ [ 100% ] 400/400 VUs  6m0s

running (6m44.9s), 400/400 VUs, 940 complete and 0 interrupted iterations
warmup    ✓ [ 100% ] 20 VUs       20s
main_test ↓ [ 100% ] 400/400 VUs  6m0s

running (6m45.9s), 400/400 VUs, 940 complete and 0 interrupted iterations
warmup    ✓ [ 100% ] 20 VUs       20s
main_test ↓ [ 100% ] 400/400 VUs  6m0s

running (6m46.9s), 400/400 VUs, 940 complete and 0 interrupted iterations
warmup    ✓ [ 100% ] 20 VUs       20s
main_test ↓ [ 100% ] 400/400 VUs  6m0s

running (6m47.9s), 400/400 VUs, 940 complete and 0 interrupted iterations
warmup    ✓ [ 100% ] 20 VUs       20s
main_test ↓ [ 100% ] 400/400 VUs  6m0s

running (6m48.9s), 400/400 VUs, 940 complete and 0 interrupted iterations
warmup    ✓ [ 100% ] 20 VUs       20s
main_test ↓ [ 100% ] 400/400 VUs  6m0s

running (6m49.9s), 400/400 VUs, 940 complete and 0 interrupted iterations
warmup    ✓ [ 100% ] 20 VUs       20s
main_test ↓ [ 100% ] 400/400 VUs  6m0s

     ✓ initial visit successful
     ✓ add item 1 successful
     ✓ add item 2 successful
     ✓ view cart successful
     ✓ return to shopping successful
     ✓ JWT renewed with different token
     ✓ add item 3 with new JWT successful
     ✓ checkout successful
     ✓ continue shopping successful

     cart_operations................: 3200    7.804808/s
     checks.........................: 100.00% ✓ 8800      ✗ 0    
     data_received..................: 121 MB  295 kB/s
     data_sent......................: 18 MB   45 kB/s
     http_req_blocked...............: avg=14.76µs  min=981ns   med=2.96µs   max=5.52ms   p(90)=4.66µs   p(95)=7.07µs  
     http_req_connecting............: avg=8.29µs   min=0s      med=0s       max=5.45ms   p(90)=0s       p(95)=0s      
     http_req_duration..............: avg=196.53ms min=2.06ms  med=106.43ms max=2.01s    p(90)=490.91ms p(95)=590.07ms
       { expected_response:true }...: avg=196.53ms min=2.06ms  med=106.43ms max=2.01s    p(90)=490.91ms p(95)=590.07ms
     ✓ { scenario:main_test }.......: avg=202.04ms min=2.06ms  med=113.29ms max=2.01s    p(90)=492.66ms p(95)=593.21ms
     http_req_failed................: 0.00%   ✓ 0         ✗ 11620
     ✓ { scenario:main_test }.......: 0.00%   ✓ 0         ✗ 11200
     http_req_receiving.............: avg=7.95ms   min=25.46µs med=488.31µs max=195.48ms p(90)=9.55ms   p(95)=79.85ms 
     http_req_sending...............: avg=31.53µs  min=6.82µs  med=19.44µs  max=3.53ms   p(90)=43.64µs  p(95)=73.08µs 
     http_req_tls_handshaking.......: avg=0s       min=0s      med=0s       max=0s       p(90)=0s       p(95)=0s      
     http_req_waiting...............: avg=188.54ms min=2ms     med=104.54ms max=2s       p(90)=477.5ms  p(95)=577.04ms
     http_reqs......................: 11620   28.341208/s
     iteration_duration.............: avg=1m57s    min=3.02s   med=2m17s    max=2m20s    p(90)=2m19s    p(95)=2m19s   
     iterations.....................: 940     2.292662/s
     jwt_renewal_successes..........: 800     1.951202/s
     jwt_renewals...................: 2000    4.878005/s
     vus............................: 400     min=19      max=400
     vus_max........................: 400     min=400     max=400


running (6m50.0s), 000/400 VUs, 940 complete and 400 interrupted iterations
warmup    ✓ [ 100% ] 20 VUs       20s
main_test ✓ [ 100% ] 400/400 VUs  6m0s
