
          /\      |‾‾| /‾‾/   /‾‾/   
     /\  /  \     |  |/  /   /  /    
    /  \/    \    |     (   /   ‾‾\  
   /          \   |  |\  \ |  (‾)  | 
  / __________ \  |__| \__\ \_____/ .io

  execution: local
     script: k6-user-journey-test.js
     output: json (./jwt-compression-results-20251208_080620/k6-results.json)

  scenarios: (100.00%) 2 scenarios, 250 max VUs, 6m50s max duration (incl. graceful stop):
           * warmup: 20 looping VUs for 20s (exec: warmupTest, gracefulStop: 30s)
           * main_test: Up to 250 looping VUs for 6m0s over 2 stages (gracefulRampDown: 30s, exec: mainTest, startTime: 20s, gracefulStop: 30s)

time="2025-12-08T08:06:28+03:00" level=info msg="[WARMUP VU 14] Starting warmup iteration" source=console
time="2025-12-08T08:06:28+03:00" level=info msg="[WARMUP VU 10] Starting warmup iteration" source=console
time="2025-12-08T08:06:28+03:00" level=info msg="[WARMUP VU 5] Starting warmup iteration" source=console
time="2025-12-08T08:06:28+03:00" level=info msg="[WARMUP VU 1] Starting warmup iteration" source=console
time="2025-12-08T08:06:28+03:00" level=info msg="[WARMUP VU 2] Starting warmup iteration" source=console
time="2025-12-08T08:06:28+03:00" level=info msg="[WARMUP VU 12] Starting warmup iteration" source=console
time="2025-12-08T08:06:28+03:00" level=info msg="[WARMUP VU 4] Starting warmup iteration" source=console
time="2025-12-08T08:06:28+03:00" level=info msg="[WARMUP VU 6] Starting warmup iteration" source=console
time="2025-12-08T08:06:28+03:00" level=info msg="[WARMUP VU 8] Starting warmup iteration" source=console
time="2025-12-08T08:06:28+03:00" level=info msg="[WARMUP VU 16] Starting warmup iteration" source=console
time="2025-12-08T08:06:28+03:00" level=info msg="[WARMUP VU 15] Starting warmup iteration" source=console
time="2025-12-08T08:06:28+03:00" level=info msg="[WARMUP VU 19] Starting warmup iteration" source=console
time="2025-12-08T08:06:28+03:00" level=info msg="[WARMUP VU 11] Starting warmup iteration" source=console
time="2025-12-08T08:06:28+03:00" level=info msg="[WARMUP VU 20] Starting warmup iteration" source=console
time="2025-12-08T08:06:28+03:00" level=info msg="[WARMUP VU 3] Starting warmup iteration" source=console
time="2025-12-08T08:06:28+03:00" level=info msg="[WARMUP VU 9] Starting warmup iteration" source=console
time="2025-12-08T08:06:28+03:00" level=info msg="[WARMUP VU 13] Starting warmup iteration" source=console
time="2025-12-08T08:06:28+03:00" level=info msg="[WARMUP VU 18] Starting warmup iteration" source=console
time="2025-12-08T08:06:28+03:00" level=info msg="[WARMUP VU 7] Starting warmup iteration" source=console
time="2025-12-08T08:06:28+03:00" level=info msg="[WARMUP VU 17] Starting warmup iteration" source=console

running (0m01.0s), 020/250 VUs, 0 complete and 0 interrupted iterations
warmup      [   5% ] 20 VUs   01.0s/20s
main_test • [   0% ] waiting  19.0s

running (0m02.0s), 020/250 VUs, 0 complete and 0 interrupted iterations
warmup      [  10% ] 20 VUs   02.0s/20s
main_test • [   0% ] waiting  18.0s
time="2025-12-08T08:06:30+03:00" level=info msg="[WARMUP VU 7] Got JWT: eyJhbGciOiJSUzI1NiIs..." source=console
time="2025-12-08T08:06:30+03:00" level=info msg="[WARMUP VU 2] Got JWT: eyJhbGciOiJSUzI1NiIs..." source=console
time="2025-12-08T08:06:30+03:00" level=info msg="[WARMUP VU 15] Got JWT: eyJhbGciOiJSUzI1NiIs..." source=console
time="2025-12-08T08:06:30+03:00" level=info msg="[WARMUP VU 4] Got JWT: eyJhbGciOiJSUzI1NiIs..." source=console
time="2025-12-08T08:06:30+03:00" level=info msg="[WARMUP VU 18] Got JWT: eyJhbGciOiJSUzI1NiIs..." source=console
time="2025-12-08T08:06:30+03:00" level=info msg="[WARMUP VU 6] Got JWT: eyJhbGciOiJSUzI1NiIs..." source=console
time="2025-12-08T08:06:30+03:00" level=info msg="[WARMUP VU 8] Got JWT: eyJhbGciOiJSUzI1NiIs..." source=console
time="2025-12-08T08:06:30+03:00" level=info msg="[WARMUP VU 19] Got JWT: eyJhbGciOiJSUzI1NiIs..." source=console
time="2025-12-08T08:06:30+03:00" level=info msg="[WARMUP VU 3] Got JWT: eyJhbGciOiJSUzI1NiIs..." source=console
time="2025-12-08T08:06:30+03:00" level=info msg="[WARMUP VU 11] Got JWT: eyJhbGciOiJSUzI1NiIs..." source=console
time="2025-12-08T08:06:30+03:00" level=info msg="[WARMUP VU 12] Got JWT: eyJhbGciOiJSUzI1NiIs..." source=console
time="2025-12-08T08:06:30+03:00" level=info msg="[WARMUP VU 17] Got JWT: eyJhbGciOiJSUzI1NiIs..." source=console
time="2025-12-08T08:06:30+03:00" level=info msg="[WARMUP VU 16] Got JWT: eyJhbGciOiJSUzI1NiIs..." source=console
time="2025-12-08T08:06:30+03:00" level=info msg="[WARMUP VU 5] Got JWT: eyJhbGciOiJSUzI1NiIs..." source=console
time="2025-12-08T08:06:30+03:00" level=info msg="[WARMUP VU 20] Got JWT: eyJhbGciOiJSUzI1NiIs..." source=console
time="2025-12-08T08:06:30+03:00" level=info msg="[WARMUP VU 10] Got JWT: eyJhbGciOiJSUzI1NiIs..." source=console
time="2025-12-08T08:06:30+03:00" level=info msg="[WARMUP VU 1] Got JWT: eyJhbGciOiJSUzI1NiIs..." source=console
time="2025-12-08T08:06:30+03:00" level=info msg="[WARMUP VU 9] Got JWT: eyJhbGciOiJSUzI1NiIs..." source=console
time="2025-12-08T08:06:30+03:00" level=info msg="[WARMUP VU 13] Got JWT: eyJhbGciOiJSUzI1NiIs..." source=console
time="2025-12-08T08:06:30+03:00" level=info msg="[WARMUP VU 14] Got JWT: eyJhbGciOiJSUzI1NiIs..." source=console

running (0m03.0s), 020/250 VUs, 0 complete and 0 interrupted iterations
warmup      [  15% ] 20 VUs   03.0s/20s
main_test • [   0% ] waiting  17.0s
time="2025-12-08T08:06:31+03:00" level=info msg="[WARMUP VU 9] Cart add status: 200" source=console
time="2025-12-08T08:06:31+03:00" level=info msg="[WARMUP VU 7] Cart add status: 200" source=console
time="2025-12-08T08:06:31+03:00" level=info msg="[WARMUP VU 18] Cart add status: 200" source=console
time="2025-12-08T08:06:31+03:00" level=info msg="[WARMUP VU 5] Cart add status: 200" source=console
time="2025-12-08T08:06:31+03:00" level=info msg="[WARMUP VU 15] Cart add status: 200" source=console
time="2025-12-08T08:06:31+03:00" level=info msg="[WARMUP VU 3] Cart add status: 200" source=console
time="2025-12-08T08:06:31+03:00" level=info msg="[WARMUP VU 20] Cart add status: 200" source=console
time="2025-12-08T08:06:31+03:00" level=info msg="[WARMUP VU 19] Cart add status: 200" source=console
time="2025-12-08T08:06:32+03:00" level=info msg="[WARMUP VU 14] Cart add status: 200" source=console
time="2025-12-08T08:06:32+03:00" level=info msg="[WARMUP VU 8] Cart add status: 200" source=console
time="2025-12-08T08:06:32+03:00" level=info msg="[WARMUP VU 16] Cart add status: 200" source=console
time="2025-12-08T08:06:32+03:00" level=info msg="[WARMUP VU 10] Cart add status: 200" source=console
time="2025-12-08T08:06:32+03:00" level=info msg="[WARMUP VU 11] Cart add status: 200" source=console
time="2025-12-08T08:06:32+03:00" level=info msg="[WARMUP VU 13] Cart add status: 200" source=console
time="2025-12-08T08:06:32+03:00" level=info msg="[WARMUP VU 17] Cart add status: 200" source=console
time="2025-12-08T08:06:32+03:00" level=info msg="[WARMUP VU 4] Cart add status: 200" source=console
time="2025-12-08T08:06:32+03:00" level=info msg="[WARMUP VU 6] Cart add status: 200" source=console
time="2025-12-08T08:06:32+03:00" level=info msg="[WARMUP VU 12] Cart add status: 200" source=console
time="2025-12-08T08:06:32+03:00" level=info msg="[WARMUP VU 2] Cart add status: 200" source=console
time="2025-12-08T08:06:32+03:00" level=info msg="[WARMUP VU 1] Cart add status: 200" source=console

running (0m04.0s), 020/250 VUs, 0 complete and 0 interrupted iterations
warmup      [  20% ] 20 VUs   04.0s/20s
main_test • [   0% ] waiting  16.0s

running (0m05.0s), 020/250 VUs, 0 complete and 0 interrupted iterations
warmup      [  25% ] 20 VUs   05.0s/20s
main_test • [   0% ] waiting  15.0s
time="2025-12-08T08:06:35+03:00" level=info msg="[WARMUP VU 9] Starting warmup iteration" source=console
time="2025-12-08T08:06:35+03:00" level=info msg="[WARMUP VU 7] Starting warmup iteration" source=console
time="2025-12-08T08:06:35+03:00" level=info msg="[WARMUP VU 18] Starting warmup iteration" source=console
time="2025-12-08T08:06:35+03:00" level=info msg="[WARMUP VU 5] Starting warmup iteration" source=console
time="2025-12-08T08:06:35+03:00" level=info msg="[WARMUP VU 15] Starting warmup iteration" source=console
time="2025-12-08T08:06:35+03:00" level=info msg="[WARMUP VU 3] Starting warmup iteration" source=console
time="2025-12-08T08:06:35+03:00" level=info msg="[WARMUP VU 19] Starting warmup iteration" source=console
time="2025-12-08T08:06:35+03:00" level=info msg="[WARMUP VU 20] Starting warmup iteration" source=console
time="2025-12-08T08:06:35+03:00" level=info msg="[WARMUP VU 16] Starting warmup iteration" source=console
time="2025-12-08T08:06:35+03:00" level=info msg="[WARMUP VU 8] Starting warmup iteration" source=console
time="2025-12-08T08:06:35+03:00" level=info msg="[WARMUP VU 14] Starting warmup iteration" source=console
time="2025-12-08T08:06:35+03:00" level=info msg="[WARMUP VU 6] Starting warmup iteration" source=console
time="2025-12-08T08:06:35+03:00" level=info msg="[WARMUP VU 11] Starting warmup iteration" source=console
time="2025-12-08T08:06:35+03:00" level=info msg="[WARMUP VU 2] Starting warmup iteration" source=console
time="2025-12-08T08:06:35+03:00" level=info msg="[WARMUP VU 4] Starting warmup iteration" source=console
time="2025-12-08T08:06:35+03:00" level=info msg="[WARMUP VU 10] Starting warmup iteration" source=console
time="2025-12-08T08:06:35+03:00" level=info msg="[WARMUP VU 1] Starting warmup iteration" source=console
time="2025-12-08T08:06:35+03:00" level=info msg="[WARMUP VU 13] Starting warmup iteration" source=console
time="2025-12-08T08:06:35+03:00" level=info msg="[WARMUP VU 17] Starting warmup iteration" source=console
time="2025-12-08T08:06:35+03:00" level=info msg="[WARMUP VU 12] Starting warmup iteration" source=console

running (0m07.4s), 020/250 VUs, 20 complete and 0 interrupted iterations
warmup      [  30% ] 20 VUs   06.0s/20s
main_test • [   0% ] waiting  14.0s
time="2025-12-08T08:06:35+03:00" level=info msg="[WARMUP VU 9] Got JWT: eyJhbGciOiJSUzI1NiIs..." source=console
time="2025-12-08T08:06:35+03:00" level=info msg="[WARMUP VU 7] Got JWT: eyJhbGciOiJSUzI1NiIs..." source=console
time="2025-12-08T08:06:35+03:00" level=info msg="[WARMUP VU 15] Got JWT: eyJhbGciOiJSUzI1NiIs..." source=console
time="2025-12-08T08:06:35+03:00" level=info msg="[WARMUP VU 18] Got JWT: eyJhbGciOiJSUzI1NiIs..." source=console
time="2025-12-08T08:06:35+03:00" level=info msg="[WARMUP VU 3] Got JWT: eyJhbGciOiJSUzI1NiIs..." source=console
time="2025-12-08T08:06:35+03:00" level=info msg="[WARMUP VU 5] Got JWT: eyJhbGciOiJSUzI1NiIs..." source=console
time="2025-12-08T08:06:35+03:00" level=info msg="[WARMUP VU 19] Got JWT: eyJhbGciOiJSUzI1NiIs..." source=console
time="2025-12-08T08:06:35+03:00" level=info msg="[WARMUP VU 20] Got JWT: eyJhbGciOiJSUzI1NiIs..." source=console
time="2025-12-08T08:06:35+03:00" level=info msg="[WARMUP VU 16] Got JWT: eyJhbGciOiJSUzI1NiIs..." source=console
time="2025-12-08T08:06:35+03:00" level=info msg="[WARMUP VU 14] Got JWT: eyJhbGciOiJSUzI1NiIs..." source=console
time="2025-12-08T08:06:36+03:00" level=info msg="[WARMUP VU 4] Got JWT: eyJhbGciOiJSUzI1NiIs..." source=console
time="2025-12-08T08:06:36+03:00" level=info msg="[WARMUP VU 2] Got JWT: eyJhbGciOiJSUzI1NiIs..." source=console
time="2025-12-08T08:06:36+03:00" level=info msg="[WARMUP VU 12] Got JWT: eyJhbGciOiJSUzI1NiIs..." source=console
time="2025-12-08T08:06:36+03:00" level=info msg="[WARMUP VU 6] Got JWT: eyJhbGciOiJSUzI1NiIs..." source=console
time="2025-12-08T08:06:36+03:00" level=info msg="[WARMUP VU 10] Got JWT: eyJhbGciOiJSUzI1NiIs..." source=console
time="2025-12-08T08:06:36+03:00" level=info msg="[WARMUP VU 11] Got JWT: eyJhbGciOiJSUzI1NiIs..." source=console
time="2025-12-08T08:06:36+03:00" level=info msg="[WARMUP VU 13] Got JWT: eyJhbGciOiJSUzI1NiIs..." source=console
time="2025-12-08T08:06:36+03:00" level=info msg="[WARMUP VU 8] Got JWT: eyJhbGciOiJSUzI1NiIs..." source=console
time="2025-12-08T08:06:36+03:00" level=info msg="[WARMUP VU 17] Got JWT: eyJhbGciOiJSUzI1NiIs..." source=console
time="2025-12-08T08:06:36+03:00" level=info msg="[WARMUP VU 1] Got JWT: eyJhbGciOiJSUzI1NiIs..." source=console

running (0m08.4s), 020/250 VUs, 20 complete and 0 interrupted iterations
warmup      [  35% ] 20 VUs   07.0s/20s
main_test • [   0% ] waiting  13.0s
time="2025-12-08T08:06:36+03:00" level=info msg="[WARMUP VU 9] Cart add status: 200" source=console
time="2025-12-08T08:06:36+03:00" level=info msg="[WARMUP VU 18] Cart add status: 200" source=console
time="2025-12-08T08:06:36+03:00" level=info msg="[WARMUP VU 7] Cart add status: 200" source=console
time="2025-12-08T08:06:36+03:00" level=info msg="[WARMUP VU 15] Cart add status: 200" source=console
time="2025-12-08T08:06:36+03:00" level=info msg="[WARMUP VU 5] Cart add status: 200" source=console
time="2025-12-08T08:06:36+03:00" level=info msg="[WARMUP VU 3] Cart add status: 200" source=console
time="2025-12-08T08:06:36+03:00" level=info msg="[WARMUP VU 19] Cart add status: 200" source=console
time="2025-12-08T08:06:36+03:00" level=info msg="[WARMUP VU 20] Cart add status: 200" source=console
time="2025-12-08T08:06:37+03:00" level=info msg="[WARMUP VU 14] Cart add status: 200" source=console
time="2025-12-08T08:06:37+03:00" level=info msg="[WARMUP VU 16] Cart add status: 200" source=console
time="2025-12-08T08:06:37+03:00" level=info msg="[WARMUP VU 11] Cart add status: 200" source=console
time="2025-12-08T08:06:37+03:00" level=info msg="[WARMUP VU 6] Cart add status: 200" source=console
time="2025-12-08T08:06:37+03:00" level=info msg="[WARMUP VU 1] Cart add status: 200" source=console
time="2025-12-08T08:06:37+03:00" level=info msg="[WARMUP VU 13] Cart add status: 200" source=console
time="2025-12-08T08:06:37+03:00" level=info msg="[WARMUP VU 17] Cart add status: 200" source=console
time="2025-12-08T08:06:37+03:00" level=info msg="[WARMUP VU 2] Cart add status: 200" source=console
time="2025-12-08T08:06:37+03:00" level=info msg="[WARMUP VU 8] Cart add status: 200" source=console
time="2025-12-08T08:06:37+03:00" level=info msg="[WARMUP VU 10] Cart add status: 200" source=console
time="2025-12-08T08:06:37+03:00" level=info msg="[WARMUP VU 4] Cart add status: 200" source=console
time="2025-12-08T08:06:37+03:00" level=info msg="[WARMUP VU 12] Cart add status: 200" source=console

running (0m09.4s), 020/250 VUs, 20 complete and 0 interrupted iterations
warmup      [  40% ] 20 VUs   08.0s/20s
main_test • [   0% ] waiting  12.0s

running (0m10.4s), 020/250 VUs, 20 complete and 0 interrupted iterations
warmup      [  45% ] 20 VUs   09.0s/20s
main_test • [   0% ] waiting  11.0s
time="2025-12-08T08:06:38+03:00" level=info msg="[WARMUP VU 9] Starting warmup iteration" source=console
time="2025-12-08T08:06:38+03:00" level=info msg="[WARMUP VU 15] Starting warmup iteration" source=console
time="2025-12-08T08:06:38+03:00" level=info msg="[WARMUP VU 7] Starting warmup iteration" source=console
time="2025-12-08T08:06:38+03:00" level=info msg="[WARMUP VU 18] Starting warmup iteration" source=console
time="2025-12-08T08:06:38+03:00" level=info msg="[WARMUP VU 9] Got JWT: eyJhbGciOiJSUzI1NiIs..." source=console
time="2025-12-08T08:06:38+03:00" level=info msg="[WARMUP VU 3] Starting warmup iteration" source=console
time="2025-12-08T08:06:38+03:00" level=info msg="[WARMUP VU 5] Starting warmup iteration" source=console
time="2025-12-08T08:06:38+03:00" level=info msg="[WARMUP VU 20] Starting warmup iteration" source=console
time="2025-12-08T08:06:38+03:00" level=info msg="[WARMUP VU 19] Starting warmup iteration" source=console
time="2025-12-08T08:06:38+03:00" level=info msg="[WARMUP VU 18] Got JWT: eyJhbGciOiJSUzI1NiIs..." source=console
time="2025-12-08T08:06:38+03:00" level=info msg="[WARMUP VU 15] Got JWT: eyJhbGciOiJSUzI1NiIs..." source=console
time="2025-12-08T08:06:38+03:00" level=info msg="[WARMUP VU 7] Got JWT: eyJhbGciOiJSUzI1NiIs..." source=console
time="2025-12-08T08:06:39+03:00" level=info msg="[WARMUP VU 19] Got JWT: eyJhbGciOiJSUzI1NiIs..." source=console
time="2025-12-08T08:06:39+03:00" level=info msg="[WARMUP VU 3] Got JWT: eyJhbGciOiJSUzI1NiIs..." source=console
time="2025-12-08T08:06:39+03:00" level=info msg="[WARMUP VU 20] Got JWT: eyJhbGciOiJSUzI1NiIs..." source=console
time="2025-12-08T08:06:39+03:00" level=info msg="[WARMUP VU 5] Got JWT: eyJhbGciOiJSUzI1NiIs..." source=console
time="2025-12-08T08:06:39+03:00" level=info msg="[WARMUP VU 16] Starting warmup iteration" source=console
time="2025-12-08T08:06:39+03:00" level=info msg="[WARMUP VU 14] Starting warmup iteration" source=console
time="2025-12-08T08:06:39+03:00" level=info msg="[WARMUP VU 11] Starting warmup iteration" source=console
time="2025-12-08T08:06:39+03:00" level=info msg="[WARMUP VU 14] Got JWT: eyJhbGciOiJSUzI1NiIs..." source=console
time="2025-12-08T08:06:39+03:00" level=info msg="[WARMUP VU 16] Got JWT: eyJhbGciOiJSUzI1NiIs..." source=console
time="2025-12-08T08:06:39+03:00" level=info msg="[WARMUP VU 6] Starting warmup iteration" source=console
time="2025-12-08T08:06:39+03:00" level=info msg="[WARMUP VU 1] Starting warmup iteration" source=console
time="2025-12-08T08:06:39+03:00" level=info msg="[WARMUP VU 13] Starting warmup iteration" source=console
time="2025-12-08T08:06:39+03:00" level=info msg="[WARMUP VU 17] Starting warmup iteration" source=console
time="2025-12-08T08:06:39+03:00" level=info msg="[WARMUP VU 2] Starting warmup iteration" source=console
time="2025-12-08T08:06:39+03:00" level=info msg="[WARMUP VU 4] Starting warmup iteration" source=console
time="2025-12-08T08:06:39+03:00" level=info msg="[WARMUP VU 10] Starting warmup iteration" source=console
time="2025-12-08T08:06:39+03:00" level=info msg="[WARMUP VU 12] Starting warmup iteration" source=console
time="2025-12-08T08:06:39+03:00" level=info msg="[WARMUP VU 8] Starting warmup iteration" source=console
time="2025-12-08T08:06:39+03:00" level=info msg="[WARMUP VU 11] Got JWT: eyJhbGciOiJSUzI1NiIs..." source=console
time="2025-12-08T08:06:39+03:00" level=info msg="[WARMUP VU 6] Got JWT: eyJhbGciOiJSUzI1NiIs..." source=console
time="2025-12-08T08:06:39+03:00" level=info msg="[WARMUP VU 13] Got JWT: eyJhbGciOiJSUzI1NiIs..." source=console
time="2025-12-08T08:06:39+03:00" level=info msg="[WARMUP VU 1] Got JWT: eyJhbGciOiJSUzI1NiIs..." source=console
time="2025-12-08T08:06:39+03:00" level=info msg="[WARMUP VU 17] Got JWT: eyJhbGciOiJSUzI1NiIs..." source=console
time="2025-12-08T08:06:39+03:00" level=info msg="[WARMUP VU 2] Got JWT: eyJhbGciOiJSUzI1NiIs..." source=console
time="2025-12-08T08:06:39+03:00" level=info msg="[WARMUP VU 8] Got JWT: eyJhbGciOiJSUzI1NiIs..." source=console
time="2025-12-08T08:06:39+03:00" level=info msg="[WARMUP VU 10] Got JWT: eyJhbGciOiJSUzI1NiIs..." source=console
time="2025-12-08T08:06:39+03:00" level=info msg="[WARMUP VU 12] Got JWT: eyJhbGciOiJSUzI1NiIs..." source=console
time="2025-12-08T08:06:39+03:00" level=info msg="[WARMUP VU 4] Got JWT: eyJhbGciOiJSUzI1NiIs..." source=console

running (0m11.4s), 020/250 VUs, 40 complete and 0 interrupted iterations
warmup      [  50% ] 20 VUs   10.0s/20s
main_test • [   0% ] waiting  10.0s
time="2025-12-08T08:06:39+03:00" level=info msg="[WARMUP VU 9] Cart add status: 200" source=console
time="2025-12-08T08:06:39+03:00" level=info msg="[WARMUP VU 15] Cart add status: 200" source=console
time="2025-12-08T08:06:39+03:00" level=info msg="[WARMUP VU 18] Cart add status: 200" source=console
time="2025-12-08T08:06:39+03:00" level=info msg="[WARMUP VU 7] Cart add status: 200" source=console
time="2025-12-08T08:06:40+03:00" level=info msg="[WARMUP VU 20] Cart add status: 200" source=console
time="2025-12-08T08:06:40+03:00" level=info msg="[WARMUP VU 19] Cart add status: 200" source=console
time="2025-12-08T08:06:40+03:00" level=info msg="[WARMUP VU 5] Cart add status: 200" source=console
time="2025-12-08T08:06:40+03:00" level=info msg="[WARMUP VU 3] Cart add status: 200" source=console
time="2025-12-08T08:06:40+03:00" level=info msg="[WARMUP VU 14] Cart add status: 200" source=console
time="2025-12-08T08:06:40+03:00" level=info msg="[WARMUP VU 16] Cart add status: 200" source=console
time="2025-12-08T08:06:40+03:00" level=info msg="[WARMUP VU 6] Cart add status: 200" source=console
time="2025-12-08T08:06:40+03:00" level=info msg="[WARMUP VU 11] Cart add status: 200" source=console
time="2025-12-08T08:06:40+03:00" level=info msg="[WARMUP VU 13] Cart add status: 200" source=console
time="2025-12-08T08:06:40+03:00" level=info msg="[WARMUP VU 1] Cart add status: 200" source=console
time="2025-12-08T08:06:40+03:00" level=info msg="[WARMUP VU 17] Cart add status: 200" source=console
time="2025-12-08T08:06:40+03:00" level=info msg="[WARMUP VU 2] Cart add status: 200" source=console

running (0m12.4s), 020/250 VUs, 40 complete and 0 interrupted iterations
warmup      [  55% ] 20 VUs   11.0s/20s
main_test • [   0% ] waiting  09.0s
time="2025-12-08T08:06:40+03:00" level=info msg="[WARMUP VU 10] Cart add status: 200" source=console
time="2025-12-08T08:06:40+03:00" level=info msg="[WARMUP VU 12] Cart add status: 200" source=console
time="2025-12-08T08:06:40+03:00" level=info msg="[WARMUP VU 4] Cart add status: 200" source=console
time="2025-12-08T08:06:40+03:00" level=info msg="[WARMUP VU 8] Cart add status: 200" source=console

running (0m13.4s), 020/250 VUs, 40 complete and 0 interrupted iterations
warmup      [  60% ] 20 VUs   12.0s/20s
main_test • [   0% ] waiting  08.0s
time="2025-12-08T08:06:41+03:00" level=info msg="[WARMUP VU 9] Starting warmup iteration" source=console
time="2025-12-08T08:06:41+03:00" level=info msg="[WARMUP VU 9] Got JWT: eyJhbGciOiJSUzI1NiIs..." source=console
time="2025-12-08T08:06:41+03:00" level=info msg="[WARMUP VU 15] Starting warmup iteration" source=console
time="2025-12-08T08:06:41+03:00" level=info msg="[WARMUP VU 18] Starting warmup iteration" source=console
time="2025-12-08T08:06:41+03:00" level=info msg="[WARMUP VU 7] Starting warmup iteration" source=console
time="2025-12-08T08:06:42+03:00" level=info msg="[WARMUP VU 15] Got JWT: eyJhbGciOiJSUzI1NiIs..." source=console
time="2025-12-08T08:06:42+03:00" level=info msg="[WARMUP VU 18] Got JWT: eyJhbGciOiJSUzI1NiIs..." source=console
time="2025-12-08T08:06:42+03:00" level=info msg="[WARMUP VU 7] Got JWT: eyJhbGciOiJSUzI1NiIs..." source=console
time="2025-12-08T08:06:42+03:00" level=info msg="[WARMUP VU 20] Starting warmup iteration" source=console
time="2025-12-08T08:06:42+03:00" level=info msg="[WARMUP VU 3] Starting warmup iteration" source=console
time="2025-12-08T08:06:42+03:00" level=info msg="[WARMUP VU 5] Starting warmup iteration" source=console
time="2025-12-08T08:06:42+03:00" level=info msg="[WARMUP VU 19] Starting warmup iteration" source=console
time="2025-12-08T08:06:42+03:00" level=info msg="[WARMUP VU 20] Got JWT: eyJhbGciOiJSUzI1NiIs..." source=console
time="2025-12-08T08:06:42+03:00" level=info msg="[WARMUP VU 19] Got JWT: eyJhbGciOiJSUzI1NiIs..." source=console
time="2025-12-08T08:06:42+03:00" level=info msg="[WARMUP VU 14] Starting warmup iteration" source=console
time="2025-12-08T08:06:42+03:00" level=info msg="[WARMUP VU 16] Starting warmup iteration" source=console
time="2025-12-08T08:06:42+03:00" level=info msg="[WARMUP VU 3] Got JWT: eyJhbGciOiJSUzI1NiIs..." source=console
time="2025-12-08T08:06:42+03:00" level=info msg="[WARMUP VU 5] Got JWT: eyJhbGciOiJSUzI1NiIs..." source=console
time="2025-12-08T08:06:42+03:00" level=info msg="[WARMUP VU 11] Starting warmup iteration" source=console
time="2025-12-08T08:06:42+03:00" level=info msg="[WARMUP VU 6] Starting warmup iteration" source=console
time="2025-12-08T08:06:42+03:00" level=info msg="[WARMUP VU 16] Got JWT: eyJhbGciOiJSUzI1NiIs..." source=console
time="2025-12-08T08:06:42+03:00" level=info msg="[WARMUP VU 14] Got JWT: eyJhbGciOiJSUzI1NiIs..." source=console
time="2025-12-08T08:06:42+03:00" level=info msg="[WARMUP VU 1] Starting warmup iteration" source=console
time="2025-12-08T08:06:42+03:00" level=info msg="[WARMUP VU 13] Starting warmup iteration" source=console
time="2025-12-08T08:06:42+03:00" level=info msg="[WARMUP VU 11] Got JWT: eyJhbGciOiJSUzI1NiIs..." source=console
time="2025-12-08T08:06:42+03:00" level=info msg="[WARMUP VU 6] Got JWT: eyJhbGciOiJSUzI1NiIs..." source=console
time="2025-12-08T08:06:42+03:00" level=info msg="[WARMUP VU 13] Got JWT: eyJhbGciOiJSUzI1NiIs..." source=console
time="2025-12-08T08:06:42+03:00" level=info msg="[WARMUP VU 1] Got JWT: eyJhbGciOiJSUzI1NiIs..." source=console
time="2025-12-08T08:06:42+03:00" level=info msg="[WARMUP VU 17] Starting warmup iteration" source=console
time="2025-12-08T08:06:42+03:00" level=info msg="[WARMUP VU 2] Starting warmup iteration" source=console
time="2025-12-08T08:06:42+03:00" level=info msg="[WARMUP VU 17] Got JWT: eyJhbGciOiJSUzI1NiIs..." source=console
time="2025-12-08T08:06:42+03:00" level=info msg="[WARMUP VU 2] Got JWT: eyJhbGciOiJSUzI1NiIs..." source=console

running (0m14.4s), 020/250 VUs, 56 complete and 0 interrupted iterations
warmup      [  65% ] 20 VUs   13.0s/20s
main_test • [   0% ] waiting  07.0s
time="2025-12-08T08:06:42+03:00" level=info msg="[WARMUP VU 10] Starting warmup iteration" source=console
time="2025-12-08T08:06:42+03:00" level=info msg="[WARMUP VU 12] Starting warmup iteration" source=console
time="2025-12-08T08:06:42+03:00" level=info msg="[WARMUP VU 8] Starting warmup iteration" source=console
time="2025-12-08T08:06:42+03:00" level=info msg="[WARMUP VU 4] Starting warmup iteration" source=console
time="2025-12-08T08:06:42+03:00" level=info msg="[WARMUP VU 10] Got JWT: eyJhbGciOiJSUzI1NiIs..." source=console
time="2025-12-08T08:06:42+03:00" level=info msg="[WARMUP VU 4] Got JWT: eyJhbGciOiJSUzI1NiIs..." source=console
time="2025-12-08T08:06:42+03:00" level=info msg="[WARMUP VU 8] Got JWT: eyJhbGciOiJSUzI1NiIs..." source=console
time="2025-12-08T08:06:42+03:00" level=info msg="[WARMUP VU 12] Got JWT: eyJhbGciOiJSUzI1NiIs..." source=console
time="2025-12-08T08:06:42+03:00" level=info msg="[WARMUP VU 9] Cart add status: 200" source=console
time="2025-12-08T08:06:43+03:00" level=info msg="[WARMUP VU 18] Cart add status: 200" source=console
time="2025-12-08T08:06:43+03:00" level=info msg="[WARMUP VU 15] Cart add status: 200" source=console
time="2025-12-08T08:06:43+03:00" level=info msg="[WARMUP VU 7] Cart add status: 200" source=console
time="2025-12-08T08:06:43+03:00" level=info msg="[WARMUP VU 20] Cart add status: 200" source=console
time="2025-12-08T08:06:43+03:00" level=info msg="[WARMUP VU 19] Cart add status: 200" source=console
time="2025-12-08T08:06:43+03:00" level=info msg="[WARMUP VU 5] Cart add status: 200" source=console
time="2025-12-08T08:06:43+03:00" level=info msg="[WARMUP VU 3] Cart add status: 200" source=console
time="2025-12-08T08:06:43+03:00" level=info msg="[WARMUP VU 14] Cart add status: 200" source=console
time="2025-12-08T08:06:43+03:00" level=info msg="[WARMUP VU 16] Cart add status: 200" source=console
time="2025-12-08T08:06:43+03:00" level=info msg="[WARMUP VU 6] Cart add status: 200" source=console
time="2025-12-08T08:06:43+03:00" level=info msg="[WARMUP VU 11] Cart add status: 200" source=console
time="2025-12-08T08:06:43+03:00" level=info msg="[WARMUP VU 13] Cart add status: 200" source=console
time="2025-12-08T08:06:43+03:00" level=info msg="[WARMUP VU 1] Cart add status: 200" source=console

running (0m15.4s), 020/250 VUs, 60 complete and 0 interrupted iterations
warmup      [  70% ] 20 VUs   14.0s/20s
main_test • [   0% ] waiting  06.0s
time="2025-12-08T08:06:43+03:00" level=info msg="[WARMUP VU 17] Cart add status: 200" source=console
time="2025-12-08T08:06:43+03:00" level=info msg="[WARMUP VU 2] Cart add status: 200" source=console
time="2025-12-08T08:06:43+03:00" level=info msg="[WARMUP VU 10] Cart add status: 200" source=console
time="2025-12-08T08:06:43+03:00" level=info msg="[WARMUP VU 4] Cart add status: 200" source=console
time="2025-12-08T08:06:43+03:00" level=info msg="[WARMUP VU 8] Cart add status: 200" source=console
time="2025-12-08T08:06:43+03:00" level=info msg="[WARMUP VU 12] Cart add status: 200" source=console

running (0m16.4s), 020/250 VUs, 60 complete and 0 interrupted iterations
warmup      [  75% ] 20 VUs   15.0s/20s
main_test • [   0% ] waiting  05.0s
time="2025-12-08T08:06:44+03:00" level=info msg="[WARMUP VU 9] Starting warmup iteration" source=console
time="2025-12-08T08:06:44+03:00" level=info msg="[WARMUP VU 9] Got JWT: eyJhbGciOiJSUzI1NiIs..." source=console
time="2025-12-08T08:06:45+03:00" level=info msg="[WARMUP VU 18] Starting warmup iteration" source=console
time="2025-12-08T08:06:45+03:00" level=info msg="[WARMUP VU 15] Starting warmup iteration" source=console
time="2025-12-08T08:06:45+03:00" level=info msg="[WARMUP VU 15] Got JWT: eyJhbGciOiJSUzI1NiIs..." source=console
time="2025-12-08T08:06:45+03:00" level=info msg="[WARMUP VU 18] Got JWT: eyJhbGciOiJSUzI1NiIs..." source=console
time="2025-12-08T08:06:45+03:00" level=info msg="[WARMUP VU 7] Starting warmup iteration" source=console
time="2025-12-08T08:06:45+03:00" level=info msg="[WARMUP VU 7] Got JWT: eyJhbGciOiJSUzI1NiIs..." source=console
time="2025-12-08T08:06:45+03:00" level=info msg="[WARMUP VU 20] Starting warmup iteration" source=console
time="2025-12-08T08:06:45+03:00" level=info msg="[WARMUP VU 19] Starting warmup iteration" source=console
time="2025-12-08T08:06:45+03:00" level=info msg="[WARMUP VU 5] Starting warmup iteration" source=console
time="2025-12-08T08:06:45+03:00" level=info msg="[WARMUP VU 3] Starting warmup iteration" source=console
time="2025-12-08T08:06:45+03:00" level=info msg="[WARMUP VU 20] Got JWT: eyJhbGciOiJSUzI1NiIs..." source=console
time="2025-12-08T08:06:45+03:00" level=info msg="[WARMUP VU 19] Got JWT: eyJhbGciOiJSUzI1NiIs..." source=console
time="2025-12-08T08:06:45+03:00" level=info msg="[WARMUP VU 5] Got JWT: eyJhbGciOiJSUzI1NiIs..." source=console
time="2025-12-08T08:06:45+03:00" level=info msg="[WARMUP VU 3] Got JWT: eyJhbGciOiJSUzI1NiIs..." source=console
time="2025-12-08T08:06:45+03:00" level=info msg="[WARMUP VU 14] Starting warmup iteration" source=console
time="2025-12-08T08:06:45+03:00" level=info msg="[WARMUP VU 16] Starting warmup iteration" source=console
time="2025-12-08T08:06:45+03:00" level=info msg="[WARMUP VU 14] Got JWT: eyJhbGciOiJSUzI1NiIs..." source=console
time="2025-12-08T08:06:45+03:00" level=info msg="[WARMUP VU 16] Got JWT: eyJhbGciOiJSUzI1NiIs..." source=console
time="2025-12-08T08:06:45+03:00" level=info msg="[WARMUP VU 11] Starting warmup iteration" source=console
time="2025-12-08T08:06:45+03:00" level=info msg="[WARMUP VU 6] Starting warmup iteration" source=console
time="2025-12-08T08:06:45+03:00" level=info msg="[WARMUP VU 13] Starting warmup iteration" source=console
time="2025-12-08T08:06:45+03:00" level=info msg="[WARMUP VU 1] Starting warmup iteration" source=console
time="2025-12-08T08:06:45+03:00" level=info msg="[WARMUP VU 11] Got JWT: eyJhbGciOiJSUzI1NiIs..." source=console
time="2025-12-08T08:06:45+03:00" level=info msg="[WARMUP VU 6] Got JWT: eyJhbGciOiJSUzI1NiIs..." source=console
time="2025-12-08T08:06:45+03:00" level=info msg="[WARMUP VU 1] Got JWT: eyJhbGciOiJSUzI1NiIs..." source=console
time="2025-12-08T08:06:45+03:00" level=info msg="[WARMUP VU 13] Got JWT: eyJhbGciOiJSUzI1NiIs..." source=console

running (0m17.4s), 020/250 VUs, 74 complete and 0 interrupted iterations
warmup      [  80% ] 20 VUs   16.0s/20s
main_test • [   0% ] waiting  04.0s
time="2025-12-08T08:06:45+03:00" level=info msg="[WARMUP VU 17] Starting warmup iteration" source=console
time="2025-12-08T08:06:45+03:00" level=info msg="[WARMUP VU 2] Starting warmup iteration" source=console
time="2025-12-08T08:06:45+03:00" level=info msg="[WARMUP VU 17] Got JWT: eyJhbGciOiJSUzI1NiIs..." source=console
time="2025-12-08T08:06:45+03:00" level=info msg="[WARMUP VU 2] Got JWT: eyJhbGciOiJSUzI1NiIs..." source=console
time="2025-12-08T08:06:45+03:00" level=info msg="[WARMUP VU 10] Starting warmup iteration" source=console
time="2025-12-08T08:06:45+03:00" level=info msg="[WARMUP VU 10] Got JWT: eyJhbGciOiJSUzI1NiIs..." source=console
time="2025-12-08T08:06:45+03:00" level=info msg="[WARMUP VU 12] Starting warmup iteration" source=console
time="2025-12-08T08:06:45+03:00" level=info msg="[WARMUP VU 4] Starting warmup iteration" source=console
time="2025-12-08T08:06:45+03:00" level=info msg="[WARMUP VU 8] Starting warmup iteration" source=console
time="2025-12-08T08:06:45+03:00" level=info msg="[WARMUP VU 8] Got JWT: eyJhbGciOiJSUzI1NiIs..." source=console
time="2025-12-08T08:06:45+03:00" level=info msg="[WARMUP VU 12] Got JWT: eyJhbGciOiJSUzI1NiIs..." source=console
time="2025-12-08T08:06:45+03:00" level=info msg="[WARMUP VU 4] Got JWT: eyJhbGciOiJSUzI1NiIs..." source=console
time="2025-12-08T08:06:45+03:00" level=info msg="[WARMUP VU 9] Cart add status: 200" source=console
time="2025-12-08T08:06:46+03:00" level=info msg="[WARMUP VU 18] Cart add status: 200" source=console
time="2025-12-08T08:06:46+03:00" level=info msg="[WARMUP VU 15] Cart add status: 200" source=console
time="2025-12-08T08:06:46+03:00" level=info msg="[WARMUP VU 7] Cart add status: 200" source=console
time="2025-12-08T08:06:46+03:00" level=info msg="[WARMUP VU 20] Cart add status: 200" source=console
time="2025-12-08T08:06:46+03:00" level=info msg="[WARMUP VU 19] Cart add status: 200" source=console
time="2025-12-08T08:06:46+03:00" level=info msg="[WARMUP VU 3] Cart add status: 200" source=console
time="2025-12-08T08:06:46+03:00" level=info msg="[WARMUP VU 5] Cart add status: 200" source=console
time="2025-12-08T08:06:46+03:00" level=info msg="[WARMUP VU 14] Cart add status: 200" source=console
time="2025-12-08T08:06:46+03:00" level=info msg="[WARMUP VU 16] Cart add status: 200" source=console

running (0m18.4s), 020/250 VUs, 80 complete and 0 interrupted iterations
warmup      [  85% ] 20 VUs   17.0s/20s
main_test • [   0% ] waiting  03.0s
time="2025-12-08T08:06:46+03:00" level=info msg="[WARMUP VU 11] Cart add status: 200" source=console
time="2025-12-08T08:06:46+03:00" level=info msg="[WARMUP VU 6] Cart add status: 200" source=console
time="2025-12-08T08:06:46+03:00" level=info msg="[WARMUP VU 13] Cart add status: 200" source=console
time="2025-12-08T08:06:46+03:00" level=info msg="[WARMUP VU 1] Cart add status: 200" source=console
time="2025-12-08T08:06:46+03:00" level=info msg="[WARMUP VU 2] Cart add status: 200" source=console
time="2025-12-08T08:06:46+03:00" level=info msg="[WARMUP VU 17] Cart add status: 200" source=console
time="2025-12-08T08:06:46+03:00" level=info msg="[WARMUP VU 10] Cart add status: 200" source=console
time="2025-12-08T08:06:46+03:00" level=info msg="[WARMUP VU 8] Cart add status: 200" source=console
time="2025-12-08T08:06:46+03:00" level=info msg="[WARMUP VU 12] Cart add status: 200" source=console
time="2025-12-08T08:06:46+03:00" level=info msg="[WARMUP VU 4] Cart add status: 200" source=console

running (0m19.4s), 020/250 VUs, 80 complete and 0 interrupted iterations
warmup      [  90% ] 20 VUs   18.0s/20s
main_test • [   0% ] waiting  02.0s
time="2025-12-08T08:06:47+03:00" level=info msg="[WARMUP VU 9] Starting warmup iteration" source=console
time="2025-12-08T08:06:48+03:00" level=info msg="[WARMUP VU 9] Got JWT: eyJhbGciOiJSUzI1NiIs..." source=console
time="2025-12-08T08:06:48+03:00" level=info msg="[WARMUP VU 18] Starting warmup iteration" source=console
time="2025-12-08T08:06:48+03:00" level=info msg="[WARMUP VU 15] Starting warmup iteration" source=console
time="2025-12-08T08:06:48+03:00" level=info msg="[WARMUP VU 15] Got JWT: eyJhbGciOiJSUzI1NiIs..." source=console
time="2025-12-08T08:06:48+03:00" level=info msg="[WARMUP VU 18] Got JWT: eyJhbGciOiJSUzI1NiIs..." source=console
time="2025-12-08T08:06:48+03:00" level=info msg="[WARMUP VU 7] Starting warmup iteration" source=console
time="2025-12-08T08:06:48+03:00" level=info msg="[WARMUP VU 7] Got JWT: eyJhbGciOiJSUzI1NiIs..." source=console
time="2025-12-08T08:06:48+03:00" level=info msg="[WARMUP VU 20] Starting warmup iteration" source=console
time="2025-12-08T08:06:48+03:00" level=info msg="[WARMUP VU 19] Starting warmup iteration" source=console
time="2025-12-08T08:06:48+03:00" level=info msg="[WARMUP VU 20] Got JWT: eyJhbGciOiJSUzI1NiIs..." source=console
time="2025-12-08T08:06:48+03:00" level=info msg="[WARMUP VU 19] Got JWT: eyJhbGciOiJSUzI1NiIs..." source=console
time="2025-12-08T08:06:48+03:00" level=info msg="[WARMUP VU 5] Starting warmup iteration" source=console
time="2025-12-08T08:06:48+03:00" level=info msg="[WARMUP VU 3] Starting warmup iteration" source=console
time="2025-12-08T08:06:48+03:00" level=info msg="[WARMUP VU 3] Got JWT: eyJhbGciOiJSUzI1NiIs..." source=console
time="2025-12-08T08:06:48+03:00" level=info msg="[WARMUP VU 16] Starting warmup iteration" source=console
time="2025-12-08T08:06:48+03:00" level=info msg="[WARMUP VU 14] Starting warmup iteration" source=console
time="2025-12-08T08:06:48+03:00" level=info msg="[WARMUP VU 5] Got JWT: eyJhbGciOiJSUzI1NiIs..." source=console
time="2025-12-08T08:06:48+03:00" level=info msg="[WARMUP VU 16] Got JWT: eyJhbGciOiJSUzI1NiIs..." source=console

running (0m20.4s), 020/250 VUs, 90 complete and 0 interrupted iterations
warmup      [  95% ] 20 VUs   19.0s/20s
main_test • [   0% ] waiting  01.0s
time="2025-12-08T08:06:48+03:00" level=info msg="[WARMUP VU 14] Got JWT: eyJhbGciOiJSUzI1NiIs..." source=console
time="2025-12-08T08:06:48+03:00" level=info msg="[WARMUP VU 11] Starting warmup iteration" source=console
time="2025-12-08T08:06:48+03:00" level=info msg="[WARMUP VU 1] Starting warmup iteration" source=console
time="2025-12-08T08:06:48+03:00" level=info msg="[WARMUP VU 13] Starting warmup iteration" source=console
time="2025-12-08T08:06:48+03:00" level=info msg="[WARMUP VU 6] Starting warmup iteration" source=console
time="2025-12-08T08:06:48+03:00" level=info msg="[WARMUP VU 11] Got JWT: eyJhbGciOiJSUzI1NiIs..." source=console
time="2025-12-08T08:06:48+03:00" level=info msg="[WARMUP VU 17] Starting warmup iteration" source=console
time="2025-12-08T08:06:48+03:00" level=info msg="[WARMUP VU 2] Starting warmup iteration" source=console
time="2025-12-08T08:06:48+03:00" level=info msg="[WARMUP VU 10] Starting warmup iteration" source=console
time="2025-12-08T08:06:48+03:00" level=info msg="[WARMUP VU 6] Got JWT: eyJhbGciOiJSUzI1NiIs..." source=console
time="2025-12-08T08:06:48+03:00" level=info msg="[WARMUP VU 13] Got JWT: eyJhbGciOiJSUzI1NiIs..." source=console
time="2025-12-08T08:06:48+03:00" level=info msg="[WARMUP VU 1] Got JWT: eyJhbGciOiJSUzI1NiIs..." source=console
time="2025-12-08T08:06:48+03:00" level=info msg="[WARMUP VU 2] Got JWT: eyJhbGciOiJSUzI1NiIs..." source=console
time="2025-12-08T08:06:48+03:00" level=info msg="[WARMUP VU 17] Got JWT: eyJhbGciOiJSUzI1NiIs..." source=console
time="2025-12-08T08:06:48+03:00" level=info msg="[WARMUP VU 8] Starting warmup iteration" source=console
time="2025-12-08T08:06:48+03:00" level=info msg="[WARMUP VU 4] Starting warmup iteration" source=console
time="2025-12-08T08:06:48+03:00" level=info msg="[WARMUP VU 12] Starting warmup iteration" source=console
time="2025-12-08T08:06:48+03:00" level=info msg="[WARMUP VU 10] Got JWT: eyJhbGciOiJSUzI1NiIs..." source=console
time="2025-12-08T08:06:49+03:00" level=info msg="[WARMUP VU 9] Cart add status: 200" source=console
time="2025-12-08T08:06:49+03:00" level=info msg="[WARMUP VU 4] Got JWT: eyJhbGciOiJSUzI1NiIs..." source=console
time="2025-12-08T08:06:49+03:00" level=info msg="[WARMUP VU 12] Got JWT: eyJhbGciOiJSUzI1NiIs..." source=console
time="2025-12-08T08:06:49+03:00" level=info msg="[WARMUP VU 8] Got JWT: eyJhbGciOiJSUzI1NiIs..." source=console
time="2025-12-08T08:06:49+03:00" level=info msg="[WARMUP VU 15] Cart add status: 200" source=console
time="2025-12-08T08:06:49+03:00" level=info msg="[WARMUP VU 18] Cart add status: 200" source=console
time="2025-12-08T08:06:49+03:00" level=info msg="[WARMUP VU 7] Cart add status: 200" source=console
time="2025-12-08T08:06:49+03:00" level=info msg="[WARMUP VU 20] Cart add status: 200" source=console
time="2025-12-08T08:06:49+03:00" level=info msg="[WARMUP VU 19] Cart add status: 200" source=console
time="2025-12-08T08:06:49+03:00" level=info msg="[WARMUP VU 3] Cart add status: 200" source=console
time="2025-12-08T08:06:49+03:00" level=info msg="[WARMUP VU 5] Cart add status: 200" source=console
time="2025-12-08T08:06:49+03:00" level=info msg="[WARMUP VU 16] Cart add status: 200" source=console

running (0m21.4s), 020/250 VUs, 100 complete and 0 interrupted iterations
warmup      [ 100% ] 20 VUs   20.0s/20s
main_test • [   0% ] waiting  00.0s
time="2025-12-08T08:06:49+03:00" level=info msg="[WARMUP VU 14] Cart add status: 200" source=console
time="2025-12-08T08:06:49+03:00" level=info msg="[WARMUP VU 11] Cart add status: 200" source=console
time="2025-12-08T08:06:49+03:00" level=info msg="[WARMUP VU 13] Cart add status: 200" source=console
time="2025-12-08T08:06:49+03:00" level=info msg="[WARMUP VU 1] Cart add status: 200" source=console
time="2025-12-08T08:06:49+03:00" level=info msg="[WARMUP VU 6] Cart add status: 200" source=console
time="2025-12-08T08:06:49+03:00" level=info msg="[WARMUP VU 17] Cart add status: 200" source=console
time="2025-12-08T08:06:49+03:00" level=info msg="[WARMUP VU 2] Cart add status: 200" source=console
time="2025-12-08T08:06:49+03:00" level=info msg="[WARMUP VU 10] Cart add status: 200" source=console
time="2025-12-08T08:06:50+03:00" level=info msg="[WARMUP VU 12] Cart add status: 200" source=console
time="2025-12-08T08:06:50+03:00" level=info msg="[WARMUP VU 4] Cart add status: 200" source=console
time="2025-12-08T08:06:50+03:00" level=info msg="[WARMUP VU 8] Cart add status: 200" source=console

running (0m22.4s), 024/250 VUs, 100 complete and 0 interrupted iterations
warmup    ↓ [ 100% ] 20 VUs       20s
main_test   [   0% ] 004/250 VUs  0m01.0s/6m00.0s

running (0m23.4s), 019/250 VUs, 109 complete and 0 interrupted iterations
warmup    ↓ [ 100% ] 20 VUs       20s
main_test   [   1% ] 008/250 VUs  0m02.0s/6m00.0s

running (0m24.4s), 012/250 VUs, 120 complete and 0 interrupted iterations
warmup    ✓ [ 100% ] 20 VUs       20s
main_test   [   1% ] 012/250 VUs  0m03.0s/6m00.0s

running (0m25.4s), 016/250 VUs, 120 complete and 0 interrupted iterations
warmup    ✓ [ 100% ] 20 VUs       20s
main_test   [   1% ] 016/250 VUs  0m04.0s/6m00.0s

running (0m26.4s), 020/250 VUs, 120 complete and 0 interrupted iterations
warmup    ✓ [ 100% ] 20 VUs       20s
main_test   [   1% ] 020/250 VUs  0m05.0s/6m00.0s

running (0m27.4s), 024/250 VUs, 120 complete and 0 interrupted iterations
warmup    ✓ [ 100% ] 20 VUs       20s
main_test   [   2% ] 024/250 VUs  0m06.0s/6m00.0s

running (0m28.4s), 029/250 VUs, 120 complete and 0 interrupted iterations
warmup    ✓ [ 100% ] 20 VUs       20s
main_test   [   2% ] 029/250 VUs  0m07.0s/6m00.0s

running (0m29.4s), 033/250 VUs, 120 complete and 0 interrupted iterations
warmup    ✓ [ 100% ] 20 VUs       20s
main_test   [   2% ] 033/250 VUs  0m08.0s/6m00.0s

running (0m30.4s), 037/250 VUs, 120 complete and 0 interrupted iterations
warmup    ✓ [ 100% ] 20 VUs       20s
main_test   [   2% ] 037/250 VUs  0m09.0s/6m00.0s

running (0m31.4s), 041/250 VUs, 120 complete and 0 interrupted iterations
warmup    ✓ [ 100% ] 20 VUs       20s
main_test   [   3% ] 041/250 VUs  0m10.0s/6m00.0s

running (0m32.4s), 045/250 VUs, 120 complete and 0 interrupted iterations
warmup    ✓ [ 100% ] 20 VUs       20s
main_test   [   3% ] 045/250 VUs  0m11.0s/6m00.0s

running (0m33.4s), 049/250 VUs, 120 complete and 0 interrupted iterations
warmup    ✓ [ 100% ] 20 VUs       20s
main_test   [   3% ] 049/250 VUs  0m12.0s/6m00.0s

running (0m34.4s), 054/250 VUs, 120 complete and 0 interrupted iterations
warmup    ✓ [ 100% ] 20 VUs       20s
main_test   [   4% ] 054/250 VUs  0m13.0s/6m00.0s

running (0m35.4s), 058/250 VUs, 120 complete and 0 interrupted iterations
warmup    ✓ [ 100% ] 20 VUs       20s
main_test   [   4% ] 058/250 VUs  0m14.0s/6m00.0s

running (0m36.4s), 062/250 VUs, 120 complete and 0 interrupted iterations
warmup    ✓ [ 100% ] 20 VUs       20s
main_test   [   4% ] 062/250 VUs  0m15.0s/6m00.0s

running (0m38.7s), 066/250 VUs, 120 complete and 0 interrupted iterations
warmup    ✓ [ 100% ] 20 VUs       20s
main_test   [   4% ] 066/250 VUs  0m16.0s/6m00.0s

running (0m39.7s), 070/250 VUs, 120 complete and 0 interrupted iterations
warmup    ✓ [ 100% ] 20 VUs       20s
main_test   [   5% ] 070/250 VUs  0m17.0s/6m00.0s

running (0m40.7s), 074/250 VUs, 120 complete and 0 interrupted iterations
warmup    ✓ [ 100% ] 20 VUs       20s
main_test   [   5% ] 074/250 VUs  0m18.0s/6m00.0s

running (0m41.7s), 079/250 VUs, 120 complete and 0 interrupted iterations
warmup    ✓ [ 100% ] 20 VUs       20s
main_test   [   5% ] 079/250 VUs  0m19.0s/6m00.0s

running (0m42.7s), 083/250 VUs, 120 complete and 0 interrupted iterations
warmup    ✓ [ 100% ] 20 VUs       20s
main_test   [   6% ] 083/250 VUs  0m20.0s/6m00.0s

running (0m43.7s), 087/250 VUs, 120 complete and 0 interrupted iterations
warmup    ✓ [ 100% ] 20 VUs       20s
main_test   [   6% ] 087/250 VUs  0m21.0s/6m00.0s

running (0m44.7s), 091/250 VUs, 120 complete and 0 interrupted iterations
warmup    ✓ [ 100% ] 20 VUs       20s
main_test   [   6% ] 091/250 VUs  0m22.0s/6m00.0s

running (0m45.7s), 095/250 VUs, 120 complete and 0 interrupted iterations
warmup    ✓ [ 100% ] 20 VUs       20s
main_test   [   6% ] 095/250 VUs  0m23.0s/6m00.0s

running (0m46.7s), 099/250 VUs, 120 complete and 0 interrupted iterations
warmup    ✓ [ 100% ] 20 VUs       20s
main_test   [   7% ] 099/250 VUs  0m24.0s/6m00.0s

running (0m47.7s), 104/250 VUs, 120 complete and 0 interrupted iterations
warmup    ✓ [ 100% ] 20 VUs       20s
main_test   [   7% ] 104/250 VUs  0m25.0s/6m00.0s

running (0m48.7s), 108/250 VUs, 120 complete and 0 interrupted iterations
warmup    ✓ [ 100% ] 20 VUs       20s
main_test   [   7% ] 108/250 VUs  0m26.0s/6m00.0s

running (0m49.7s), 112/250 VUs, 120 complete and 0 interrupted iterations
warmup    ✓ [ 100% ] 20 VUs       20s
main_test   [   7% ] 112/250 VUs  0m27.0s/6m00.0s

running (0m50.7s), 116/250 VUs, 120 complete and 0 interrupted iterations
warmup    ✓ [ 100% ] 20 VUs       20s
main_test   [   8% ] 116/250 VUs  0m28.0s/6m00.0s

running (0m51.7s), 120/250 VUs, 120 complete and 0 interrupted iterations
warmup    ✓ [ 100% ] 20 VUs       20s
main_test   [   8% ] 120/250 VUs  0m29.0s/6m00.0s

running (0m52.7s), 124/250 VUs, 120 complete and 0 interrupted iterations
warmup    ✓ [ 100% ] 20 VUs       20s
main_test   [   8% ] 124/250 VUs  0m30.0s/6m00.0s

running (0m53.7s), 129/250 VUs, 120 complete and 0 interrupted iterations
warmup    ✓ [ 100% ] 20 VUs       20s
main_test   [   9% ] 129/250 VUs  0m31.0s/6m00.0s

running (0m54.7s), 133/250 VUs, 120 complete and 0 interrupted iterations
warmup    ✓ [ 100% ] 20 VUs       20s
main_test   [   9% ] 133/250 VUs  0m32.0s/6m00.0s

running (0m55.7s), 137/250 VUs, 120 complete and 0 interrupted iterations
warmup    ✓ [ 100% ] 20 VUs       20s
main_test   [   9% ] 137/250 VUs  0m33.0s/6m00.0s

running (0m56.7s), 141/250 VUs, 120 complete and 0 interrupted iterations
warmup    ✓ [ 100% ] 20 VUs       20s
main_test   [   9% ] 141/250 VUs  0m34.0s/6m00.0s

running (0m57.7s), 145/250 VUs, 120 complete and 0 interrupted iterations
warmup    ✓ [ 100% ] 20 VUs       20s
main_test   [  10% ] 145/250 VUs  0m35.0s/6m00.0s

running (0m58.7s), 149/250 VUs, 120 complete and 0 interrupted iterations
warmup    ✓ [ 100% ] 20 VUs       20s
main_test   [  10% ] 149/250 VUs  0m36.0s/6m00.0s

running (0m59.7s), 154/250 VUs, 120 complete and 0 interrupted iterations
warmup    ✓ [ 100% ] 20 VUs       20s
main_test   [  10% ] 154/250 VUs  0m37.0s/6m00.0s

running (1m00.7s), 158/250 VUs, 120 complete and 0 interrupted iterations
warmup    ✓ [ 100% ] 20 VUs       20s
main_test   [  11% ] 158/250 VUs  0m38.0s/6m00.0s

running (1m01.7s), 162/250 VUs, 120 complete and 0 interrupted iterations
warmup    ✓ [ 100% ] 20 VUs       20s
main_test   [  11% ] 162/250 VUs  0m39.0s/6m00.0s

running (1m02.7s), 166/250 VUs, 120 complete and 0 interrupted iterations
warmup    ✓ [ 100% ] 20 VUs       20s
main_test   [  11% ] 166/250 VUs  0m40.0s/6m00.0s

running (1m03.7s), 170/250 VUs, 120 complete and 0 interrupted iterations
warmup    ✓ [ 100% ] 20 VUs       20s
main_test   [  11% ] 170/250 VUs  0m41.0s/6m00.0s

running (1m04.7s), 174/250 VUs, 120 complete and 0 interrupted iterations
warmup    ✓ [ 100% ] 20 VUs       20s
main_test   [  12% ] 174/250 VUs  0m42.0s/6m00.0s

running (1m05.7s), 179/250 VUs, 120 complete and 0 interrupted iterations
warmup    ✓ [ 100% ] 20 VUs       20s
main_test   [  12% ] 179/250 VUs  0m43.0s/6m00.0s

running (1m06.7s), 183/250 VUs, 120 complete and 0 interrupted iterations
warmup    ✓ [ 100% ] 20 VUs       20s
main_test   [  12% ] 183/250 VUs  0m44.0s/6m00.0s

running (1m07.7s), 187/250 VUs, 120 complete and 0 interrupted iterations
warmup    ✓ [ 100% ] 20 VUs       20s
main_test   [  12% ] 187/250 VUs  0m45.0s/6m00.0s

running (1m10.1s), 191/250 VUs, 120 complete and 0 interrupted iterations
warmup    ✓ [ 100% ] 20 VUs       20s
main_test   [  13% ] 191/250 VUs  0m46.0s/6m00.0s

running (1m11.1s), 195/250 VUs, 120 complete and 0 interrupted iterations
warmup    ✓ [ 100% ] 20 VUs       20s
main_test   [  13% ] 195/250 VUs  0m47.0s/6m00.0s

running (1m12.1s), 199/250 VUs, 120 complete and 0 interrupted iterations
warmup    ✓ [ 100% ] 20 VUs       20s
main_test   [  13% ] 199/250 VUs  0m48.0s/6m00.0s

running (1m13.1s), 204/250 VUs, 120 complete and 0 interrupted iterations
warmup    ✓ [ 100% ] 20 VUs       20s
main_test   [  14% ] 204/250 VUs  0m49.0s/6m00.0s

running (1m14.1s), 208/250 VUs, 120 complete and 0 interrupted iterations
warmup    ✓ [ 100% ] 20 VUs       20s
main_test   [  14% ] 208/250 VUs  0m50.0s/6m00.0s

running (1m15.1s), 212/250 VUs, 120 complete and 0 interrupted iterations
warmup    ✓ [ 100% ] 20 VUs       20s
main_test   [  14% ] 212/250 VUs  0m51.0s/6m00.0s

running (1m16.1s), 216/250 VUs, 120 complete and 0 interrupted iterations
warmup    ✓ [ 100% ] 20 VUs       20s
main_test   [  14% ] 216/250 VUs  0m52.0s/6m00.0s

running (1m17.1s), 220/250 VUs, 120 complete and 0 interrupted iterations
warmup    ✓ [ 100% ] 20 VUs       20s
main_test   [  15% ] 220/250 VUs  0m53.0s/6m00.0s

running (1m18.1s), 224/250 VUs, 120 complete and 0 interrupted iterations
warmup    ✓ [ 100% ] 20 VUs       20s
main_test   [  15% ] 224/250 VUs  0m54.0s/6m00.0s

running (1m19.1s), 229/250 VUs, 120 complete and 0 interrupted iterations
warmup    ✓ [ 100% ] 20 VUs       20s
main_test   [  15% ] 229/250 VUs  0m55.0s/6m00.0s

running (1m20.1s), 233/250 VUs, 120 complete and 0 interrupted iterations
warmup    ✓ [ 100% ] 20 VUs       20s
main_test   [  16% ] 233/250 VUs  0m56.0s/6m00.0s

running (1m21.1s), 237/250 VUs, 120 complete and 0 interrupted iterations
warmup    ✓ [ 100% ] 20 VUs       20s
main_test   [  16% ] 237/250 VUs  0m57.0s/6m00.0s

running (1m22.1s), 241/250 VUs, 120 complete and 0 interrupted iterations
warmup    ✓ [ 100% ] 20 VUs       20s
main_test   [  16% ] 241/250 VUs  0m58.0s/6m00.0s

running (1m23.1s), 245/250 VUs, 120 complete and 0 interrupted iterations
warmup    ✓ [ 100% ] 20 VUs       20s
main_test   [  16% ] 245/250 VUs  0m59.0s/6m00.0s

running (1m24.1s), 249/250 VUs, 120 complete and 0 interrupted iterations
warmup    ✓ [ 100% ] 20 VUs       20s
main_test   [  17% ] 249/250 VUs  1m00.0s/6m00.0s

running (1m25.1s), 250/250 VUs, 120 complete and 0 interrupted iterations
warmup    ✓ [ 100% ] 20 VUs       20s
main_test   [  17% ] 250/250 VUs  1m01.0s/6m00.0s

running (1m26.1s), 250/250 VUs, 120 complete and 0 interrupted iterations
warmup    ✓ [ 100% ] 20 VUs       20s
main_test   [  17% ] 250/250 VUs  1m02.0s/6m00.0s

running (1m27.1s), 250/250 VUs, 120 complete and 0 interrupted iterations
warmup    ✓ [ 100% ] 20 VUs       20s
main_test   [  17% ] 250/250 VUs  1m03.0s/6m00.0s

running (1m28.1s), 250/250 VUs, 120 complete and 0 interrupted iterations
warmup    ✓ [ 100% ] 20 VUs       20s
main_test   [  18% ] 250/250 VUs  1m04.0s/6m00.0s

running (1m29.1s), 250/250 VUs, 120 complete and 0 interrupted iterations
warmup    ✓ [ 100% ] 20 VUs       20s
main_test   [  18% ] 250/250 VUs  1m05.0s/6m00.0s

running (1m30.1s), 250/250 VUs, 120 complete and 0 interrupted iterations
warmup    ✓ [ 100% ] 20 VUs       20s
main_test   [  18% ] 250/250 VUs  1m06.0s/6m00.0s

running (1m31.1s), 250/250 VUs, 120 complete and 0 interrupted iterations
warmup    ✓ [ 100% ] 20 VUs       20s
main_test   [  19% ] 250/250 VUs  1m07.0s/6m00.0s

running (1m32.1s), 250/250 VUs, 120 complete and 0 interrupted iterations
warmup    ✓ [ 100% ] 20 VUs       20s
main_test   [  19% ] 250/250 VUs  1m08.0s/6m00.0s

running (1m33.1s), 250/250 VUs, 120 complete and 0 interrupted iterations
warmup    ✓ [ 100% ] 20 VUs       20s
main_test   [  19% ] 250/250 VUs  1m09.0s/6m00.0s

running (1m34.1s), 250/250 VUs, 120 complete and 0 interrupted iterations
warmup    ✓ [ 100% ] 20 VUs       20s
main_test   [  19% ] 250/250 VUs  1m10.0s/6m00.0s

running (1m35.1s), 250/250 VUs, 120 complete and 0 interrupted iterations
warmup    ✓ [ 100% ] 20 VUs       20s
main_test   [  20% ] 250/250 VUs  1m11.0s/6m00.0s

running (1m36.1s), 250/250 VUs, 120 complete and 0 interrupted iterations
warmup    ✓ [ 100% ] 20 VUs       20s
main_test   [  20% ] 250/250 VUs  1m12.0s/6m00.0s

running (1m37.1s), 250/250 VUs, 120 complete and 0 interrupted iterations
warmup    ✓ [ 100% ] 20 VUs       20s
main_test   [  20% ] 250/250 VUs  1m13.0s/6m00.0s

running (1m38.1s), 250/250 VUs, 120 complete and 0 interrupted iterations
warmup    ✓ [ 100% ] 20 VUs       20s
main_test   [  21% ] 250/250 VUs  1m14.0s/6m00.0s

running (1m39.1s), 250/250 VUs, 120 complete and 0 interrupted iterations
warmup    ✓ [ 100% ] 20 VUs       20s
main_test   [  21% ] 250/250 VUs  1m15.0s/6m00.0s

running (1m41.5s), 250/250 VUs, 120 complete and 0 interrupted iterations
warmup    ✓ [ 100% ] 20 VUs       20s
main_test   [  21% ] 250/250 VUs  1m16.0s/6m00.0s

running (1m42.5s), 250/250 VUs, 120 complete and 0 interrupted iterations
warmup    ✓ [ 100% ] 20 VUs       20s
main_test   [  21% ] 250/250 VUs  1m17.0s/6m00.0s

running (1m43.5s), 250/250 VUs, 120 complete and 0 interrupted iterations
warmup    ✓ [ 100% ] 20 VUs       20s
main_test   [  22% ] 250/250 VUs  1m18.0s/6m00.0s

running (1m44.5s), 250/250 VUs, 120 complete and 0 interrupted iterations
warmup    ✓ [ 100% ] 20 VUs       20s
main_test   [  22% ] 250/250 VUs  1m19.0s/6m00.0s

running (1m45.5s), 250/250 VUs, 120 complete and 0 interrupted iterations
warmup    ✓ [ 100% ] 20 VUs       20s
main_test   [  22% ] 250/250 VUs  1m20.0s/6m00.0s

running (1m46.5s), 250/250 VUs, 120 complete and 0 interrupted iterations
warmup    ✓ [ 100% ] 20 VUs       20s
main_test   [  22% ] 250/250 VUs  1m21.0s/6m00.0s

running (1m47.5s), 250/250 VUs, 120 complete and 0 interrupted iterations
warmup    ✓ [ 100% ] 20 VUs       20s
main_test   [  23% ] 250/250 VUs  1m22.0s/6m00.0s

running (1m48.5s), 250/250 VUs, 120 complete and 0 interrupted iterations
warmup    ✓ [ 100% ] 20 VUs       20s
main_test   [  23% ] 250/250 VUs  1m23.0s/6m00.0s

running (1m49.5s), 250/250 VUs, 120 complete and 0 interrupted iterations
warmup    ✓ [ 100% ] 20 VUs       20s
main_test   [  23% ] 250/250 VUs  1m24.0s/6m00.0s

running (1m50.5s), 250/250 VUs, 120 complete and 0 interrupted iterations
warmup    ✓ [ 100% ] 20 VUs       20s
main_test   [  24% ] 250/250 VUs  1m25.0s/6m00.0s

running (1m51.5s), 250/250 VUs, 120 complete and 0 interrupted iterations
warmup    ✓ [ 100% ] 20 VUs       20s
main_test   [  24% ] 250/250 VUs  1m26.0s/6m00.0s

running (1m52.5s), 250/250 VUs, 120 complete and 0 interrupted iterations
warmup    ✓ [ 100% ] 20 VUs       20s
main_test   [  24% ] 250/250 VUs  1m27.0s/6m00.0s

running (1m53.5s), 250/250 VUs, 120 complete and 0 interrupted iterations
warmup    ✓ [ 100% ] 20 VUs       20s
main_test   [  24% ] 250/250 VUs  1m28.0s/6m00.0s

running (1m54.5s), 250/250 VUs, 120 complete and 0 interrupted iterations
warmup    ✓ [ 100% ] 20 VUs       20s
main_test   [  25% ] 250/250 VUs  1m29.0s/6m00.0s

running (1m55.5s), 250/250 VUs, 120 complete and 0 interrupted iterations
warmup    ✓ [ 100% ] 20 VUs       20s
main_test   [  25% ] 250/250 VUs  1m30.0s/6m00.0s

running (1m56.5s), 250/250 VUs, 120 complete and 0 interrupted iterations
warmup    ✓ [ 100% ] 20 VUs       20s
main_test   [  25% ] 250/250 VUs  1m31.0s/6m00.0s

running (1m57.5s), 250/250 VUs, 120 complete and 0 interrupted iterations
warmup    ✓ [ 100% ] 20 VUs       20s
main_test   [  26% ] 250/250 VUs  1m32.0s/6m00.0s

running (1m58.5s), 250/250 VUs, 120 complete and 0 interrupted iterations
warmup    ✓ [ 100% ] 20 VUs       20s
main_test   [  26% ] 250/250 VUs  1m33.0s/6m00.0s

running (1m59.5s), 250/250 VUs, 120 complete and 0 interrupted iterations
warmup    ✓ [ 100% ] 20 VUs       20s
main_test   [  26% ] 250/250 VUs  1m34.0s/6m00.0s

running (2m00.5s), 250/250 VUs, 120 complete and 0 interrupted iterations
warmup    ✓ [ 100% ] 20 VUs       20s
main_test   [  26% ] 250/250 VUs  1m35.0s/6m00.0s

running (2m01.5s), 250/250 VUs, 120 complete and 0 interrupted iterations
warmup    ✓ [ 100% ] 20 VUs       20s
main_test   [  27% ] 250/250 VUs  1m36.0s/6m00.0s

running (2m02.5s), 250/250 VUs, 120 complete and 0 interrupted iterations
warmup    ✓ [ 100% ] 20 VUs       20s
main_test   [  27% ] 250/250 VUs  1m37.0s/6m00.0s

running (2m03.5s), 250/250 VUs, 120 complete and 0 interrupted iterations
warmup    ✓ [ 100% ] 20 VUs       20s
main_test   [  27% ] 250/250 VUs  1m38.0s/6m00.0s

running (2m04.5s), 250/250 VUs, 120 complete and 0 interrupted iterations
warmup    ✓ [ 100% ] 20 VUs       20s
main_test   [  27% ] 250/250 VUs  1m39.0s/6m00.0s

running (2m05.5s), 250/250 VUs, 120 complete and 0 interrupted iterations
warmup    ✓ [ 100% ] 20 VUs       20s
main_test   [  28% ] 250/250 VUs  1m40.0s/6m00.0s

running (2m06.5s), 250/250 VUs, 120 complete and 0 interrupted iterations
warmup    ✓ [ 100% ] 20 VUs       20s
main_test   [  28% ] 250/250 VUs  1m41.0s/6m00.0s

running (2m07.5s), 250/250 VUs, 120 complete and 0 interrupted iterations
warmup    ✓ [ 100% ] 20 VUs       20s
main_test   [  28% ] 250/250 VUs  1m42.0s/6m00.0s

running (2m08.5s), 250/250 VUs, 120 complete and 0 interrupted iterations
warmup    ✓ [ 100% ] 20 VUs       20s
main_test   [  29% ] 250/250 VUs  1m43.0s/6m00.0s

running (2m09.5s), 250/250 VUs, 120 complete and 0 interrupted iterations
warmup    ✓ [ 100% ] 20 VUs       20s
main_test   [  29% ] 250/250 VUs  1m44.0s/6m00.0s

running (2m10.5s), 250/250 VUs, 120 complete and 0 interrupted iterations
warmup    ✓ [ 100% ] 20 VUs       20s
main_test   [  29% ] 250/250 VUs  1m45.0s/6m00.0s

running (2m12.8s), 250/250 VUs, 120 complete and 0 interrupted iterations
warmup    ✓ [ 100% ] 20 VUs       20s
main_test   [  29% ] 250/250 VUs  1m46.0s/6m00.0s

running (2m13.8s), 250/250 VUs, 120 complete and 0 interrupted iterations
warmup    ✓ [ 100% ] 20 VUs       20s
main_test   [  30% ] 250/250 VUs  1m47.0s/6m00.0s

running (2m14.8s), 250/250 VUs, 120 complete and 0 interrupted iterations
warmup    ✓ [ 100% ] 20 VUs       20s
main_test   [  30% ] 250/250 VUs  1m48.0s/6m00.0s

running (2m15.8s), 250/250 VUs, 120 complete and 0 interrupted iterations
warmup    ✓ [ 100% ] 20 VUs       20s
main_test   [  30% ] 250/250 VUs  1m49.0s/6m00.0s

running (2m16.8s), 250/250 VUs, 120 complete and 0 interrupted iterations
warmup    ✓ [ 100% ] 20 VUs       20s
main_test   [  31% ] 250/250 VUs  1m50.0s/6m00.0s

running (2m17.8s), 250/250 VUs, 120 complete and 0 interrupted iterations
warmup    ✓ [ 100% ] 20 VUs       20s
main_test   [  31% ] 250/250 VUs  1m51.0s/6m00.0s

running (2m18.8s), 250/250 VUs, 120 complete and 0 interrupted iterations
warmup    ✓ [ 100% ] 20 VUs       20s
main_test   [  31% ] 250/250 VUs  1m52.0s/6m00.0s

running (2m19.8s), 250/250 VUs, 120 complete and 0 interrupted iterations
warmup    ✓ [ 100% ] 20 VUs       20s
main_test   [  31% ] 250/250 VUs  1m53.0s/6m00.0s

running (2m20.8s), 250/250 VUs, 120 complete and 0 interrupted iterations
warmup    ✓ [ 100% ] 20 VUs       20s
main_test   [  32% ] 250/250 VUs  1m54.0s/6m00.0s

running (2m21.8s), 250/250 VUs, 120 complete and 0 interrupted iterations
warmup    ✓ [ 100% ] 20 VUs       20s
main_test   [  32% ] 250/250 VUs  1m55.0s/6m00.0s

running (2m22.8s), 250/250 VUs, 120 complete and 0 interrupted iterations
warmup    ✓ [ 100% ] 20 VUs       20s
main_test   [  32% ] 250/250 VUs  1m56.0s/6m00.0s

running (2m23.8s), 250/250 VUs, 120 complete and 0 interrupted iterations
warmup    ✓ [ 100% ] 20 VUs       20s
main_test   [  32% ] 250/250 VUs  1m57.0s/6m00.0s

running (2m24.8s), 250/250 VUs, 120 complete and 0 interrupted iterations
warmup    ✓ [ 100% ] 20 VUs       20s
main_test   [  33% ] 250/250 VUs  1m58.0s/6m00.0s

running (2m25.8s), 250/250 VUs, 120 complete and 0 interrupted iterations
warmup    ✓ [ 100% ] 20 VUs       20s
main_test   [  33% ] 250/250 VUs  1m59.0s/6m00.0s

running (2m26.8s), 250/250 VUs, 120 complete and 0 interrupted iterations
warmup    ✓ [ 100% ] 20 VUs       20s
main_test   [  33% ] 250/250 VUs  2m00.0s/6m00.0s

running (2m27.8s), 250/250 VUs, 120 complete and 0 interrupted iterations
warmup    ✓ [ 100% ] 20 VUs       20s
main_test   [  34% ] 250/250 VUs  2m01.0s/6m00.0s

running (2m28.8s), 250/250 VUs, 120 complete and 0 interrupted iterations
warmup    ✓ [ 100% ] 20 VUs       20s
main_test   [  34% ] 250/250 VUs  2m02.0s/6m00.0s

running (2m29.8s), 250/250 VUs, 120 complete and 0 interrupted iterations
warmup    ✓ [ 100% ] 20 VUs       20s
main_test   [  34% ] 250/250 VUs  2m03.0s/6m00.0s

running (2m30.8s), 250/250 VUs, 120 complete and 0 interrupted iterations
warmup    ✓ [ 100% ] 20 VUs       20s
main_test   [  34% ] 250/250 VUs  2m04.0s/6m00.0s

running (2m31.8s), 250/250 VUs, 120 complete and 0 interrupted iterations
warmup    ✓ [ 100% ] 20 VUs       20s
main_test   [  35% ] 250/250 VUs  2m05.0s/6m00.0s

running (2m32.8s), 250/250 VUs, 120 complete and 0 interrupted iterations
warmup    ✓ [ 100% ] 20 VUs       20s
main_test   [  35% ] 250/250 VUs  2m06.0s/6m00.0s

running (2m33.8s), 250/250 VUs, 120 complete and 0 interrupted iterations
warmup    ✓ [ 100% ] 20 VUs       20s
main_test   [  35% ] 250/250 VUs  2m07.0s/6m00.0s

running (2m34.8s), 250/250 VUs, 120 complete and 0 interrupted iterations
warmup    ✓ [ 100% ] 20 VUs       20s
main_test   [  36% ] 250/250 VUs  2m08.0s/6m00.0s

running (2m35.8s), 250/250 VUs, 120 complete and 0 interrupted iterations
warmup    ✓ [ 100% ] 20 VUs       20s
main_test   [  36% ] 250/250 VUs  2m09.0s/6m00.0s

running (2m36.8s), 250/250 VUs, 120 complete and 0 interrupted iterations
warmup    ✓ [ 100% ] 20 VUs       20s
main_test   [  36% ] 250/250 VUs  2m10.0s/6m00.0s

running (2m37.8s), 250/250 VUs, 120 complete and 0 interrupted iterations
warmup    ✓ [ 100% ] 20 VUs       20s
main_test   [  36% ] 250/250 VUs  2m11.0s/6m00.0s

running (2m38.8s), 250/250 VUs, 120 complete and 0 interrupted iterations
warmup    ✓ [ 100% ] 20 VUs       20s
main_test   [  37% ] 250/250 VUs  2m12.0s/6m00.0s

running (2m39.8s), 250/250 VUs, 120 complete and 0 interrupted iterations
warmup    ✓ [ 100% ] 20 VUs       20s
main_test   [  37% ] 250/250 VUs  2m13.0s/6m00.0s

running (2m40.8s), 250/250 VUs, 120 complete and 0 interrupted iterations
warmup    ✓ [ 100% ] 20 VUs       20s
main_test   [  37% ] 250/250 VUs  2m14.0s/6m00.0s

running (2m41.8s), 250/250 VUs, 120 complete and 0 interrupted iterations
warmup    ✓ [ 100% ] 20 VUs       20s
main_test   [  37% ] 250/250 VUs  2m15.0s/6m00.0s

running (2m44.2s), 250/250 VUs, 120 complete and 0 interrupted iterations
warmup    ✓ [ 100% ] 20 VUs       20s
main_test   [  38% ] 250/250 VUs  2m16.0s/6m00.0s

running (2m45.2s), 250/250 VUs, 122 complete and 0 interrupted iterations
warmup    ✓ [ 100% ] 20 VUs       20s
main_test   [  38% ] 250/250 VUs  2m17.0s/6m00.0s

running (2m46.2s), 250/250 VUs, 122 complete and 0 interrupted iterations
warmup    ✓ [ 100% ] 20 VUs       20s
main_test   [  38% ] 250/250 VUs  2m18.0s/6m00.0s

running (2m47.2s), 250/250 VUs, 126 complete and 0 interrupted iterations
warmup    ✓ [ 100% ] 20 VUs       20s
main_test   [  39% ] 250/250 VUs  2m19.0s/6m00.0s

running (2m48.2s), 250/250 VUs, 132 complete and 0 interrupted iterations
warmup    ✓ [ 100% ] 20 VUs       20s
main_test   [  39% ] 250/250 VUs  2m20.0s/6m00.0s

running (2m49.2s), 250/250 VUs, 138 complete and 0 interrupted iterations
warmup    ✓ [ 100% ] 20 VUs       20s
main_test   [  39% ] 250/250 VUs  2m21.0s/6m00.0s

running (2m50.2s), 250/250 VUs, 138 complete and 0 interrupted iterations
warmup    ✓ [ 100% ] 20 VUs       20s
main_test   [  39% ] 250/250 VUs  2m22.0s/6m00.0s

running (2m51.2s), 250/250 VUs, 142 complete and 0 interrupted iterations
warmup    ✓ [ 100% ] 20 VUs       20s
main_test   [  40% ] 250/250 VUs  2m23.0s/6m00.0s

running (2m52.2s), 250/250 VUs, 150 complete and 0 interrupted iterations
warmup    ✓ [ 100% ] 20 VUs       20s
main_test   [  40% ] 250/250 VUs  2m24.0s/6m00.0s

running (2m53.2s), 250/250 VUs, 150 complete and 0 interrupted iterations
warmup    ✓ [ 100% ] 20 VUs       20s
main_test   [  40% ] 250/250 VUs  2m25.0s/6m00.0s

running (2m54.2s), 250/250 VUs, 150 complete and 0 interrupted iterations
warmup    ✓ [ 100% ] 20 VUs       20s
main_test   [  41% ] 250/250 VUs  2m26.0s/6m00.0s

running (2m55.2s), 250/250 VUs, 158 complete and 0 interrupted iterations
warmup    ✓ [ 100% ] 20 VUs       20s
main_test   [  41% ] 250/250 VUs  2m27.0s/6m00.0s

running (2m56.2s), 250/250 VUs, 165 complete and 0 interrupted iterations
warmup    ✓ [ 100% ] 20 VUs       20s
main_test   [  41% ] 250/250 VUs  2m28.0s/6m00.0s

running (2m57.2s), 250/250 VUs, 167 complete and 0 interrupted iterations
warmup    ✓ [ 100% ] 20 VUs       20s
main_test   [  41% ] 250/250 VUs  2m29.0s/6m00.0s

running (2m58.2s), 250/250 VUs, 173 complete and 0 interrupted iterations
warmup    ✓ [ 100% ] 20 VUs       20s
main_test   [  42% ] 250/250 VUs  2m30.0s/6m00.0s

running (2m59.2s), 250/250 VUs, 181 complete and 0 interrupted iterations
warmup    ✓ [ 100% ] 20 VUs       20s
main_test   [  42% ] 250/250 VUs  2m31.0s/6m00.0s

running (3m00.2s), 250/250 VUs, 184 complete and 0 interrupted iterations
warmup    ✓ [ 100% ] 20 VUs       20s
main_test   [  42% ] 250/250 VUs  2m32.0s/6m00.0s

running (3m01.2s), 250/250 VUs, 189 complete and 0 interrupted iterations
warmup    ✓ [ 100% ] 20 VUs       20s
main_test   [  42% ] 250/250 VUs  2m33.0s/6m00.0s

running (3m02.2s), 250/250 VUs, 192 complete and 0 interrupted iterations
warmup    ✓ [ 100% ] 20 VUs       20s
main_test   [  43% ] 250/250 VUs  2m34.0s/6m00.0s

running (3m03.2s), 250/250 VUs, 197 complete and 0 interrupted iterations
warmup    ✓ [ 100% ] 20 VUs       20s
main_test   [  43% ] 250/250 VUs  2m35.0s/6m00.0s

running (3m04.2s), 250/250 VUs, 201 complete and 0 interrupted iterations
warmup    ✓ [ 100% ] 20 VUs       20s
main_test   [  43% ] 250/250 VUs  2m36.0s/6m00.0s

running (3m05.2s), 250/250 VUs, 205 complete and 0 interrupted iterations
warmup    ✓ [ 100% ] 20 VUs       20s
main_test   [  44% ] 250/250 VUs  2m37.0s/6m00.0s

running (3m06.2s), 250/250 VUs, 209 complete and 0 interrupted iterations
warmup    ✓ [ 100% ] 20 VUs       20s
main_test   [  44% ] 250/250 VUs  2m38.0s/6m00.0s

running (3m07.2s), 250/250 VUs, 214 complete and 0 interrupted iterations
warmup    ✓ [ 100% ] 20 VUs       20s
main_test   [  44% ] 250/250 VUs  2m39.0s/6m00.0s

running (3m08.2s), 250/250 VUs, 218 complete and 0 interrupted iterations
warmup    ✓ [ 100% ] 20 VUs       20s
main_test   [  44% ] 250/250 VUs  2m40.0s/6m00.0s

running (3m09.2s), 250/250 VUs, 222 complete and 0 interrupted iterations
warmup    ✓ [ 100% ] 20 VUs       20s
main_test   [  45% ] 250/250 VUs  2m41.0s/6m00.0s

running (3m10.2s), 250/250 VUs, 226 complete and 0 interrupted iterations
warmup    ✓ [ 100% ] 20 VUs       20s
main_test   [  45% ] 250/250 VUs  2m42.0s/6m00.0s

running (3m11.2s), 250/250 VUs, 231 complete and 0 interrupted iterations
warmup    ✓ [ 100% ] 20 VUs       20s
main_test   [  45% ] 250/250 VUs  2m43.0s/6m00.0s

running (3m12.2s), 250/250 VUs, 234 complete and 0 interrupted iterations
warmup    ✓ [ 100% ] 20 VUs       20s
main_test   [  46% ] 250/250 VUs  2m44.0s/6m00.0s

running (3m13.2s), 250/250 VUs, 239 complete and 0 interrupted iterations
warmup    ✓ [ 100% ] 20 VUs       20s
main_test   [  46% ] 250/250 VUs  2m45.0s/6m00.0s

running (3m15.6s), 250/250 VUs, 243 complete and 0 interrupted iterations
warmup    ✓ [ 100% ] 20 VUs       20s
main_test   [  46% ] 250/250 VUs  2m46.0s/6m00.0s

running (3m16.6s), 250/250 VUs, 247 complete and 0 interrupted iterations
warmup    ✓ [ 100% ] 20 VUs       20s
main_test   [  46% ] 250/250 VUs  2m47.0s/6m00.0s

running (3m17.6s), 250/250 VUs, 251 complete and 0 interrupted iterations
warmup    ✓ [ 100% ] 20 VUs       20s
main_test   [  47% ] 250/250 VUs  2m48.0s/6m00.0s

running (3m18.6s), 250/250 VUs, 256 complete and 0 interrupted iterations
warmup    ✓ [ 100% ] 20 VUs       20s
main_test   [  47% ] 250/250 VUs  2m49.0s/6m00.0s

running (3m19.6s), 250/250 VUs, 259 complete and 0 interrupted iterations
warmup    ✓ [ 100% ] 20 VUs       20s
main_test   [  47% ] 250/250 VUs  2m50.0s/6m00.0s

running (3m20.6s), 250/250 VUs, 263 complete and 0 interrupted iterations
warmup    ✓ [ 100% ] 20 VUs       20s
main_test   [  47% ] 250/250 VUs  2m51.0s/6m00.0s

running (3m21.6s), 250/250 VUs, 268 complete and 0 interrupted iterations
warmup    ✓ [ 100% ] 20 VUs       20s
main_test   [  48% ] 250/250 VUs  2m52.0s/6m00.0s

running (3m22.6s), 250/250 VUs, 272 complete and 0 interrupted iterations
warmup    ✓ [ 100% ] 20 VUs       20s
main_test   [  48% ] 250/250 VUs  2m53.0s/6m00.0s

running (3m23.6s), 250/250 VUs, 274 complete and 0 interrupted iterations
warmup    ✓ [ 100% ] 20 VUs       20s
main_test   [  48% ] 250/250 VUs  2m54.0s/6m00.0s

running (3m24.6s), 250/250 VUs, 277 complete and 0 interrupted iterations
warmup    ✓ [ 100% ] 20 VUs       20s
main_test   [  49% ] 250/250 VUs  2m55.0s/6m00.0s

running (3m25.6s), 250/250 VUs, 283 complete and 0 interrupted iterations
warmup    ✓ [ 100% ] 20 VUs       20s
main_test   [  49% ] 250/250 VUs  2m56.0s/6m00.0s

running (3m26.6s), 250/250 VUs, 285 complete and 0 interrupted iterations
warmup    ✓ [ 100% ] 20 VUs       20s
main_test   [  49% ] 250/250 VUs  2m57.0s/6m00.0s

running (3m27.6s), 250/250 VUs, 291 complete and 0 interrupted iterations
warmup    ✓ [ 100% ] 20 VUs       20s
main_test   [  49% ] 250/250 VUs  2m58.0s/6m00.0s

running (3m28.6s), 250/250 VUs, 295 complete and 0 interrupted iterations
warmup    ✓ [ 100% ] 20 VUs       20s
main_test   [  50% ] 250/250 VUs  2m59.0s/6m00.0s

running (3m29.6s), 250/250 VUs, 300 complete and 0 interrupted iterations
warmup    ✓ [ 100% ] 20 VUs       20s
main_test   [  50% ] 250/250 VUs  3m00.0s/6m00.0s

running (3m30.6s), 250/250 VUs, 303 complete and 0 interrupted iterations
warmup    ✓ [ 100% ] 20 VUs       20s
main_test   [  50% ] 250/250 VUs  3m01.0s/6m00.0s

running (3m31.6s), 250/250 VUs, 309 complete and 0 interrupted iterations
warmup    ✓ [ 100% ] 20 VUs       20s
main_test   [  51% ] 250/250 VUs  3m02.0s/6m00.0s

running (3m32.6s), 250/250 VUs, 313 complete and 0 interrupted iterations
warmup    ✓ [ 100% ] 20 VUs       20s
main_test   [  51% ] 250/250 VUs  3m03.0s/6m00.0s

running (3m33.6s), 250/250 VUs, 317 complete and 0 interrupted iterations
warmup    ✓ [ 100% ] 20 VUs       20s
main_test   [  51% ] 250/250 VUs  3m04.0s/6m00.0s

running (3m34.6s), 250/250 VUs, 322 complete and 0 interrupted iterations
warmup    ✓ [ 100% ] 20 VUs       20s
main_test   [  51% ] 250/250 VUs  3m05.0s/6m00.0s

running (3m35.6s), 250/250 VUs, 327 complete and 0 interrupted iterations
warmup    ✓ [ 100% ] 20 VUs       20s
main_test   [  52% ] 250/250 VUs  3m06.0s/6m00.0s

running (3m36.6s), 250/250 VUs, 330 complete and 0 interrupted iterations
warmup    ✓ [ 100% ] 20 VUs       20s
main_test   [  52% ] 250/250 VUs  3m07.0s/6m00.0s

running (3m37.6s), 250/250 VUs, 335 complete and 0 interrupted iterations
warmup    ✓ [ 100% ] 20 VUs       20s
main_test   [  52% ] 250/250 VUs  3m08.0s/6m00.0s

running (3m38.6s), 250/250 VUs, 339 complete and 0 interrupted iterations
warmup    ✓ [ 100% ] 20 VUs       20s
main_test   [  52% ] 250/250 VUs  3m09.0s/6m00.0s

running (3m39.6s), 250/250 VUs, 343 complete and 0 interrupted iterations
warmup    ✓ [ 100% ] 20 VUs       20s
main_test   [  53% ] 250/250 VUs  3m10.0s/6m00.0s

running (3m40.6s), 250/250 VUs, 347 complete and 0 interrupted iterations
warmup    ✓ [ 100% ] 20 VUs       20s
main_test   [  53% ] 250/250 VUs  3m11.0s/6m00.0s

running (3m41.6s), 250/250 VUs, 352 complete and 0 interrupted iterations
warmup    ✓ [ 100% ] 20 VUs       20s
main_test   [  53% ] 250/250 VUs  3m12.0s/6m00.0s

running (3m42.6s), 250/250 VUs, 356 complete and 0 interrupted iterations
warmup    ✓ [ 100% ] 20 VUs       20s
main_test   [  54% ] 250/250 VUs  3m13.0s/6m00.0s

running (3m43.6s), 250/250 VUs, 360 complete and 0 interrupted iterations
warmup    ✓ [ 100% ] 20 VUs       20s
main_test   [  54% ] 250/250 VUs  3m14.0s/6m00.0s

running (3m44.6s), 250/250 VUs, 364 complete and 0 interrupted iterations
warmup    ✓ [ 100% ] 20 VUs       20s
main_test   [  54% ] 250/250 VUs  3m15.0s/6m00.0s

running (3m46.9s), 250/250 VUs, 369 complete and 0 interrupted iterations
warmup    ✓ [ 100% ] 20 VUs       20s
main_test   [  54% ] 250/250 VUs  3m16.0s/6m00.0s

running (3m47.9s), 250/250 VUs, 370 complete and 0 interrupted iterations
warmup    ✓ [ 100% ] 20 VUs       20s
main_test   [  55% ] 250/250 VUs  3m17.0s/6m00.0s

running (3m48.9s), 250/250 VUs, 370 complete and 0 interrupted iterations
warmup    ✓ [ 100% ] 20 VUs       20s
main_test   [  55% ] 250/250 VUs  3m18.0s/6m00.0s

running (3m49.9s), 250/250 VUs, 370 complete and 0 interrupted iterations
warmup    ✓ [ 100% ] 20 VUs       20s
main_test   [  55% ] 250/250 VUs  3m19.0s/6m00.0s

running (3m50.9s), 250/250 VUs, 370 complete and 0 interrupted iterations
warmup    ✓ [ 100% ] 20 VUs       20s
main_test   [  56% ] 250/250 VUs  3m20.0s/6m00.0s

running (3m51.9s), 250/250 VUs, 370 complete and 0 interrupted iterations
warmup    ✓ [ 100% ] 20 VUs       20s
main_test   [  56% ] 250/250 VUs  3m21.0s/6m00.0s

running (3m52.9s), 250/250 VUs, 370 complete and 0 interrupted iterations
warmup    ✓ [ 100% ] 20 VUs       20s
main_test   [  56% ] 250/250 VUs  3m22.0s/6m00.0s

running (3m53.9s), 250/250 VUs, 370 complete and 0 interrupted iterations
warmup    ✓ [ 100% ] 20 VUs       20s
main_test   [  56% ] 250/250 VUs  3m23.0s/6m00.0s

running (3m54.9s), 250/250 VUs, 370 complete and 0 interrupted iterations
warmup    ✓ [ 100% ] 20 VUs       20s
main_test   [  57% ] 250/250 VUs  3m24.0s/6m00.0s

running (3m55.9s), 250/250 VUs, 370 complete and 0 interrupted iterations
warmup    ✓ [ 100% ] 20 VUs       20s
main_test   [  57% ] 250/250 VUs  3m25.0s/6m00.0s

running (3m56.9s), 250/250 VUs, 370 complete and 0 interrupted iterations
warmup    ✓ [ 100% ] 20 VUs       20s
main_test   [  57% ] 250/250 VUs  3m26.0s/6m00.0s

running (3m57.9s), 250/250 VUs, 370 complete and 0 interrupted iterations
warmup    ✓ [ 100% ] 20 VUs       20s
main_test   [  57% ] 250/250 VUs  3m27.0s/6m00.0s

running (3m58.9s), 250/250 VUs, 370 complete and 0 interrupted iterations
warmup    ✓ [ 100% ] 20 VUs       20s
main_test   [  58% ] 250/250 VUs  3m28.0s/6m00.0s

running (3m59.9s), 250/250 VUs, 370 complete and 0 interrupted iterations
warmup    ✓ [ 100% ] 20 VUs       20s
main_test   [  58% ] 250/250 VUs  3m29.0s/6m00.0s

running (4m00.9s), 250/250 VUs, 370 complete and 0 interrupted iterations
warmup    ✓ [ 100% ] 20 VUs       20s
main_test   [  58% ] 250/250 VUs  3m30.0s/6m00.0s

running (4m01.9s), 250/250 VUs, 370 complete and 0 interrupted iterations
warmup    ✓ [ 100% ] 20 VUs       20s
main_test   [  59% ] 250/250 VUs  3m31.0s/6m00.0s

running (4m02.9s), 250/250 VUs, 370 complete and 0 interrupted iterations
warmup    ✓ [ 100% ] 20 VUs       20s
main_test   [  59% ] 250/250 VUs  3m32.0s/6m00.0s

running (4m03.9s), 250/250 VUs, 370 complete and 0 interrupted iterations
warmup    ✓ [ 100% ] 20 VUs       20s
main_test   [  59% ] 250/250 VUs  3m33.0s/6m00.0s

running (4m04.9s), 250/250 VUs, 370 complete and 0 interrupted iterations
warmup    ✓ [ 100% ] 20 VUs       20s
main_test   [  59% ] 250/250 VUs  3m34.0s/6m00.0s

running (4m05.9s), 250/250 VUs, 370 complete and 0 interrupted iterations
warmup    ✓ [ 100% ] 20 VUs       20s
main_test   [  60% ] 250/250 VUs  3m35.0s/6m00.0s

running (4m06.9s), 250/250 VUs, 370 complete and 0 interrupted iterations
warmup    ✓ [ 100% ] 20 VUs       20s
main_test   [  60% ] 250/250 VUs  3m36.0s/6m00.0s

running (4m07.9s), 250/250 VUs, 370 complete and 0 interrupted iterations
warmup    ✓ [ 100% ] 20 VUs       20s
main_test   [  60% ] 250/250 VUs  3m37.0s/6m00.0s

running (4m08.9s), 250/250 VUs, 370 complete and 0 interrupted iterations
warmup    ✓ [ 100% ] 20 VUs       20s
main_test   [  61% ] 250/250 VUs  3m38.0s/6m00.0s

running (4m09.9s), 250/250 VUs, 370 complete and 0 interrupted iterations
warmup    ✓ [ 100% ] 20 VUs       20s
main_test   [  61% ] 250/250 VUs  3m39.0s/6m00.0s

running (4m10.9s), 250/250 VUs, 370 complete and 0 interrupted iterations
warmup    ✓ [ 100% ] 20 VUs       20s
main_test   [  61% ] 250/250 VUs  3m40.0s/6m00.0s

running (4m11.9s), 250/250 VUs, 370 complete and 0 interrupted iterations
warmup    ✓ [ 100% ] 20 VUs       20s
main_test   [  61% ] 250/250 VUs  3m41.0s/6m00.0s

running (4m12.9s), 250/250 VUs, 370 complete and 0 interrupted iterations
warmup    ✓ [ 100% ] 20 VUs       20s
main_test   [  62% ] 250/250 VUs  3m42.0s/6m00.0s

running (4m13.9s), 250/250 VUs, 370 complete and 0 interrupted iterations
warmup    ✓ [ 100% ] 20 VUs       20s
main_test   [  62% ] 250/250 VUs  3m43.0s/6m00.0s

running (4m14.9s), 250/250 VUs, 370 complete and 0 interrupted iterations
warmup    ✓ [ 100% ] 20 VUs       20s
main_test   [  62% ] 250/250 VUs  3m44.0s/6m00.0s

running (4m15.9s), 250/250 VUs, 370 complete and 0 interrupted iterations
warmup    ✓ [ 100% ] 20 VUs       20s
main_test   [  62% ] 250/250 VUs  3m45.0s/6m00.0s

running (4m18.3s), 250/250 VUs, 370 complete and 0 interrupted iterations
warmup    ✓ [ 100% ] 20 VUs       20s
main_test   [  63% ] 250/250 VUs  3m46.0s/6m00.0s

running (4m19.3s), 250/250 VUs, 370 complete and 0 interrupted iterations
warmup    ✓ [ 100% ] 20 VUs       20s
main_test   [  63% ] 250/250 VUs  3m47.0s/6m00.0s

running (4m20.2s), 250/250 VUs, 370 complete and 0 interrupted iterations
warmup    ✓ [ 100% ] 20 VUs       20s
main_test   [  63% ] 250/250 VUs  3m48.0s/6m00.0s

running (4m21.3s), 250/250 VUs, 370 complete and 0 interrupted iterations
warmup    ✓ [ 100% ] 20 VUs       20s
main_test   [  64% ] 250/250 VUs  3m49.0s/6m00.0s

running (4m22.3s), 250/250 VUs, 370 complete and 0 interrupted iterations
warmup    ✓ [ 100% ] 20 VUs       20s
main_test   [  64% ] 250/250 VUs  3m50.0s/6m00.0s

running (4m23.3s), 250/250 VUs, 370 complete and 0 interrupted iterations
warmup    ✓ [ 100% ] 20 VUs       20s
main_test   [  64% ] 250/250 VUs  3m51.0s/6m00.0s

running (4m24.3s), 250/250 VUs, 370 complete and 0 interrupted iterations
warmup    ✓ [ 100% ] 20 VUs       20s
main_test   [  64% ] 250/250 VUs  3m52.0s/6m00.0s

running (4m25.3s), 250/250 VUs, 370 complete and 0 interrupted iterations
warmup    ✓ [ 100% ] 20 VUs       20s
main_test   [  65% ] 250/250 VUs  3m53.0s/6m00.0s

running (4m26.3s), 250/250 VUs, 370 complete and 0 interrupted iterations
warmup    ✓ [ 100% ] 20 VUs       20s
main_test   [  65% ] 250/250 VUs  3m54.0s/6m00.0s

running (4m27.2s), 250/250 VUs, 370 complete and 0 interrupted iterations
warmup    ✓ [ 100% ] 20 VUs       20s
main_test   [  65% ] 250/250 VUs  3m55.0s/6m00.0s

running (4m28.2s), 250/250 VUs, 370 complete and 0 interrupted iterations
warmup    ✓ [ 100% ] 20 VUs       20s
main_test   [  66% ] 250/250 VUs  3m56.0s/6m00.0s

running (4m29.3s), 250/250 VUs, 370 complete and 0 interrupted iterations
warmup    ✓ [ 100% ] 20 VUs       20s
main_test   [  66% ] 250/250 VUs  3m57.0s/6m00.0s

running (4m30.2s), 250/250 VUs, 370 complete and 0 interrupted iterations
warmup    ✓ [ 100% ] 20 VUs       20s
main_test   [  66% ] 250/250 VUs  3m58.0s/6m00.0s

running (4m31.2s), 250/250 VUs, 370 complete and 0 interrupted iterations
warmup    ✓ [ 100% ] 20 VUs       20s
main_test   [  66% ] 250/250 VUs  3m59.0s/6m00.0s

running (4m32.3s), 250/250 VUs, 370 complete and 0 interrupted iterations
warmup    ✓ [ 100% ] 20 VUs       20s
main_test   [  67% ] 250/250 VUs  4m00.0s/6m00.0s

running (4m33.3s), 250/250 VUs, 370 complete and 0 interrupted iterations
warmup    ✓ [ 100% ] 20 VUs       20s
main_test   [  67% ] 250/250 VUs  4m01.0s/6m00.0s

running (4m34.3s), 250/250 VUs, 370 complete and 0 interrupted iterations
warmup    ✓ [ 100% ] 20 VUs       20s
main_test   [  67% ] 250/250 VUs  4m02.0s/6m00.0s

running (4m35.2s), 250/250 VUs, 370 complete and 0 interrupted iterations
warmup    ✓ [ 100% ] 20 VUs       20s
main_test   [  67% ] 250/250 VUs  4m03.0s/6m00.0s

running (4m36.3s), 250/250 VUs, 370 complete and 0 interrupted iterations
warmup    ✓ [ 100% ] 20 VUs       20s
main_test   [  68% ] 250/250 VUs  4m04.0s/6m00.0s

running (4m37.3s), 250/250 VUs, 370 complete and 0 interrupted iterations
warmup    ✓ [ 100% ] 20 VUs       20s
main_test   [  68% ] 250/250 VUs  4m05.0s/6m00.0s

running (4m38.2s), 250/250 VUs, 370 complete and 0 interrupted iterations
warmup    ✓ [ 100% ] 20 VUs       20s
main_test   [  68% ] 250/250 VUs  4m06.0s/6m00.0s

running (4m39.2s), 250/250 VUs, 370 complete and 0 interrupted iterations
warmup    ✓ [ 100% ] 20 VUs       20s
main_test   [  69% ] 250/250 VUs  4m07.0s/6m00.0s

running (4m40.3s), 250/250 VUs, 370 complete and 0 interrupted iterations
warmup    ✓ [ 100% ] 20 VUs       20s
main_test   [  69% ] 250/250 VUs  4m08.0s/6m00.0s

running (4m41.3s), 250/250 VUs, 370 complete and 0 interrupted iterations
warmup    ✓ [ 100% ] 20 VUs       20s
main_test   [  69% ] 250/250 VUs  4m09.0s/6m00.0s

running (4m42.2s), 250/250 VUs, 370 complete and 0 interrupted iterations
warmup    ✓ [ 100% ] 20 VUs       20s
main_test   [  69% ] 250/250 VUs  4m10.0s/6m00.0s

running (4m43.2s), 250/250 VUs, 370 complete and 0 interrupted iterations
warmup    ✓ [ 100% ] 20 VUs       20s
main_test   [  70% ] 250/250 VUs  4m11.0s/6m00.0s

running (4m44.3s), 250/250 VUs, 370 complete and 0 interrupted iterations
warmup    ✓ [ 100% ] 20 VUs       20s
main_test   [  70% ] 250/250 VUs  4m12.0s/6m00.0s

running (4m45.3s), 250/250 VUs, 370 complete and 0 interrupted iterations
warmup    ✓ [ 100% ] 20 VUs       20s
main_test   [  70% ] 250/250 VUs  4m13.0s/6m00.0s

running (4m46.3s), 250/250 VUs, 370 complete and 0 interrupted iterations
warmup    ✓ [ 100% ] 20 VUs       20s
main_test   [  71% ] 250/250 VUs  4m14.0s/6m00.0s

running (4m47.3s), 250/250 VUs, 370 complete and 0 interrupted iterations
warmup    ✓ [ 100% ] 20 VUs       20s
main_test   [  71% ] 250/250 VUs  4m15.0s/6m00.0s

running (4m49.6s), 250/250 VUs, 370 complete and 0 interrupted iterations
warmup    ✓ [ 100% ] 20 VUs       20s
main_test   [  71% ] 250/250 VUs  4m16.0s/6m00.0s

running (4m50.6s), 250/250 VUs, 370 complete and 0 interrupted iterations
warmup    ✓ [ 100% ] 20 VUs       20s
main_test   [  71% ] 250/250 VUs  4m17.0s/6m00.0s

running (4m51.6s), 250/250 VUs, 370 complete and 0 interrupted iterations
warmup    ✓ [ 100% ] 20 VUs       20s
main_test   [  72% ] 250/250 VUs  4m18.0s/6m00.0s

running (4m52.6s), 250/250 VUs, 370 complete and 0 interrupted iterations
warmup    ✓ [ 100% ] 20 VUs       20s
main_test   [  72% ] 250/250 VUs  4m19.0s/6m00.0s

running (4m53.6s), 250/250 VUs, 370 complete and 0 interrupted iterations
warmup    ✓ [ 100% ] 20 VUs       20s
main_test   [  72% ] 250/250 VUs  4m20.0s/6m00.0s

running (4m54.6s), 250/250 VUs, 370 complete and 0 interrupted iterations
warmup    ✓ [ 100% ] 20 VUs       20s
main_test   [  72% ] 250/250 VUs  4m21.0s/6m00.0s

running (4m55.6s), 250/250 VUs, 370 complete and 0 interrupted iterations
warmup    ✓ [ 100% ] 20 VUs       20s
main_test   [  73% ] 250/250 VUs  4m22.0s/6m00.0s

running (4m56.6s), 250/250 VUs, 370 complete and 0 interrupted iterations
warmup    ✓ [ 100% ] 20 VUs       20s
main_test   [  73% ] 250/250 VUs  4m23.0s/6m00.0s

running (4m57.6s), 250/250 VUs, 370 complete and 0 interrupted iterations
warmup    ✓ [ 100% ] 20 VUs       20s
main_test   [  73% ] 250/250 VUs  4m24.0s/6m00.0s

running (4m58.6s), 250/250 VUs, 370 complete and 0 interrupted iterations
warmup    ✓ [ 100% ] 20 VUs       20s
main_test   [  74% ] 250/250 VUs  4m25.0s/6m00.0s

running (4m59.6s), 250/250 VUs, 370 complete and 0 interrupted iterations
warmup    ✓ [ 100% ] 20 VUs       20s
main_test   [  74% ] 250/250 VUs  4m26.0s/6m00.0s

running (5m00.6s), 250/250 VUs, 370 complete and 0 interrupted iterations
warmup    ✓ [ 100% ] 20 VUs       20s
main_test   [  74% ] 250/250 VUs  4m27.0s/6m00.0s

running (5m01.6s), 250/250 VUs, 370 complete and 0 interrupted iterations
warmup    ✓ [ 100% ] 20 VUs       20s
main_test   [  74% ] 250/250 VUs  4m28.0s/6m00.0s

running (5m02.6s), 250/250 VUs, 370 complete and 0 interrupted iterations
warmup    ✓ [ 100% ] 20 VUs       20s
main_test   [  75% ] 250/250 VUs  4m29.0s/6m00.0s

running (5m03.6s), 250/250 VUs, 370 complete and 0 interrupted iterations
warmup    ✓ [ 100% ] 20 VUs       20s
main_test   [  75% ] 250/250 VUs  4m30.0s/6m00.0s

running (5m04.6s), 250/250 VUs, 370 complete and 0 interrupted iterations
warmup    ✓ [ 100% ] 20 VUs       20s
main_test   [  75% ] 250/250 VUs  4m31.0s/6m00.0s

running (5m05.6s), 250/250 VUs, 370 complete and 0 interrupted iterations
warmup    ✓ [ 100% ] 20 VUs       20s
main_test   [  76% ] 250/250 VUs  4m32.0s/6m00.0s

running (5m06.6s), 250/250 VUs, 370 complete and 0 interrupted iterations
warmup    ✓ [ 100% ] 20 VUs       20s
main_test   [  76% ] 250/250 VUs  4m33.0s/6m00.0s

running (5m07.6s), 250/250 VUs, 372 complete and 0 interrupted iterations
warmup    ✓ [ 100% ] 20 VUs       20s
main_test   [  76% ] 250/250 VUs  4m34.0s/6m00.0s

running (5m08.6s), 250/250 VUs, 372 complete and 0 interrupted iterations
warmup    ✓ [ 100% ] 20 VUs       20s
main_test   [  76% ] 250/250 VUs  4m35.0s/6m00.0s

running (5m09.6s), 250/250 VUs, 376 complete and 0 interrupted iterations
warmup    ✓ [ 100% ] 20 VUs       20s
main_test   [  77% ] 250/250 VUs  4m36.0s/6m00.0s

running (5m10.6s), 250/250 VUs, 384 complete and 0 interrupted iterations
warmup    ✓ [ 100% ] 20 VUs       20s
main_test   [  77% ] 250/250 VUs  4m37.0s/6m00.0s

running (5m11.6s), 250/250 VUs, 388 complete and 0 interrupted iterations
warmup    ✓ [ 100% ] 20 VUs       20s
main_test   [  77% ] 250/250 VUs  4m38.0s/6m00.0s

running (5m12.6s), 250/250 VUs, 388 complete and 0 interrupted iterations
warmup    ✓ [ 100% ] 20 VUs       20s
main_test   [  77% ] 250/250 VUs  4m39.0s/6m00.0s

running (5m13.6s), 250/250 VUs, 394 complete and 0 interrupted iterations
warmup    ✓ [ 100% ] 20 VUs       20s
main_test   [  78% ] 250/250 VUs  4m40.0s/6m00.0s

running (5m14.6s), 250/250 VUs, 400 complete and 0 interrupted iterations
warmup    ✓ [ 100% ] 20 VUs       20s
main_test   [  78% ] 250/250 VUs  4m41.0s/6m00.0s

running (5m15.6s), 250/250 VUs, 400 complete and 0 interrupted iterations
warmup    ✓ [ 100% ] 20 VUs       20s
main_test   [  78% ] 250/250 VUs  4m42.0s/6m00.0s

running (5m16.6s), 250/250 VUs, 402 complete and 0 interrupted iterations
warmup    ✓ [ 100% ] 20 VUs       20s
main_test   [  79% ] 250/250 VUs  4m43.0s/6m00.0s

running (5m17.6s), 250/250 VUs, 407 complete and 0 interrupted iterations
warmup    ✓ [ 100% ] 20 VUs       20s
main_test   [  79% ] 250/250 VUs  4m44.0s/6m00.0s

running (5m18.6s), 250/250 VUs, 415 complete and 0 interrupted iterations
warmup    ✓ [ 100% ] 20 VUs       20s
main_test   [  79% ] 250/250 VUs  4m45.0s/6m00.0s

running (5m20.9s), 250/250 VUs, 417 complete and 0 interrupted iterations
warmup    ✓ [ 100% ] 20 VUs       20s
main_test   [  79% ] 250/250 VUs  4m46.0s/6m00.0s

running (5m21.9s), 250/250 VUs, 424 complete and 0 interrupted iterations
warmup    ✓ [ 100% ] 20 VUs       20s
main_test   [  80% ] 250/250 VUs  4m47.0s/6m00.0s

running (5m22.9s), 250/250 VUs, 428 complete and 0 interrupted iterations
warmup    ✓ [ 100% ] 20 VUs       20s
main_test   [  80% ] 250/250 VUs  4m48.0s/6m00.0s

running (5m23.9s), 250/250 VUs, 435 complete and 0 interrupted iterations
warmup    ✓ [ 100% ] 20 VUs       20s
main_test   [  80% ] 250/250 VUs  4m49.0s/6m00.0s

running (5m24.9s), 250/250 VUs, 437 complete and 0 interrupted iterations
warmup    ✓ [ 100% ] 20 VUs       20s
main_test   [  81% ] 250/250 VUs  4m50.0s/6m00.0s

running (5m26.0s), 250/250 VUs, 442 complete and 0 interrupted iterations
warmup    ✓ [ 100% ] 20 VUs       20s
main_test   [  81% ] 250/250 VUs  4m51.0s/6m00.0s

running (5m27.0s), 250/250 VUs, 449 complete and 0 interrupted iterations
warmup    ✓ [ 100% ] 20 VUs       20s
main_test   [  81% ] 250/250 VUs  4m52.0s/6m00.0s

running (5m27.9s), 250/250 VUs, 451 complete and 0 interrupted iterations
warmup    ✓ [ 100% ] 20 VUs       20s
main_test   [  81% ] 250/250 VUs  4m53.0s/6m00.0s

running (5m28.9s), 250/250 VUs, 457 complete and 0 interrupted iterations
warmup    ✓ [ 100% ] 20 VUs       20s
main_test   [  82% ] 250/250 VUs  4m54.0s/6m00.0s

running (5m30.0s), 250/250 VUs, 461 complete and 0 interrupted iterations
warmup    ✓ [ 100% ] 20 VUs       20s
main_test   [  82% ] 250/250 VUs  4m55.0s/6m00.0s

running (5m30.9s), 250/250 VUs, 464 complete and 0 interrupted iterations
warmup    ✓ [ 100% ] 20 VUs       20s
main_test   [  82% ] 250/250 VUs  4m56.0s/6m00.0s

running (5m31.9s), 250/250 VUs, 469 complete and 0 interrupted iterations
warmup    ✓ [ 100% ] 20 VUs       20s
main_test   [  82% ] 250/250 VUs  4m57.0s/6m00.0s

running (5m32.9s), 250/250 VUs, 472 complete and 0 interrupted iterations
warmup    ✓ [ 100% ] 20 VUs       20s
main_test   [  83% ] 250/250 VUs  4m58.0s/6m00.0s

running (5m34.0s), 250/250 VUs, 476 complete and 0 interrupted iterations
warmup    ✓ [ 100% ] 20 VUs       20s
main_test   [  83% ] 250/250 VUs  4m59.0s/6m00.0s

running (5m34.9s), 250/250 VUs, 481 complete and 0 interrupted iterations
warmup    ✓ [ 100% ] 20 VUs       20s
main_test   [  83% ] 250/250 VUs  5m00.0s/6m00.0s

running (5m36.0s), 250/250 VUs, 483 complete and 0 interrupted iterations
warmup    ✓ [ 100% ] 20 VUs       20s
main_test   [  84% ] 250/250 VUs  5m01.0s/6m00.0s

running (5m36.9s), 250/250 VUs, 490 complete and 0 interrupted iterations
warmup    ✓ [ 100% ] 20 VUs       20s
main_test   [  84% ] 250/250 VUs  5m02.0s/6m00.0s

running (5m37.9s), 250/250 VUs, 493 complete and 0 interrupted iterations
warmup    ✓ [ 100% ] 20 VUs       20s
main_test   [  84% ] 250/250 VUs  5m03.0s/6m00.0s

running (5m38.9s), 250/250 VUs, 493 complete and 0 interrupted iterations
warmup    ✓ [ 100% ] 20 VUs       20s
main_test   [  84% ] 250/250 VUs  5m04.0s/6m00.0s

running (5m39.9s), 250/250 VUs, 500 complete and 0 interrupted iterations
warmup    ✓ [ 100% ] 20 VUs       20s
main_test   [  85% ] 250/250 VUs  5m05.0s/6m00.0s

running (5m41.0s), 250/250 VUs, 500 complete and 0 interrupted iterations
warmup    ✓ [ 100% ] 20 VUs       20s
main_test   [  85% ] 250/250 VUs  5m06.0s/6m00.0s

running (5m42.0s), 250/250 VUs, 509 complete and 0 interrupted iterations
warmup    ✓ [ 100% ] 20 VUs       20s
main_test   [  85% ] 250/250 VUs  5m07.0s/6m00.0s

running (5m42.9s), 250/250 VUs, 509 complete and 0 interrupted iterations
warmup    ✓ [ 100% ] 20 VUs       20s
main_test   [  86% ] 250/250 VUs  5m08.0s/6m00.0s

running (5m43.9s), 250/250 VUs, 518 complete and 0 interrupted iterations
warmup    ✓ [ 100% ] 20 VUs       20s
main_test   [  86% ] 250/250 VUs  5m09.0s/6m00.0s

running (5m44.9s), 250/250 VUs, 520 complete and 0 interrupted iterations
warmup    ✓ [ 100% ] 20 VUs       20s
main_test   [  86% ] 250/250 VUs  5m10.0s/6m00.0s

running (5m46.0s), 250/250 VUs, 524 complete and 0 interrupted iterations
warmup    ✓ [ 100% ] 20 VUs       20s
main_test   [  86% ] 250/250 VUs  5m11.0s/6m00.0s

running (5m47.0s), 250/250 VUs, 529 complete and 0 interrupted iterations
warmup    ✓ [ 100% ] 20 VUs       20s
main_test   [  87% ] 250/250 VUs  5m12.0s/6m00.0s

running (5m48.0s), 250/250 VUs, 533 complete and 0 interrupted iterations
warmup    ✓ [ 100% ] 20 VUs       20s
main_test   [  87% ] 250/250 VUs  5m13.0s/6m00.0s

running (5m48.9s), 250/250 VUs, 536 complete and 0 interrupted iterations
warmup    ✓ [ 100% ] 20 VUs       20s
main_test   [  87% ] 250/250 VUs  5m14.0s/6m00.0s

running (5m49.9s), 250/250 VUs, 541 complete and 0 interrupted iterations
warmup    ✓ [ 100% ] 20 VUs       20s
main_test   [  87% ] 250/250 VUs  5m15.0s/6m00.0s

running (5m52.3s), 250/250 VUs, 544 complete and 0 interrupted iterations
warmup    ✓ [ 100% ] 20 VUs       20s
main_test   [  88% ] 250/250 VUs  5m16.0s/6m00.0s

running (5m53.3s), 250/250 VUs, 548 complete and 0 interrupted iterations
warmup    ✓ [ 100% ] 20 VUs       20s
main_test   [  88% ] 250/250 VUs  5m17.0s/6m00.0s

running (5m54.3s), 250/250 VUs, 553 complete and 0 interrupted iterations
warmup    ✓ [ 100% ] 20 VUs       20s
main_test   [  88% ] 250/250 VUs  5m18.0s/6m00.0s

running (5m55.3s), 250/250 VUs, 559 complete and 0 interrupted iterations
warmup    ✓ [ 100% ] 20 VUs       20s
main_test   [  89% ] 250/250 VUs  5m19.0s/6m00.0s

running (5m56.3s), 250/250 VUs, 564 complete and 0 interrupted iterations
warmup    ✓ [ 100% ] 20 VUs       20s
main_test   [  89% ] 250/250 VUs  5m20.0s/6m00.0s

running (5m57.3s), 250/250 VUs, 569 complete and 0 interrupted iterations
warmup    ✓ [ 100% ] 20 VUs       20s
main_test   [  89% ] 250/250 VUs  5m21.0s/6m00.0s

running (5m58.3s), 250/250 VUs, 571 complete and 0 interrupted iterations
warmup    ✓ [ 100% ] 20 VUs       20s
main_test   [  89% ] 250/250 VUs  5m22.0s/6m00.0s

running (5m59.3s), 250/250 VUs, 579 complete and 0 interrupted iterations
warmup    ✓ [ 100% ] 20 VUs       20s
main_test   [  90% ] 250/250 VUs  5m23.0s/6m00.0s

running (6m00.3s), 250/250 VUs, 582 complete and 0 interrupted iterations
warmup    ✓ [ 100% ] 20 VUs       20s
main_test   [  90% ] 250/250 VUs  5m24.0s/6m00.0s

running (6m01.3s), 250/250 VUs, 587 complete and 0 interrupted iterations
warmup    ✓ [ 100% ] 20 VUs       20s
main_test   [  90% ] 250/250 VUs  5m25.0s/6m00.0s

running (6m02.3s), 250/250 VUs, 592 complete and 0 interrupted iterations
warmup    ✓ [ 100% ] 20 VUs       20s
main_test   [  91% ] 250/250 VUs  5m26.0s/6m00.0s

running (6m03.3s), 250/250 VUs, 595 complete and 0 interrupted iterations
warmup    ✓ [ 100% ] 20 VUs       20s
main_test   [  91% ] 250/250 VUs  5m27.0s/6m00.0s

running (6m04.3s), 250/250 VUs, 600 complete and 0 interrupted iterations
warmup    ✓ [ 100% ] 20 VUs       20s
main_test   [  91% ] 250/250 VUs  5m28.0s/6m00.0s

running (6m05.3s), 250/250 VUs, 605 complete and 0 interrupted iterations
warmup    ✓ [ 100% ] 20 VUs       20s
main_test   [  91% ] 250/250 VUs  5m29.0s/6m00.0s

running (6m06.3s), 250/250 VUs, 609 complete and 0 interrupted iterations
warmup    ✓ [ 100% ] 20 VUs       20s
main_test   [  92% ] 250/250 VUs  5m30.0s/6m00.0s

running (6m07.3s), 250/250 VUs, 613 complete and 0 interrupted iterations
warmup    ✓ [ 100% ] 20 VUs       20s
main_test   [  92% ] 250/250 VUs  5m31.0s/6m00.0s

running (6m08.3s), 250/250 VUs, 617 complete and 0 interrupted iterations
warmup    ✓ [ 100% ] 20 VUs       20s
main_test   [  92% ] 250/250 VUs  5m32.0s/6m00.0s

running (6m09.3s), 250/250 VUs, 620 complete and 0 interrupted iterations
warmup    ✓ [ 100% ] 20 VUs       20s
main_test   [  92% ] 250/250 VUs  5m33.0s/6m00.0s

running (6m10.3s), 250/250 VUs, 620 complete and 0 interrupted iterations
warmup    ✓ [ 100% ] 20 VUs       20s
main_test   [  93% ] 250/250 VUs  5m34.0s/6m00.0s

running (6m11.3s), 250/250 VUs, 620 complete and 0 interrupted iterations
warmup    ✓ [ 100% ] 20 VUs       20s
main_test   [  93% ] 250/250 VUs  5m35.0s/6m00.0s

running (6m12.3s), 250/250 VUs, 620 complete and 0 interrupted iterations
warmup    ✓ [ 100% ] 20 VUs       20s
main_test   [  93% ] 250/250 VUs  5m36.0s/6m00.0s

running (6m13.3s), 250/250 VUs, 620 complete and 0 interrupted iterations
warmup    ✓ [ 100% ] 20 VUs       20s
main_test   [  94% ] 250/250 VUs  5m37.0s/6m00.0s

running (6m14.3s), 250/250 VUs, 620 complete and 0 interrupted iterations
warmup    ✓ [ 100% ] 20 VUs       20s
main_test   [  94% ] 250/250 VUs  5m38.0s/6m00.0s

running (6m15.3s), 250/250 VUs, 620 complete and 0 interrupted iterations
warmup    ✓ [ 100% ] 20 VUs       20s
main_test   [  94% ] 250/250 VUs  5m39.0s/6m00.0s

running (6m16.3s), 250/250 VUs, 620 complete and 0 interrupted iterations
warmup    ✓ [ 100% ] 20 VUs       20s
main_test   [  94% ] 250/250 VUs  5m40.0s/6m00.0s

running (6m17.3s), 250/250 VUs, 620 complete and 0 interrupted iterations
warmup    ✓ [ 100% ] 20 VUs       20s
main_test   [  95% ] 250/250 VUs  5m41.0s/6m00.0s

running (6m18.3s), 250/250 VUs, 620 complete and 0 interrupted iterations
warmup    ✓ [ 100% ] 20 VUs       20s
main_test   [  95% ] 250/250 VUs  5m42.0s/6m00.0s

running (6m19.3s), 250/250 VUs, 620 complete and 0 interrupted iterations
warmup    ✓ [ 100% ] 20 VUs       20s
main_test   [  95% ] 250/250 VUs  5m43.0s/6m00.0s

running (6m20.3s), 250/250 VUs, 620 complete and 0 interrupted iterations
warmup    ✓ [ 100% ] 20 VUs       20s
main_test   [  96% ] 250/250 VUs  5m44.0s/6m00.0s

running (6m21.3s), 250/250 VUs, 620 complete and 0 interrupted iterations
warmup    ✓ [ 100% ] 20 VUs       20s
main_test   [  96% ] 250/250 VUs  5m45.0s/6m00.0s

running (6m23.6s), 250/250 VUs, 620 complete and 0 interrupted iterations
warmup    ✓ [ 100% ] 20 VUs       20s
main_test   [  96% ] 250/250 VUs  5m46.0s/6m00.0s

running (6m24.6s), 250/250 VUs, 620 complete and 0 interrupted iterations
warmup    ✓ [ 100% ] 20 VUs       20s
main_test   [  96% ] 250/250 VUs  5m47.0s/6m00.0s

running (6m25.6s), 250/250 VUs, 620 complete and 0 interrupted iterations
warmup    ✓ [ 100% ] 20 VUs       20s
main_test   [  97% ] 250/250 VUs  5m48.0s/6m00.0s

running (6m26.6s), 250/250 VUs, 620 complete and 0 interrupted iterations
warmup    ✓ [ 100% ] 20 VUs       20s
main_test   [  97% ] 250/250 VUs  5m49.0s/6m00.0s

running (6m27.6s), 250/250 VUs, 620 complete and 0 interrupted iterations
warmup    ✓ [ 100% ] 20 VUs       20s
main_test   [  97% ] 250/250 VUs  5m50.0s/6m00.0s

running (6m28.6s), 250/250 VUs, 620 complete and 0 interrupted iterations
warmup    ✓ [ 100% ] 20 VUs       20s
main_test   [  97% ] 250/250 VUs  5m51.0s/6m00.0s

running (6m29.6s), 250/250 VUs, 620 complete and 0 interrupted iterations
warmup    ✓ [ 100% ] 20 VUs       20s
main_test   [  98% ] 250/250 VUs  5m52.0s/6m00.0s

running (6m30.6s), 250/250 VUs, 620 complete and 0 interrupted iterations
warmup    ✓ [ 100% ] 20 VUs       20s
main_test   [  98% ] 250/250 VUs  5m53.0s/6m00.0s

running (6m31.6s), 250/250 VUs, 620 complete and 0 interrupted iterations
warmup    ✓ [ 100% ] 20 VUs       20s
main_test   [  98% ] 250/250 VUs  5m54.0s/6m00.0s

running (6m32.6s), 250/250 VUs, 620 complete and 0 interrupted iterations
warmup    ✓ [ 100% ] 20 VUs       20s
main_test   [  99% ] 250/250 VUs  5m55.0s/6m00.0s

running (6m33.6s), 250/250 VUs, 620 complete and 0 interrupted iterations
warmup    ✓ [ 100% ] 20 VUs       20s
main_test   [  99% ] 250/250 VUs  5m56.0s/6m00.0s

running (6m34.6s), 250/250 VUs, 620 complete and 0 interrupted iterations
warmup    ✓ [ 100% ] 20 VUs       20s
main_test   [  99% ] 250/250 VUs  5m57.0s/6m00.0s

running (6m35.6s), 250/250 VUs, 620 complete and 0 interrupted iterations
warmup    ✓ [ 100% ] 20 VUs       20s
main_test   [  99% ] 250/250 VUs  5m58.0s/6m00.0s

running (6m36.6s), 250/250 VUs, 620 complete and 0 interrupted iterations
warmup    ✓ [ 100% ] 20 VUs       20s
main_test   [ 100% ] 250/250 VUs  5m59.0s/6m00.0s

running (6m37.6s), 250/250 VUs, 620 complete and 0 interrupted iterations
warmup    ✓ [ 100% ] 20 VUs       20s
main_test   [ 100% ] 250/250 VUs  6m00.0s/6m00.0s

running (6m38.6s), 250/250 VUs, 620 complete and 0 interrupted iterations
warmup    ✓ [ 100% ] 20 VUs       20s
main_test ↓ [ 100% ] 250/250 VUs  6m0s

running (6m39.6s), 250/250 VUs, 620 complete and 0 interrupted iterations
warmup    ✓ [ 100% ] 20 VUs       20s
main_test ↓ [ 100% ] 250/250 VUs  6m0s

running (6m40.6s), 250/250 VUs, 620 complete and 0 interrupted iterations
warmup    ✓ [ 100% ] 20 VUs       20s
main_test ↓ [ 100% ] 250/250 VUs  6m0s

running (6m41.6s), 250/250 VUs, 620 complete and 0 interrupted iterations
warmup    ✓ [ 100% ] 20 VUs       20s
main_test ↓ [ 100% ] 250/250 VUs  6m0s

running (6m42.6s), 250/250 VUs, 620 complete and 0 interrupted iterations
warmup    ✓ [ 100% ] 20 VUs       20s
main_test ↓ [ 100% ] 250/250 VUs  6m0s

running (6m43.6s), 250/250 VUs, 620 complete and 0 interrupted iterations
warmup    ✓ [ 100% ] 20 VUs       20s
main_test ↓ [ 100% ] 250/250 VUs  6m0s

running (6m44.6s), 250/250 VUs, 620 complete and 0 interrupted iterations
warmup    ✓ [ 100% ] 20 VUs       20s
main_test ↓ [ 100% ] 250/250 VUs  6m0s

running (6m45.6s), 250/250 VUs, 620 complete and 0 interrupted iterations
warmup    ✓ [ 100% ] 20 VUs       20s
main_test ↓ [ 100% ] 250/250 VUs  6m0s

running (6m46.6s), 250/250 VUs, 620 complete and 0 interrupted iterations
warmup    ✓ [ 100% ] 20 VUs       20s
main_test ↓ [ 100% ] 250/250 VUs  6m0s

running (6m47.6s), 250/250 VUs, 620 complete and 0 interrupted iterations
warmup    ✓ [ 100% ] 20 VUs       20s
main_test ↓ [ 100% ] 250/250 VUs  6m0s

running (6m48.6s), 250/250 VUs, 620 complete and 0 interrupted iterations
warmup    ✓ [ 100% ] 20 VUs       20s
main_test ↓ [ 100% ] 250/250 VUs  6m0s

running (6m49.6s), 250/250 VUs, 620 complete and 0 interrupted iterations
warmup    ✓ [ 100% ] 20 VUs       20s
main_test ↓ [ 100% ] 250/250 VUs  6m0s

running (6m50.6s), 250/250 VUs, 620 complete and 0 interrupted iterations
warmup    ✓ [ 100% ] 20 VUs       20s
main_test ↓ [ 100% ] 250/250 VUs  6m0s

running (6m51.6s), 250/250 VUs, 620 complete and 0 interrupted iterations
warmup    ✓ [ 100% ] 20 VUs       20s
main_test ↓ [ 100% ] 250/250 VUs  6m0s

running (6m52.6s), 250/250 VUs, 620 complete and 0 interrupted iterations
warmup    ✓ [ 100% ] 20 VUs       20s
main_test ↓ [ 100% ] 250/250 VUs  6m0s

running (6m54.9s), 250/250 VUs, 620 complete and 0 interrupted iterations
warmup    ✓ [ 100% ] 20 VUs       20s
main_test ↓ [ 100% ] 250/250 VUs  6m0s

running (6m55.9s), 250/250 VUs, 620 complete and 0 interrupted iterations
warmup    ✓ [ 100% ] 20 VUs       20s
main_test ↓ [ 100% ] 250/250 VUs  6m0s

running (6m56.9s), 250/250 VUs, 620 complete and 0 interrupted iterations
warmup    ✓ [ 100% ] 20 VUs       20s
main_test ↓ [ 100% ] 250/250 VUs  6m0s

running (6m57.9s), 250/250 VUs, 620 complete and 0 interrupted iterations
warmup    ✓ [ 100% ] 20 VUs       20s
main_test ↓ [ 100% ] 250/250 VUs  6m0s

running (6m58.9s), 250/250 VUs, 620 complete and 0 interrupted iterations
warmup    ✓ [ 100% ] 20 VUs       20s
main_test ↓ [ 100% ] 250/250 VUs  6m0s

running (6m59.9s), 250/250 VUs, 620 complete and 0 interrupted iterations
warmup    ✓ [ 100% ] 20 VUs       20s
main_test ↓ [ 100% ] 250/250 VUs  6m0s

running (7m00.9s), 250/250 VUs, 620 complete and 0 interrupted iterations
warmup    ✓ [ 100% ] 20 VUs       20s
main_test ↓ [ 100% ] 250/250 VUs  6m0s

running (7m01.9s), 250/250 VUs, 620 complete and 0 interrupted iterations
warmup    ✓ [ 100% ] 20 VUs       20s
main_test ↓ [ 100% ] 250/250 VUs  6m0s

running (7m02.9s), 250/250 VUs, 620 complete and 0 interrupted iterations
warmup    ✓ [ 100% ] 20 VUs       20s
main_test ↓ [ 100% ] 250/250 VUs  6m0s

running (7m03.9s), 250/250 VUs, 620 complete and 0 interrupted iterations
warmup    ✓ [ 100% ] 20 VUs       20s
main_test ↓ [ 100% ] 250/250 VUs  6m0s

running (7m04.9s), 250/250 VUs, 620 complete and 0 interrupted iterations
warmup    ✓ [ 100% ] 20 VUs       20s
main_test ↓ [ 100% ] 250/250 VUs  6m0s

running (7m05.9s), 250/250 VUs, 620 complete and 0 interrupted iterations
warmup    ✓ [ 100% ] 20 VUs       20s
main_test ↓ [ 100% ] 250/250 VUs  6m0s

running (7m06.9s), 250/250 VUs, 620 complete and 0 interrupted iterations
warmup    ✓ [ 100% ] 20 VUs       20s
main_test ↓ [ 100% ] 250/250 VUs  6m0s

running (7m07.9s), 250/250 VUs, 620 complete and 0 interrupted iterations
warmup    ✓ [ 100% ] 20 VUs       20s
main_test ↓ [ 100% ] 250/250 VUs  6m0s

running (7m08.9s), 250/250 VUs, 620 complete and 0 interrupted iterations
warmup    ✓ [ 100% ] 20 VUs       20s
main_test ↓ [ 100% ] 250/250 VUs  6m0s

     ✓ initial visit successful
     ✓ add item 1 successful
     ✓ add item 2 successful
     ✓ view cart successful
     ✓ return to shopping successful
     ✓ JWT renewed with different token
     ✓ add item 3 with new JWT successful
     ✓ checkout successful
     ✓ continue shopping successful

     cart_operations................: 2000    4.66287/s
     checks.........................: 100.00% ✓ 5500     ✗ 0    
     data_received..................: 76 MB   178 kB/s
     data_sent......................: 12 MB   27 kB/s
     http_req_blocked...............: avg=18.85µs  min=277ns  med=3.43µs  max=67.26ms  p(90)=5.14µs   p(95)=7.22µs  
     http_req_connecting............: avg=13.1µs   min=0s     med=0s      max=67.21ms  p(90)=0s       p(95)=0s      
     http_req_duration..............: avg=81.46ms  min=2.05ms med=16.35ms max=2.46s    p(90)=189.12ms p(95)=292.92ms
       { expected_response:true }...: avg=81.46ms  min=2.05ms med=16.35ms max=2.46s    p(90)=189.12ms p(95)=292.92ms
     ✓ { scenario:main_test }.......: avg=74.1ms   min=2.05ms med=16.23ms max=1.63s    p(90)=185.23ms p(95)=284.74ms
     http_req_failed................: 0.00%   ✓ 0        ✗ 7360 
     ✓ { scenario:main_test }.......: 0.00%   ✓ 0        ✗ 7000 
     http_req_receiving.............: avg=571.21µs min=9.41µs med=86.34µs max=835.52ms p(90)=268.52µs p(95)=482.62µs
     http_req_sending...............: avg=25.35µs  min=2.15µs med=23.71µs max=1.54ms   p(90)=40.52µs  p(95)=53.53µs 
     http_req_tls_handshaking.......: avg=0s       min=0s     med=0s      max=0s       p(90)=0s       p(95)=0s      
     http_req_waiting...............: avg=80.86ms  min=1.97ms med=16.14ms max=2.46s    p(90)=188.54ms p(95)=291.77ms
     http_reqs......................: 7360    17.15936/s
     iteration_duration.............: avg=1m51s    min=3.03s  med=2m16s   max=2m18s    p(90)=2m17s    p(95)=2m17s   
     iterations.....................: 620     1.44549/s
     jwt_renewal_successes..........: 500     1.165717/s
     jwt_renewals...................: 1250    2.914293/s
     vus............................: 250     min=12     max=250
     vus_max........................: 250     min=250    max=250


running (7m08.9s), 000/250 VUs, 620 complete and 250 interrupted iterations
warmup    ✓ [ 100% ] 20 VUs       20s
main_test ✓ [ 100% ] 157/250 VUs  6m0s
