{
    "metrics": {
        "response_size_bytes": {
            "p(90)": 10493,
            "p(95)": 10493,
            "avg": 10493,
            "min": 10493,
            "med": 10493,
            "max": 10493
        },
        "cart_operations": {
            "count": 500,
            "rate": 2.3809264775267156
        },
        "jwt_renewals": {
            "count": 200,
            "rate": 0.9523705910106863
        },
        "data_received": {
            "count": 17454444,
            "rate": 83115.49574021464
        },
        "http_req_duration{expected_response:true}": {
            "p(95)": 145.34803359999984,
            "avg": 47.389948890625,
            "min": 2.271743,
            "med": 13.1120065,
            "max": 1201.980648,
            "p(90)": 97.06072430000003
        },
        "http_req_duration": {
            "avg": 45.15110536294116,
            "min": 1.263362,
            "med": 12.7707105,
            "max": 1201.980648,
            "p(90)": 94.64525230000002,
            "p(95)": 139.46787529999995,
            "thresholds": {
                "p(95)<2000": false
            }
        },
        "http_req_failed": {
            "passes": 100,
            "fails": 1600,
            "thresholds": {
                "rate<0.05": true
            },
            "value": 0.058823529411764705
        },
        "vus": {
            "max": 100,
            "value": 100,
            "min": 4
        },
        "http_req_receiving": {
            "p(95)": 3.1050273499999994,
            "avg": 2.0837388229411773,
            "min": 0.021149,
            "med": 0.308219,
            "max": 89.866678,
            "p(90)": 1.5037913000000047
        },
        "checks": {
            "passes": 1100,
            "fails": 100,
            "value": 0.9166666666666666
        },
        "iterations": {
            "count": 100,
            "rate": 0.47618529550534316
        },
        "http_req_tls_handshaking": {
            "avg": 0,
            "min": 0,
            "med": 0,
            "max": 0,
            "p(90)": 0,
            "p(95)": 0
        },
        "data_sent": {
            "count": 1910392,
            "rate": 9097.005790510435
        },
        "http_req_blocked": {
            "p(90)": 0.008326900000000002,
            "p(95)": 0.21428999999999998,
            "avg": 0.022033920588235296,
            "min": 0.001994,
            "med": 0.005049,
            "max": 1.204315
        },
        "vus_max": {
            "value": 100,
            "min": 100,
            "max": 100
        },
        "http_req_sending": {
            "p(90)": 0.04249600000000002,
            "p(95)": 0.05928699999999999,
            "avg": 0.028019131176470626,
            "min": 0.007074,
            "med": 0.022732000000000002,
            "max": 0.74597
        },
        "iteration_duration": {
            "avg": 136596.72975181995,
            "min": 136113.994917,
            "med": 136285.750702,
            "max": 138467.907051,
            "p(90)": 137458.9058448,
            "p(95)": 137842.49659619998
        },
        "http_req_connecting": {
            "avg": 0.01144342882352941,
            "min": 0,
            "med": 0,
            "max": 1.131729,
            "p(90)": 0,
            "p(95)": 0.13893399999999995
        },
        "http_reqs": {
            "count": 1700,
            "rate": 8.095150023590833
        },
        "request_size_bytes": {
            "p(90)": 0,
            "p(95)": 0,
            "avg": 0,
            "min": 0,
            "med": 0,
            "max": 0
        },
        "http_req_waiting": {
            "avg": 43.03934740882345,
            "min": 1.204021,
            "med": 12.075623,
            "max": 1200.679613,
            "p(90)": 91.03089740000001,
            "p(95)": 120.95651154999992
        }
    },
    "root_group": {
        "checks": {
            "initial visit successful": {
                "fails": 0,
                "name": "initial visit successful",
                "path": "::initial visit successful",
                "id": "aae5b334abe256117335360ddc91be63",
                "passes": 200
            },
            "add item 1 successful": {
                "name": "add item 1 successful",
                "path": "::add item 1 successful",
                "id": "e82c5caecf714d1fe41058fb6812d665",
                "passes": 200,
                "fails": 0
            },
            "add item 2 successful": {
                "id": "3e4273f8f17ba64f58dd4f63c24cfe47",
                "passes": 200,
                "fails": 0,
                "name": "add item 2 successful",
                "path": "::add item 2 successful"
            },
            "view cart successful": {
                "name": "view cart successful",
                "path": "::view cart successful",
                "id": "28ed33ec7e41187c0f7ef5afeb9326e5",
                "passes": 200,
                "fails": 0
            },
            "return to shopping successful": {
                "path": "::return to shopping successful",
                "id": "e99bf39f1fd66e6fe4fa09ea346cfe76",
                "passes": 100,
                "fails": 0,
                "name": "return to shopping successful"
            },
            "add item 3 with new JWT successful": {
                "path": "::add item 3 with new JWT successful",
                "id": "04193f6c4337cc9baa8ba7804cae8cd1",
                "passes": 100,
                "fails": 0,
                "name": "add item 3 with new JWT successful"
            },
            "checkout successful": {
                "path": "::checkout successful",
                "id": "7d3ca2e9e4bd709c4f7f05f757dbd43b",
                "passes": 0,
                "fails": 100,
                "name": "checkout successful"
            },
            "continue shopping successful": {
                "fails": 0,
                "name": "continue shopping successful",
                "path": "::continue shopping successful",
                "id": "77284ef4e0af6ed5a0438a6b71837f15",
                "passes": 100
            }
        },
        "name": "",
        "path": "",
        "id": "d41d8cd98f00b204e9800998ecf8427e",
        "groups": {}
    }
}