{
    "metrics": {
        "http_req_duration{expected_response:true}": {
            "min": 2.131886,
            "med": 11.168934,
            "max": 185.315854,
            "p(90)": 35.565123500000006,
            "p(95)": 63.07668624999999,
            "avg": 16.488221733750017
        },
        "http_req_tls_handshaking": {
            "avg": 0,
            "min": 0,
            "med": 0,
            "max": 0,
            "p(90)": 0,
            "p(95)": 0
        },
        "http_req_connecting": {
            "min": 0,
            "med": 0,
            "max": 1.381224,
            "p(90)": 0,
            "p(95)": 0.1326861,
            "avg": 0.011072090000000001
        },
        "checks": {
            "passes": 1100,
            "fails": 100,
            "value": 0.9166666666666666
        },
        "response_size_bytes": {
            "p(95)": 10493,
            "avg": 10493,
            "min": 10493,
            "med": 10493,
            "max": 10493,
            "p(90)": 10493
        },
        "vus": {
            "value": 100,
            "min": 4,
            "max": 100
        },
        "http_req_waiting": {
            "avg": 14.926767124705838,
            "min": 1.162769,
            "med": 10.336635000000001,
            "max": 184.414836,
            "p(90)": 30.807102400000034,
            "p(95)": 59.90579445
        },
        "vus_max": {
            "value": 100,
            "min": 100,
            "max": 100
        },
        "cart_operations": {
            "count": 500,
            "rate": 2.380927481348834
        },
        "http_req_duration": {
            "avg": 15.718587087058841,
            "min": 1.234342,
            "med": 10.8705415,
            "max": 185.315854,
            "p(90)": 33.49564570000004,
            "p(95)": 61.905944049999995,
            "thresholds": {
                "p(95)<2000": false
            }
        },
        "http_req_sending": {
            "max": 0.564924,
            "p(90)": 0.038673,
            "p(95)": 0.05303199999999998,
            "avg": 0.02565866411764707,
            "min": 0.006441,
            "med": 0.022467
        },
        "request_size_bytes": {
            "p(90)": 0,
            "p(95)": 0,
            "avg": 0,
            "min": 0,
            "med": 0,
            "max": 0
        },
        "http_req_receiving": {
            "min": 0.0272,
            "med": 0.302214,
            "max": 67.463086,
            "p(90)": 0.8220922,
            "p(95)": 1.1448106999999998,
            "avg": 0.7661612982352939
        },
        "http_req_failed": {
            "passes": 100,
            "fails": 1600,
            "thresholds": {
                "rate<0.05": true
            },
            "value": 0.058823529411764705
        },
        "iterations": {
            "count": 100,
            "rate": 0.47618549626976675
        },
        "data_sent": {
            "rate": 9097.009625897923,
            "count": 1910392
        },
        "iteration_duration": {
            "avg": 136177.86079562997,
            "min": 136105.741885,
            "med": 136168.0903015,
            "max": 136364.787015,
            "p(90)": 136242.868966,
            "p(95)": 136296.15419535
        },
        "data_received": {
            "count": 17433772,
            "rate": 83017.09371673965
        },
        "http_req_blocked": {
            "max": 1.992494,
            "p(90)": 0.007494,
            "p(95)": 0.19960364999999994,
            "avg": 0.02092515411764705,
            "min": 0.001583,
            "med": 0.004679
        },
        "jwt_renewals": {
            "count": 200,
            "rate": 0.9523709925395335
        },
        "http_reqs": {
            "rate": 8.095153436586035,
            "count": 1700
        }
    },
    "root_group": {
        "name": "",
        "path": "",
        "id": "d41d8cd98f00b204e9800998ecf8427e",
        "groups": {},
        "checks": {
                "initial visit successful": {
                    "name": "initial visit successful",
                    "path": "::initial visit successful",
                    "id": "aae5b334abe256117335360ddc91be63",
                    "passes": 200,
                    "fails": 0
                },
                "add item 1 successful": {
                    "name": "add item 1 successful",
                    "path": "::add item 1 successful",
                    "id": "e82c5caecf714d1fe41058fb6812d665",
                    "passes": 200,
                    "fails": 0
                },
                "add item 2 successful": {
                    "path": "::add item 2 successful",
                    "id": "3e4273f8f17ba64f58dd4f63c24cfe47",
                    "passes": 200,
                    "fails": 0,
                    "name": "add item 2 successful"
                },
                "view cart successful": {
                    "name": "view cart successful",
                    "path": "::view cart successful",
                    "id": "28ed33ec7e41187c0f7ef5afeb9326e5",
                    "passes": 200,
                    "fails": 0
                },
                "return to shopping successful": {
                    "name": "return to shopping successful",
                    "path": "::return to shopping successful",
                    "id": "e99bf39f1fd66e6fe4fa09ea346cfe76",
                    "passes": 100,
                    "fails": 0
                },
                "add item 3 with new JWT successful": {
                    "passes": 100,
                    "fails": 0,
                    "name": "add item 3 with new JWT successful",
                    "path": "::add item 3 with new JWT successful",
                    "id": "04193f6c4337cc9baa8ba7804cae8cd1"
                },
                "checkout successful": {
                    "name": "checkout successful",
                    "path": "::checkout successful",
                    "id": "7d3ca2e9e4bd709c4f7f05f757dbd43b",
                    "passes": 0,
                    "fails": 100
                },
                "continue shopping successful": {
                    "name": "continue shopping successful",
                    "path": "::continue shopping successful",
                    "id": "77284ef4e0af6ed5a0438a6b71837f15",
                    "passes": 100,
                    "fails": 0
                }
            }
    }
}