{
    "metrics": {
        "iteration_duration": {
            "avg": 136183.35997752997,
            "min": 136123.3247,
            "med": 136186.1666965,
            "max": 136352.889298,
            "p(90)": 136227.03746189998,
            "p(95)": 136243.689673
        },
        "http_req_failed": {
            "passes": 0,
            "fails": 1700,
            "thresholds": {
                "rate<0.05": false
            },
            "value": 0
        },
        "http_reqs": {
            "count": 1700,
            "rate": 8.095084387433312
        },
        "http_req_waiting": {
            "med": 11.429443,
            "max": 190.829824,
            "p(90)": 38.6475871000001,
            "p(95)": 59.67171214999998,
            "avg": 16.694696928235288,
            "min": 2.06141
        },
        "checks": {
            "fails": 0,
            "passes": 1300,
            "value": 1
        },
        "response_size_bytes": {
            "avg": 10491,
            "min": 10491,
            "med": 10491,
            "max": 10491,
            "p(90)": 10491,
            "p(95)": 10491
        },
        "data_received": {
            "rate": 84392.835661355,
            "count": 17722832
        },
        "http_req_duration": {
            "p(90)": 42.45232720000004,
            "p(95)": 63.52949609999998,
            "avg": 17.596612846470574,
            "min": 2.137963,
            "med": 12.007272,
            "max": 192.660052,
            "thresholds": {
                "p(95)<2000": false
            }
        },
        "http_req_duration{expected_response:true}": {
            "max": 192.660052,
            "p(90)": 42.45232720000004,
            "p(95)": 63.52949609999998,
            "avg": 17.596612846470574,
            "min": 2.137963,
            "med": 12.007272
        },
        "data_sent": {
            "count": 2657892,
            "rate": 12656.388254519941
        },
        "http_req_tls_handshaking": {
            "max": 0,
            "p(90)": 0,
            "p(95)": 0,
            "avg": 0,
            "min": 0,
            "med": 0
        },
        "http_req_blocked": {
            "avg": 0.02359679294117647,
            "min": 0.001753,
            "med": 0.0055255,
            "max": 1.164134,
            "p(90)": 0.008386,
            "p(95)": 0.216681
        },
        "http_req_connecting": {
            "avg": 0.011913335294117646,
            "min": 0,
            "med": 0,
            "max": 0.994507,
            "p(90)": 0,
            "p(95)": 0.14681884999999992
        },
        "http_req_sending": {
            "avg": 0.02798172647058816,
            "min": 0.007013,
            "med": 0.024541,
            "max": 0.735614,
            "p(90)": 0.043213,
            "p(95)": 0.058272
        },
        "jwt_renewal_successes": {
            "count": 100,
            "rate": 0.47618143455490064
        },
        "cart_operations": {
            "count": 500,
            "rate": 2.3809071727745033
        },
        "request_size_bytes": {
            "avg": 0,
            "min": 0,
            "med": 0,
            "max": 0,
            "p(90)": 0,
            "p(95)": 0
        },
        "http_req_receiving": {
            "p(95)": 1.5800058,
            "avg": 0.8739341917647072,
            "min": 0.039153,
            "med": 0.321296,
            "max": 50.343635,
            "p(90)": 1.0599509000000003
        },
        "iterations": {
            "rate": 0.47618143455490064,
            "count": 100
        },
        "vus": {
            "max": 100,
            "value": 100,
            "min": 4
        },
        "jwt_renewals": {
            "count": 300,
            "rate": 1.428544303664702
        },
        "vus_max": {
            "value": 100,
            "min": 100,
            "max": 100
        }
    },
    "root_group": {
        "name": "",
        "path": "",
        "id": "d41d8cd98f00b204e9800998ecf8427e",
        "groups": {},
        "checks": {
                "initial visit successful": {
                    "passes": 200,
                    "fails": 0,
                    "name": "initial visit successful",
                    "path": "::initial visit successful",
                    "id": "aae5b334abe256117335360ddc91be63"
                },
                "add item 1 successful": {
                    "passes": 200,
                    "fails": 0,
                    "name": "add item 1 successful",
                    "path": "::add item 1 successful",
                    "id": "e82c5caecf714d1fe41058fb6812d665"
                },
                "add item 2 successful": {
                    "fails": 0,
                    "name": "add item 2 successful",
                    "path": "::add item 2 successful",
                    "id": "3e4273f8f17ba64f58dd4f63c24cfe47",
                    "passes": 200
                },
                "view cart successful": {
                    "name": "view cart successful",
                    "path": "::view cart successful",
                    "id": "28ed33ec7e41187c0f7ef5afeb9326e5",
                    "passes": 200,
                    "fails": 0
                },
                "return to shopping successful": {
                    "name": "return to shopping successful",
                    "path": "::return to shopping successful",
                    "id": "e99bf39f1fd66e6fe4fa09ea346cfe76",
                    "passes": 100,
                    "fails": 0
                },
                "JWT renewed with different token": {
                    "name": "JWT renewed with different token",
                    "path": "::JWT renewed with different token",
                    "id": "a0c7cb22e62bb19ce8f14e258ce44fe9",
                    "passes": 100,
                    "fails": 0
                },
                "add item 3 with new JWT successful": {
                    "fails": 0,
                    "name": "add item 3 with new JWT successful",
                    "path": "::add item 3 with new JWT successful",
                    "id": "04193f6c4337cc9baa8ba7804cae8cd1",
                    "passes": 100
                },
                "checkout successful": {
                    "id": "7d3ca2e9e4bd709c4f7f05f757dbd43b",
                    "passes": 100,
                    "fails": 0,
                    "name": "checkout successful",
                    "path": "::checkout successful"
                },
                "continue shopping successful": {
                    "passes": 100,
                    "fails": 0,
                    "name": "continue shopping successful",
                    "path": "::continue shopping successful",
                    "id": "77284ef4e0af6ed5a0438a6b71837f15"
                }
            }
    }
}