
          /\      |‾‾| /‾‾/   /‾‾/   
     /\  /  \     |  |/  /   /  /    
    /  \/    \    |     (   /   ‾‾\  
   /          \   |  |\  \ |  (‾)  | 
  / __________ \  |__| \__\ \_____/ .io

  execution: local
     script: k6-user-journey-test.js
     output: json (./jwt-compression-results-20251208_084358/k6-results.json)

  scenarios: (100.00%) 2 scenarios, 150 max VUs, 6m50s max duration (incl. graceful stop):
           * warmup: 20 looping VUs for 20s (exec: warmupTest, gracefulStop: 30s)
           * main_test: Up to 150 looping VUs for 6m0s over 2 stages (gracefulRampDown: 30s, exec: mainTest, startTime: 20s, gracefulStop: 30s)

time="2025-12-08T08:44:06+03:00" level=info msg="[WARMUP VU 13] Starting warmup iteration" source=console
time="2025-12-08T08:44:06+03:00" level=info msg="[WARMUP VU 1] Starting warmup iteration" source=console
time="2025-12-08T08:44:06+03:00" level=info msg="[WARMUP VU 6] Starting warmup iteration" source=console
time="2025-12-08T08:44:06+03:00" level=info msg="[WARMUP VU 25] Starting warmup iteration" source=console
time="2025-12-08T08:44:06+03:00" level=info msg="[WARMUP VU 12] Starting warmup iteration" source=console
time="2025-12-08T08:44:06+03:00" level=info msg="[WARMUP VU 11] Starting warmup iteration" source=console
time="2025-12-08T08:44:06+03:00" level=info msg="[WARMUP VU 20] Starting warmup iteration" source=console
time="2025-12-08T08:44:06+03:00" level=info msg="[WARMUP VU 15] Starting warmup iteration" source=console
time="2025-12-08T08:44:06+03:00" level=info msg="[WARMUP VU 4] Starting warmup iteration" source=console
time="2025-12-08T08:44:06+03:00" level=info msg="[WARMUP VU 14] Starting warmup iteration" source=console
time="2025-12-08T08:44:06+03:00" level=info msg="[WARMUP VU 10] Starting warmup iteration" source=console
time="2025-12-08T08:44:06+03:00" level=info msg="[WARMUP VU 23] Starting warmup iteration" source=console
time="2025-12-08T08:44:06+03:00" level=info msg="[WARMUP VU 22] Starting warmup iteration" source=console
time="2025-12-08T08:44:06+03:00" level=info msg="[WARMUP VU 18] Starting warmup iteration" source=console
time="2025-12-08T08:44:06+03:00" level=info msg="[WARMUP VU 16] Starting warmup iteration" source=console
time="2025-12-08T08:44:06+03:00" level=info msg="[WARMUP VU 3] Starting warmup iteration" source=console
time="2025-12-08T08:44:06+03:00" level=info msg="[WARMUP VU 2] Starting warmup iteration" source=console
time="2025-12-08T08:44:06+03:00" level=info msg="[WARMUP VU 9] Starting warmup iteration" source=console
time="2025-12-08T08:44:06+03:00" level=info msg="[WARMUP VU 19] Starting warmup iteration" source=console
time="2025-12-08T08:44:06+03:00" level=info msg="[WARMUP VU 5] Starting warmup iteration" source=console

running (0m01.0s), 020/150 VUs, 0 complete and 0 interrupted iterations
warmup      [   5% ] 20 VUs   01.0s/20s
main_test • [   0% ] waiting  19.0s

running (0m02.0s), 020/150 VUs, 0 complete and 0 interrupted iterations
warmup      [  10% ] 20 VUs   02.0s/20s
main_test • [   0% ] waiting  18.0s
time="2025-12-08T08:44:08+03:00" level=info msg="[WARMUP VU 4] Got JWT: eyJhbGciOiJSUzI1NiIs..." source=console
time="2025-12-08T08:44:08+03:00" level=info msg="[WARMUP VU 25] Got JWT: eyJhbGciOiJSUzI1NiIs..." source=console
time="2025-12-08T08:44:08+03:00" level=info msg="[WARMUP VU 2] Got JWT: eyJhbGciOiJSUzI1NiIs..." source=console
time="2025-12-08T08:44:08+03:00" level=info msg="[WARMUP VU 5] Got JWT: eyJhbGciOiJSUzI1NiIs..." source=console
time="2025-12-08T08:44:08+03:00" level=info msg="[WARMUP VU 10] Got JWT: eyJhbGciOiJSUzI1NiIs..." source=console
time="2025-12-08T08:44:08+03:00" level=info msg="[WARMUP VU 19] Got JWT: eyJhbGciOiJSUzI1NiIs..." source=console
time="2025-12-08T08:44:08+03:00" level=info msg="[WARMUP VU 14] Got JWT: eyJhbGciOiJSUzI1NiIs..." source=console
time="2025-12-08T08:44:08+03:00" level=info msg="[WARMUP VU 1] Got JWT: eyJhbGciOiJSUzI1NiIs..." source=console
time="2025-12-08T08:44:08+03:00" level=info msg="[WARMUP VU 22] Got JWT: eyJhbGciOiJSUzI1NiIs..." source=console
time="2025-12-08T08:44:08+03:00" level=info msg="[WARMUP VU 16] Got JWT: eyJhbGciOiJSUzI1NiIs..." source=console
time="2025-12-08T08:44:08+03:00" level=info msg="[WARMUP VU 12] Got JWT: eyJhbGciOiJSUzI1NiIs..." source=console
time="2025-12-08T08:44:08+03:00" level=info msg="[WARMUP VU 11] Got JWT: eyJhbGciOiJSUzI1NiIs..." source=console
time="2025-12-08T08:44:08+03:00" level=info msg="[WARMUP VU 18] Got JWT: eyJhbGciOiJSUzI1NiIs..." source=console
time="2025-12-08T08:44:08+03:00" level=info msg="[WARMUP VU 3] Got JWT: eyJhbGciOiJSUzI1NiIs..." source=console
time="2025-12-08T08:44:08+03:00" level=info msg="[WARMUP VU 23] Got JWT: eyJhbGciOiJSUzI1NiIs..." source=console
time="2025-12-08T08:44:08+03:00" level=info msg="[WARMUP VU 9] Got JWT: eyJhbGciOiJSUzI1NiIs..." source=console
time="2025-12-08T08:44:08+03:00" level=info msg="[WARMUP VU 15] Got JWT: eyJhbGciOiJSUzI1NiIs..." source=console
time="2025-12-08T08:44:08+03:00" level=info msg="[WARMUP VU 6] Got JWT: eyJhbGciOiJSUzI1NiIs..." source=console
time="2025-12-08T08:44:08+03:00" level=info msg="[WARMUP VU 20] Got JWT: eyJhbGciOiJSUzI1NiIs..." source=console
time="2025-12-08T08:44:08+03:00" level=info msg="[WARMUP VU 13] Got JWT: eyJhbGciOiJSUzI1NiIs..." source=console

running (0m03.0s), 020/150 VUs, 0 complete and 0 interrupted iterations
warmup      [  15% ] 20 VUs   03.0s/20s
main_test • [   0% ] waiting  17.0s
time="2025-12-08T08:44:09+03:00" level=info msg="[WARMUP VU 19] Cart add status: 200" source=console
time="2025-12-08T08:44:10+03:00" level=info msg="[WARMUP VU 16] Cart add status: 200" source=console
time="2025-12-08T08:44:10+03:00" level=info msg="[WARMUP VU 14] Cart add status: 200" source=console
time="2025-12-08T08:44:10+03:00" level=info msg="[WARMUP VU 22] Cart add status: 200" source=console

running (0m04.0s), 020/150 VUs, 0 complete and 0 interrupted iterations
warmup      [  20% ] 20 VUs   04.0s/20s
main_test • [   0% ] waiting  16.0s
time="2025-12-08T08:44:10+03:00" level=info msg="[WARMUP VU 10] Cart add status: 200" source=console
time="2025-12-08T08:44:10+03:00" level=info msg="[WARMUP VU 25] Cart add status: 200" source=console
time="2025-12-08T08:44:10+03:00" level=info msg="[WARMUP VU 3] Cart add status: 200" source=console
time="2025-12-08T08:44:10+03:00" level=info msg="[WARMUP VU 12] Cart add status: 200" source=console
time="2025-12-08T08:44:10+03:00" level=info msg="[WARMUP VU 9] Cart add status: 200" source=console
time="2025-12-08T08:44:10+03:00" level=info msg="[WARMUP VU 18] Cart add status: 200" source=console
time="2025-12-08T08:44:10+03:00" level=info msg="[WARMUP VU 5] Cart add status: 200" source=console
time="2025-12-08T08:44:10+03:00" level=info msg="[WARMUP VU 1] Cart add status: 200" source=console
time="2025-12-08T08:44:10+03:00" level=info msg="[WARMUP VU 4] Cart add status: 200" source=console
time="2025-12-08T08:44:10+03:00" level=info msg="[WARMUP VU 2] Cart add status: 200" source=console
time="2025-12-08T08:44:10+03:00" level=info msg="[WARMUP VU 15] Cart add status: 200" source=console
time="2025-12-08T08:44:10+03:00" level=info msg="[WARMUP VU 11] Cart add status: 200" source=console
time="2025-12-08T08:44:10+03:00" level=info msg="[WARMUP VU 23] Cart add status: 200" source=console
time="2025-12-08T08:44:10+03:00" level=info msg="[WARMUP VU 20] Cart add status: 200" source=console
time="2025-12-08T08:44:10+03:00" level=info msg="[WARMUP VU 6] Cart add status: 200" source=console
time="2025-12-08T08:44:10+03:00" level=info msg="[WARMUP VU 13] Cart add status: 200" source=console

running (0m05.0s), 020/150 VUs, 0 complete and 0 interrupted iterations
warmup      [  25% ] 20 VUs   05.0s/20s
main_test • [   0% ] waiting  15.0s
time="2025-12-08T08:44:11+03:00" level=info msg="[WARMUP VU 19] Starting warmup iteration" source=console
time="2025-12-08T08:44:11+03:00" level=info msg="[WARMUP VU 19] Got JWT: eyJhbGciOiJSUzI1NiIs..." source=console
time="2025-12-08T08:44:12+03:00" level=info msg="[WARMUP VU 14] Starting warmup iteration" source=console
time="2025-12-08T08:44:12+03:00" level=info msg="[WARMUP VU 16] Starting warmup iteration" source=console
time="2025-12-08T08:44:12+03:00" level=info msg="[WARMUP VU 22] Starting warmup iteration" source=console

running (0m06.0s), 020/150 VUs, 4 complete and 0 interrupted iterations
warmup      [  30% ] 20 VUs   06.0s/20s
main_test • [   0% ] waiting  14.0s
time="2025-12-08T08:44:12+03:00" level=info msg="[WARMUP VU 10] Starting warmup iteration" source=console
time="2025-12-08T08:44:12+03:00" level=info msg="[WARMUP VU 25] Starting warmup iteration" source=console
time="2025-12-08T08:44:12+03:00" level=info msg="[WARMUP VU 3] Starting warmup iteration" source=console
time="2025-12-08T08:44:12+03:00" level=info msg="[WARMUP VU 9] Starting warmup iteration" source=console
time="2025-12-08T08:44:12+03:00" level=info msg="[WARMUP VU 12] Starting warmup iteration" source=console
time="2025-12-08T08:44:12+03:00" level=info msg="[WARMUP VU 18] Starting warmup iteration" source=console
time="2025-12-08T08:44:12+03:00" level=info msg="[WARMUP VU 5] Starting warmup iteration" source=console
time="2025-12-08T08:44:12+03:00" level=info msg="[WARMUP VU 16] Got JWT: eyJhbGciOiJSUzI1NiIs..." source=console
time="2025-12-08T08:44:12+03:00" level=info msg="[WARMUP VU 14] Got JWT: eyJhbGciOiJSUzI1NiIs..." source=console
time="2025-12-08T08:44:12+03:00" level=info msg="[WARMUP VU 4] Starting warmup iteration" source=console
time="2025-12-08T08:44:12+03:00" level=info msg="[WARMUP VU 1] Starting warmup iteration" source=console
time="2025-12-08T08:44:12+03:00" level=info msg="[WARMUP VU 2] Starting warmup iteration" source=console
time="2025-12-08T08:44:12+03:00" level=info msg="[WARMUP VU 15] Starting warmup iteration" source=console
time="2025-12-08T08:44:12+03:00" level=info msg="[WARMUP VU 11] Starting warmup iteration" source=console
time="2025-12-08T08:44:12+03:00" level=info msg="[WARMUP VU 23] Starting warmup iteration" source=console
time="2025-12-08T08:44:12+03:00" level=info msg="[WARMUP VU 22] Got JWT: eyJhbGciOiJSUzI1NiIs..." source=console
time="2025-12-08T08:44:12+03:00" level=info msg="[WARMUP VU 20] Starting warmup iteration" source=console
time="2025-12-08T08:44:12+03:00" level=info msg="[WARMUP VU 13] Starting warmup iteration" source=console
time="2025-12-08T08:44:12+03:00" level=info msg="[WARMUP VU 6] Starting warmup iteration" source=console
time="2025-12-08T08:44:12+03:00" level=info msg="[WARMUP VU 10] Got JWT: eyJhbGciOiJSUzI1NiIs..." source=console
time="2025-12-08T08:44:12+03:00" level=info msg="[WARMUP VU 25] Got JWT: eyJhbGciOiJSUzI1NiIs..." source=console
time="2025-12-08T08:44:12+03:00" level=info msg="[WARMUP VU 12] Got JWT: eyJhbGciOiJSUzI1NiIs..." source=console
time="2025-12-08T08:44:12+03:00" level=info msg="[WARMUP VU 3] Got JWT: eyJhbGciOiJSUzI1NiIs..." source=console
time="2025-12-08T08:44:12+03:00" level=info msg="[WARMUP VU 9] Got JWT: eyJhbGciOiJSUzI1NiIs..." source=console
time="2025-12-08T08:44:12+03:00" level=info msg="[WARMUP VU 5] Got JWT: eyJhbGciOiJSUzI1NiIs..." source=console
time="2025-12-08T08:44:12+03:00" level=info msg="[WARMUP VU 18] Got JWT: eyJhbGciOiJSUzI1NiIs..." source=console
time="2025-12-08T08:44:12+03:00" level=info msg="[WARMUP VU 19] Cart add status: 200" source=console
time="2025-12-08T08:44:12+03:00" level=info msg="[WARMUP VU 1] Got JWT: eyJhbGciOiJSUzI1NiIs..." source=console
time="2025-12-08T08:44:12+03:00" level=info msg="[WARMUP VU 4] Got JWT: eyJhbGciOiJSUzI1NiIs..." source=console
time="2025-12-08T08:44:12+03:00" level=info msg="[WARMUP VU 15] Got JWT: eyJhbGciOiJSUzI1NiIs..." source=console
time="2025-12-08T08:44:12+03:00" level=info msg="[WARMUP VU 2] Got JWT: eyJhbGciOiJSUzI1NiIs..." source=console
time="2025-12-08T08:44:12+03:00" level=info msg="[WARMUP VU 23] Got JWT: eyJhbGciOiJSUzI1NiIs..." source=console
time="2025-12-08T08:44:12+03:00" level=info msg="[WARMUP VU 11] Got JWT: eyJhbGciOiJSUzI1NiIs..." source=console
time="2025-12-08T08:44:12+03:00" level=info msg="[WARMUP VU 6] Got JWT: eyJhbGciOiJSUzI1NiIs..." source=console
time="2025-12-08T08:44:12+03:00" level=info msg="[WARMUP VU 20] Got JWT: eyJhbGciOiJSUzI1NiIs..." source=console
time="2025-12-08T08:44:12+03:00" level=info msg="[WARMUP VU 13] Got JWT: eyJhbGciOiJSUzI1NiIs..." source=console

running (0m07.0s), 020/150 VUs, 20 complete and 0 interrupted iterations
warmup      [  35% ] 20 VUs   07.0s/20s
main_test • [   0% ] waiting  13.0s
time="2025-12-08T08:44:13+03:00" level=info msg="[WARMUP VU 14] Cart add status: 200" source=console
time="2025-12-08T08:44:13+03:00" level=info msg="[WARMUP VU 16] Cart add status: 200" source=console
time="2025-12-08T08:44:13+03:00" level=info msg="[WARMUP VU 22] Cart add status: 200" source=console
time="2025-12-08T08:44:13+03:00" level=info msg="[WARMUP VU 10] Cart add status: 200" source=console
time="2025-12-08T08:44:13+03:00" level=info msg="[WARMUP VU 25] Cart add status: 200" source=console
time="2025-12-08T08:44:13+03:00" level=info msg="[WARMUP VU 12] Cart add status: 200" source=console
time="2025-12-08T08:44:13+03:00" level=info msg="[WARMUP VU 3] Cart add status: 200" source=console
time="2025-12-08T08:44:13+03:00" level=info msg="[WARMUP VU 9] Cart add status: 200" source=console
time="2025-12-08T08:44:13+03:00" level=info msg="[WARMUP VU 5] Cart add status: 200" source=console
time="2025-12-08T08:44:13+03:00" level=info msg="[WARMUP VU 18] Cart add status: 200" source=console
time="2025-12-08T08:44:13+03:00" level=info msg="[WARMUP VU 1] Cart add status: 200" source=console
time="2025-12-08T08:44:13+03:00" level=info msg="[WARMUP VU 4] Cart add status: 200" source=console
time="2025-12-08T08:44:13+03:00" level=info msg="[WARMUP VU 2] Cart add status: 200" source=console
time="2025-12-08T08:44:13+03:00" level=info msg="[WARMUP VU 15] Cart add status: 200" source=console
time="2025-12-08T08:44:13+03:00" level=info msg="[WARMUP VU 23] Cart add status: 200" source=console
time="2025-12-08T08:44:13+03:00" level=info msg="[WARMUP VU 11] Cart add status: 200" source=console
time="2025-12-08T08:44:13+03:00" level=info msg="[WARMUP VU 6] Cart add status: 200" source=console
time="2025-12-08T08:44:13+03:00" level=info msg="[WARMUP VU 20] Cart add status: 200" source=console
time="2025-12-08T08:44:13+03:00" level=info msg="[WARMUP VU 13] Cart add status: 200" source=console

running (0m08.4s), 020/150 VUs, 20 complete and 0 interrupted iterations
warmup      [  40% ] 20 VUs   08.0s/20s
main_test • [   0% ] waiting  12.0s
time="2025-12-08T08:44:15+03:00" level=info msg="[WARMUP VU 19] Starting warmup iteration" source=console
time="2025-12-08T08:44:15+03:00" level=info msg="[WARMUP VU 19] Got JWT: eyJhbGciOiJSUzI1NiIs..." source=console

running (0m09.4s), 020/150 VUs, 21 complete and 0 interrupted iterations
warmup      [  45% ] 20 VUs   09.0s/20s
main_test • [   0% ] waiting  11.0s
time="2025-12-08T08:44:15+03:00" level=info msg="[WARMUP VU 16] Starting warmup iteration" source=console
time="2025-12-08T08:44:15+03:00" level=info msg="[WARMUP VU 14] Starting warmup iteration" source=console
time="2025-12-08T08:44:15+03:00" level=info msg="[WARMUP VU 16] Got JWT: eyJhbGciOiJSUzI1NiIs..." source=console
time="2025-12-08T08:44:15+03:00" level=info msg="[WARMUP VU 14] Got JWT: eyJhbGciOiJSUzI1NiIs..." source=console
time="2025-12-08T08:44:15+03:00" level=info msg="[WARMUP VU 22] Starting warmup iteration" source=console
time="2025-12-08T08:44:15+03:00" level=info msg="[WARMUP VU 22] Got JWT: eyJhbGciOiJSUzI1NiIs..." source=console
time="2025-12-08T08:44:15+03:00" level=info msg="[WARMUP VU 10] Starting warmup iteration" source=console
time="2025-12-08T08:44:15+03:00" level=info msg="[WARMUP VU 25] Starting warmup iteration" source=console
time="2025-12-08T08:44:15+03:00" level=info msg="[WARMUP VU 3] Starting warmup iteration" source=console
time="2025-12-08T08:44:15+03:00" level=info msg="[WARMUP VU 12] Starting warmup iteration" source=console
time="2025-12-08T08:44:15+03:00" level=info msg="[WARMUP VU 25] Got JWT: eyJhbGciOiJSUzI1NiIs..." source=console
time="2025-12-08T08:44:15+03:00" level=info msg="[WARMUP VU 10] Got JWT: eyJhbGciOiJSUzI1NiIs..." source=console
time="2025-12-08T08:44:15+03:00" level=info msg="[WARMUP VU 9] Starting warmup iteration" source=console
time="2025-12-08T08:44:15+03:00" level=info msg="[WARMUP VU 12] Got JWT: eyJhbGciOiJSUzI1NiIs..." source=console
time="2025-12-08T08:44:15+03:00" level=info msg="[WARMUP VU 3] Got JWT: eyJhbGciOiJSUzI1NiIs..." source=console
time="2025-12-08T08:44:15+03:00" level=info msg="[WARMUP VU 5] Starting warmup iteration" source=console
time="2025-12-08T08:44:15+03:00" level=info msg="[WARMUP VU 18] Starting warmup iteration" source=console
time="2025-12-08T08:44:15+03:00" level=info msg="[WARMUP VU 9] Got JWT: eyJhbGciOiJSUzI1NiIs..." source=console
time="2025-12-08T08:44:16+03:00" level=info msg="[WARMUP VU 5] Got JWT: eyJhbGciOiJSUzI1NiIs..." source=console
time="2025-12-08T08:44:16+03:00" level=info msg="[WARMUP VU 18] Got JWT: eyJhbGciOiJSUzI1NiIs..." source=console
time="2025-12-08T08:44:16+03:00" level=info msg="[WARMUP VU 1] Starting warmup iteration" source=console
time="2025-12-08T08:44:16+03:00" level=info msg="[WARMUP VU 4] Starting warmup iteration" source=console
time="2025-12-08T08:44:16+03:00" level=info msg="[WARMUP VU 19] Cart add status: 200" source=console
time="2025-12-08T08:44:16+03:00" level=info msg="[WARMUP VU 1] Got JWT: eyJhbGciOiJSUzI1NiIs..." source=console
time="2025-12-08T08:44:16+03:00" level=info msg="[WARMUP VU 4] Got JWT: eyJhbGciOiJSUzI1NiIs..." source=console
time="2025-12-08T08:44:16+03:00" level=info msg="[WARMUP VU 2] Starting warmup iteration" source=console
time="2025-12-08T08:44:16+03:00" level=info msg="[WARMUP VU 15] Starting warmup iteration" source=console
time="2025-12-08T08:44:16+03:00" level=info msg="[WARMUP VU 11] Starting warmup iteration" source=console
time="2025-12-08T08:44:16+03:00" level=info msg="[WARMUP VU 23] Starting warmup iteration" source=console
time="2025-12-08T08:44:16+03:00" level=info msg="[WARMUP VU 20] Starting warmup iteration" source=console
time="2025-12-08T08:44:16+03:00" level=info msg="[WARMUP VU 6] Starting warmup iteration" source=console
time="2025-12-08T08:44:16+03:00" level=info msg="[WARMUP VU 13] Starting warmup iteration" source=console
time="2025-12-08T08:44:16+03:00" level=info msg="[WARMUP VU 2] Got JWT: eyJhbGciOiJSUzI1NiIs..." source=console
time="2025-12-08T08:44:16+03:00" level=info msg="[WARMUP VU 15] Got JWT: eyJhbGciOiJSUzI1NiIs..." source=console
time="2025-12-08T08:44:16+03:00" level=info msg="[WARMUP VU 11] Got JWT: eyJhbGciOiJSUzI1NiIs..." source=console
time="2025-12-08T08:44:16+03:00" level=info msg="[WARMUP VU 23] Got JWT: eyJhbGciOiJSUzI1NiIs..." source=console
time="2025-12-08T08:44:16+03:00" level=info msg="[WARMUP VU 20] Got JWT: eyJhbGciOiJSUzI1NiIs..." source=console
time="2025-12-08T08:44:16+03:00" level=info msg="[WARMUP VU 6] Got JWT: eyJhbGciOiJSUzI1NiIs..." source=console
time="2025-12-08T08:44:16+03:00" level=info msg="[WARMUP VU 13] Got JWT: eyJhbGciOiJSUzI1NiIs..." source=console

running (0m10.4s), 020/150 VUs, 40 complete and 0 interrupted iterations
warmup      [  50% ] 20 VUs   10.0s/20s
main_test • [   0% ] waiting  10.0s
time="2025-12-08T08:44:16+03:00" level=info msg="[WARMUP VU 16] Cart add status: 200" source=console
time="2025-12-08T08:44:16+03:00" level=info msg="[WARMUP VU 14] Cart add status: 200" source=console
time="2025-12-08T08:44:16+03:00" level=info msg="[WARMUP VU 22] Cart add status: 200" source=console
time="2025-12-08T08:44:16+03:00" level=info msg="[WARMUP VU 10] Cart add status: 200" source=console
time="2025-12-08T08:44:16+03:00" level=info msg="[WARMUP VU 25] Cart add status: 200" source=console
time="2025-12-08T08:44:16+03:00" level=info msg="[WARMUP VU 3] Cart add status: 200" source=console
time="2025-12-08T08:44:16+03:00" level=info msg="[WARMUP VU 12] Cart add status: 200" source=console
time="2025-12-08T08:44:17+03:00" level=info msg="[WARMUP VU 9] Cart add status: 200" source=console
time="2025-12-08T08:44:17+03:00" level=info msg="[WARMUP VU 5] Cart add status: 200" source=console
time="2025-12-08T08:44:17+03:00" level=info msg="[WARMUP VU 18] Cart add status: 200" source=console
time="2025-12-08T08:44:17+03:00" level=info msg="[WARMUP VU 4] Cart add status: 200" source=console
time="2025-12-08T08:44:17+03:00" level=info msg="[WARMUP VU 1] Cart add status: 200" source=console
time="2025-12-08T08:44:17+03:00" level=info msg="[WARMUP VU 2] Cart add status: 200" source=console
time="2025-12-08T08:44:17+03:00" level=info msg="[WARMUP VU 15] Cart add status: 200" source=console
time="2025-12-08T08:44:17+03:00" level=info msg="[WARMUP VU 23] Cart add status: 200" source=console
time="2025-12-08T08:44:17+03:00" level=info msg="[WARMUP VU 11] Cart add status: 200" source=console
time="2025-12-08T08:44:17+03:00" level=info msg="[WARMUP VU 20] Cart add status: 200" source=console
time="2025-12-08T08:44:17+03:00" level=info msg="[WARMUP VU 6] Cart add status: 200" source=console
time="2025-12-08T08:44:17+03:00" level=info msg="[WARMUP VU 13] Cart add status: 200" source=console

running (0m11.4s), 020/150 VUs, 40 complete and 0 interrupted iterations
warmup      [  55% ] 20 VUs   11.0s/20s
main_test • [   0% ] waiting  09.0s
time="2025-12-08T08:44:18+03:00" level=info msg="[WARMUP VU 19] Starting warmup iteration" source=console
time="2025-12-08T08:44:18+03:00" level=info msg="[WARMUP VU 19] Got JWT: eyJhbGciOiJSUzI1NiIs..." source=console

running (0m12.4s), 020/150 VUs, 41 complete and 0 interrupted iterations
warmup      [  60% ] 20 VUs   12.0s/20s
main_test • [   0% ] waiting  08.0s
time="2025-12-08T08:44:18+03:00" level=info msg="[WARMUP VU 16] Starting warmup iteration" source=console
time="2025-12-08T08:44:18+03:00" level=info msg="[WARMUP VU 14] Starting warmup iteration" source=console
time="2025-12-08T08:44:18+03:00" level=info msg="[WARMUP VU 14] Got JWT: eyJhbGciOiJSUzI1NiIs..." source=console
time="2025-12-08T08:44:18+03:00" level=info msg="[WARMUP VU 16] Got JWT: eyJhbGciOiJSUzI1NiIs..." source=console
time="2025-12-08T08:44:18+03:00" level=info msg="[WARMUP VU 22] Starting warmup iteration" source=console
time="2025-12-08T08:44:18+03:00" level=info msg="[WARMUP VU 22] Got JWT: eyJhbGciOiJSUzI1NiIs..." source=console
time="2025-12-08T08:44:18+03:00" level=info msg="[WARMUP VU 10] Starting warmup iteration" source=console
time="2025-12-08T08:44:18+03:00" level=info msg="[WARMUP VU 25] Starting warmup iteration" source=console
time="2025-12-08T08:44:18+03:00" level=info msg="[WARMUP VU 25] Got JWT: eyJhbGciOiJSUzI1NiIs..." source=console
time="2025-12-08T08:44:18+03:00" level=info msg="[WARMUP VU 10] Got JWT: eyJhbGciOiJSUzI1NiIs..." source=console
time="2025-12-08T08:44:18+03:00" level=info msg="[WARMUP VU 3] Starting warmup iteration" source=console
time="2025-12-08T08:44:18+03:00" level=info msg="[WARMUP VU 12] Starting warmup iteration" source=console
time="2025-12-08T08:44:19+03:00" level=info msg="[WARMUP VU 9] Starting warmup iteration" source=console
time="2025-12-08T08:44:19+03:00" level=info msg="[WARMUP VU 12] Got JWT: eyJhbGciOiJSUzI1NiIs..." source=console
time="2025-12-08T08:44:19+03:00" level=info msg="[WARMUP VU 3] Got JWT: eyJhbGciOiJSUzI1NiIs..." source=console
time="2025-12-08T08:44:19+03:00" level=info msg="[WARMUP VU 9] Got JWT: eyJhbGciOiJSUzI1NiIs..." source=console
time="2025-12-08T08:44:19+03:00" level=info msg="[WARMUP VU 5] Starting warmup iteration" source=console
time="2025-12-08T08:44:19+03:00" level=info msg="[WARMUP VU 18] Starting warmup iteration" source=console
time="2025-12-08T08:44:19+03:00" level=info msg="[WARMUP VU 18] Got JWT: eyJhbGciOiJSUzI1NiIs..." source=console
time="2025-12-08T08:44:19+03:00" level=info msg="[WARMUP VU 5] Got JWT: eyJhbGciOiJSUzI1NiIs..." source=console
time="2025-12-08T08:44:19+03:00" level=info msg="[WARMUP VU 1] Starting warmup iteration" source=console
time="2025-12-08T08:44:19+03:00" level=info msg="[WARMUP VU 4] Starting warmup iteration" source=console
time="2025-12-08T08:44:19+03:00" level=info msg="[WARMUP VU 4] Got JWT: eyJhbGciOiJSUzI1NiIs..." source=console
time="2025-12-08T08:44:19+03:00" level=info msg="[WARMUP VU 1] Got JWT: eyJhbGciOiJSUzI1NiIs..." source=console
time="2025-12-08T08:44:19+03:00" level=info msg="[WARMUP VU 19] Cart add status: 200" source=console
time="2025-12-08T08:44:19+03:00" level=info msg="[WARMUP VU 2] Starting warmup iteration" source=console
time="2025-12-08T08:44:19+03:00" level=info msg="[WARMUP VU 2] Got JWT: eyJhbGciOiJSUzI1NiIs..." source=console
time="2025-12-08T08:44:19+03:00" level=info msg="[WARMUP VU 15] Starting warmup iteration" source=console
time="2025-12-08T08:44:19+03:00" level=info msg="[WARMUP VU 11] Starting warmup iteration" source=console
time="2025-12-08T08:44:19+03:00" level=info msg="[WARMUP VU 23] Starting warmup iteration" source=console
time="2025-12-08T08:44:19+03:00" level=info msg="[WARMUP VU 20] Starting warmup iteration" source=console
time="2025-12-08T08:44:19+03:00" level=info msg="[WARMUP VU 15] Got JWT: eyJhbGciOiJSUzI1NiIs..." source=console
time="2025-12-08T08:44:19+03:00" level=info msg="[WARMUP VU 20] Got JWT: eyJhbGciOiJSUzI1NiIs..." source=console
time="2025-12-08T08:44:19+03:00" level=info msg="[WARMUP VU 11] Got JWT: eyJhbGciOiJSUzI1NiIs..." source=console
time="2025-12-08T08:44:19+03:00" level=info msg="[WARMUP VU 23] Got JWT: eyJhbGciOiJSUzI1NiIs..." source=console
time="2025-12-08T08:44:19+03:00" level=info msg="[WARMUP VU 13] Starting warmup iteration" source=console
time="2025-12-08T08:44:19+03:00" level=info msg="[WARMUP VU 6] Starting warmup iteration" source=console

running (0m13.4s), 020/150 VUs, 60 complete and 0 interrupted iterations
warmup      [  65% ] 20 VUs   13.0s/20s
main_test • [   0% ] waiting  07.0s
time="2025-12-08T08:44:19+03:00" level=info msg="[WARMUP VU 13] Got JWT: eyJhbGciOiJSUzI1NiIs..." source=console
time="2025-12-08T08:44:19+03:00" level=info msg="[WARMUP VU 6] Got JWT: eyJhbGciOiJSUzI1NiIs..." source=console
time="2025-12-08T08:44:19+03:00" level=info msg="[WARMUP VU 14] Cart add status: 200" source=console
time="2025-12-08T08:44:19+03:00" level=info msg="[WARMUP VU 16] Cart add status: 200" source=console
time="2025-12-08T08:44:19+03:00" level=info msg="[WARMUP VU 22] Cart add status: 200" source=console
time="2025-12-08T08:44:19+03:00" level=info msg="[WARMUP VU 25] Cart add status: 200" source=console
time="2025-12-08T08:44:19+03:00" level=info msg="[WARMUP VU 10] Cart add status: 200" source=console
time="2025-12-08T08:44:20+03:00" level=info msg="[WARMUP VU 3] Cart add status: 200" source=console
time="2025-12-08T08:44:20+03:00" level=info msg="[WARMUP VU 12] Cart add status: 200" source=console
time="2025-12-08T08:44:20+03:00" level=info msg="[WARMUP VU 9] Cart add status: 200" source=console
time="2025-12-08T08:44:20+03:00" level=info msg="[WARMUP VU 18] Cart add status: 200" source=console
time="2025-12-08T08:44:20+03:00" level=info msg="[WARMUP VU 5] Cart add status: 200" source=console
time="2025-12-08T08:44:20+03:00" level=info msg="[WARMUP VU 1] Cart add status: 200" source=console
time="2025-12-08T08:44:20+03:00" level=info msg="[WARMUP VU 4] Cart add status: 200" source=console
time="2025-12-08T08:44:20+03:00" level=info msg="[WARMUP VU 2] Cart add status: 200" source=console
time="2025-12-08T08:44:20+03:00" level=info msg="[WARMUP VU 15] Cart add status: 200" source=console
time="2025-12-08T08:44:20+03:00" level=info msg="[WARMUP VU 20] Cart add status: 200" source=console
time="2025-12-08T08:44:20+03:00" level=info msg="[WARMUP VU 11] Cart add status: 200" source=console
time="2025-12-08T08:44:20+03:00" level=info msg="[WARMUP VU 23] Cart add status: 200" source=console

running (0m14.4s), 020/150 VUs, 60 complete and 0 interrupted iterations
warmup      [  70% ] 20 VUs   14.0s/20s
main_test • [   0% ] waiting  06.0s
time="2025-12-08T08:44:20+03:00" level=info msg="[WARMUP VU 6] Cart add status: 200" source=console
time="2025-12-08T08:44:20+03:00" level=info msg="[WARMUP VU 13] Cart add status: 200" source=console
time="2025-12-08T08:44:21+03:00" level=info msg="[WARMUP VU 19] Starting warmup iteration" source=console
time="2025-12-08T08:44:21+03:00" level=info msg="[WARMUP VU 19] Got JWT: eyJhbGciOiJSUzI1NiIs..." source=console

running (0m15.4s), 020/150 VUs, 61 complete and 0 interrupted iterations
warmup      [  75% ] 20 VUs   15.0s/20s
main_test • [   0% ] waiting  05.0s
time="2025-12-08T08:44:21+03:00" level=info msg="[WARMUP VU 14] Starting warmup iteration" source=console
time="2025-12-08T08:44:21+03:00" level=info msg="[WARMUP VU 16] Starting warmup iteration" source=console
time="2025-12-08T08:44:21+03:00" level=info msg="[WARMUP VU 14] Got JWT: eyJhbGciOiJSUzI1NiIs..." source=console
time="2025-12-08T08:44:21+03:00" level=info msg="[WARMUP VU 16] Got JWT: eyJhbGciOiJSUzI1NiIs..." source=console
time="2025-12-08T08:44:21+03:00" level=info msg="[WARMUP VU 22] Starting warmup iteration" source=console
time="2025-12-08T08:44:21+03:00" level=info msg="[WARMUP VU 10] Starting warmup iteration" source=console
time="2025-12-08T08:44:21+03:00" level=info msg="[WARMUP VU 25] Starting warmup iteration" source=console
time="2025-12-08T08:44:21+03:00" level=info msg="[WARMUP VU 22] Got JWT: eyJhbGciOiJSUzI1NiIs..." source=console
time="2025-12-08T08:44:22+03:00" level=info msg="[WARMUP VU 12] Starting warmup iteration" source=console
time="2025-12-08T08:44:22+03:00" level=info msg="[WARMUP VU 3] Starting warmup iteration" source=console
time="2025-12-08T08:44:22+03:00" level=info msg="[WARMUP VU 9] Starting warmup iteration" source=console
time="2025-12-08T08:44:22+03:00" level=info msg="[WARMUP VU 10] Got JWT: eyJhbGciOiJSUzI1NiIs..." source=console
time="2025-12-08T08:44:22+03:00" level=info msg="[WARMUP VU 25] Got JWT: eyJhbGciOiJSUzI1NiIs..." source=console
time="2025-12-08T08:44:22+03:00" level=info msg="[WARMUP VU 12] Got JWT: eyJhbGciOiJSUzI1NiIs..." source=console
time="2025-12-08T08:44:22+03:00" level=info msg="[WARMUP VU 3] Got JWT: eyJhbGciOiJSUzI1NiIs..." source=console
time="2025-12-08T08:44:22+03:00" level=info msg="[WARMUP VU 9] Got JWT: eyJhbGciOiJSUzI1NiIs..." source=console
time="2025-12-08T08:44:22+03:00" level=info msg="[WARMUP VU 18] Starting warmup iteration" source=console
time="2025-12-08T08:44:22+03:00" level=info msg="[WARMUP VU 5] Starting warmup iteration" source=console
time="2025-12-08T08:44:22+03:00" level=info msg="[WARMUP VU 5] Got JWT: eyJhbGciOiJSUzI1NiIs..." source=console
time="2025-12-08T08:44:22+03:00" level=info msg="[WARMUP VU 18] Got JWT: eyJhbGciOiJSUzI1NiIs..." source=console
time="2025-12-08T08:44:22+03:00" level=info msg="[WARMUP VU 1] Starting warmup iteration" source=console
time="2025-12-08T08:44:22+03:00" level=info msg="[WARMUP VU 4] Starting warmup iteration" source=console
time="2025-12-08T08:44:22+03:00" level=info msg="[WARMUP VU 1] Got JWT: eyJhbGciOiJSUzI1NiIs..." source=console
time="2025-12-08T08:44:22+03:00" level=info msg="[WARMUP VU 4] Got JWT: eyJhbGciOiJSUzI1NiIs..." source=console
time="2025-12-08T08:44:22+03:00" level=info msg="[WARMUP VU 2] Starting warmup iteration" source=console
time="2025-12-08T08:44:22+03:00" level=info msg="[WARMUP VU 19] Cart add status: 200" source=console
time="2025-12-08T08:44:22+03:00" level=info msg="[WARMUP VU 2] Got JWT: eyJhbGciOiJSUzI1NiIs..." source=console
time="2025-12-08T08:44:22+03:00" level=info msg="[WARMUP VU 15] Starting warmup iteration" source=console
time="2025-12-08T08:44:22+03:00" level=info msg="[WARMUP VU 15] Got JWT: eyJhbGciOiJSUzI1NiIs..." source=console
time="2025-12-08T08:44:22+03:00" level=info msg="[WARMUP VU 11] Starting warmup iteration" source=console
time="2025-12-08T08:44:22+03:00" level=info msg="[WARMUP VU 20] Starting warmup iteration" source=console
time="2025-12-08T08:44:22+03:00" level=info msg="[WARMUP VU 23] Starting warmup iteration" source=console

running (0m16.4s), 020/150 VUs, 78 complete and 0 interrupted iterations
warmup      [  80% ] 20 VUs   16.0s/20s
main_test • [   0% ] waiting  04.0s
time="2025-12-08T08:44:22+03:00" level=info msg="[WARMUP VU 23] Got JWT: eyJhbGciOiJSUzI1NiIs..." source=console
time="2025-12-08T08:44:22+03:00" level=info msg="[WARMUP VU 20] Got JWT: eyJhbGciOiJSUzI1NiIs..." source=console
time="2025-12-08T08:44:22+03:00" level=info msg="[WARMUP VU 11] Got JWT: eyJhbGciOiJSUzI1NiIs..." source=console
time="2025-12-08T08:44:22+03:00" level=info msg="[WARMUP VU 6] Starting warmup iteration" source=console
time="2025-12-08T08:44:22+03:00" level=info msg="[WARMUP VU 13] Starting warmup iteration" source=console
time="2025-12-08T08:44:22+03:00" level=info msg="[WARMUP VU 6] Got JWT: eyJhbGciOiJSUzI1NiIs..." source=console
time="2025-12-08T08:44:22+03:00" level=info msg="[WARMUP VU 13] Got JWT: eyJhbGciOiJSUzI1NiIs..." source=console
time="2025-12-08T08:44:22+03:00" level=info msg="[WARMUP VU 14] Cart add status: 200" source=console
time="2025-12-08T08:44:22+03:00" level=info msg="[WARMUP VU 16] Cart add status: 200" source=console
time="2025-12-08T08:44:22+03:00" level=info msg="[WARMUP VU 22] Cart add status: 200" source=console
time="2025-12-08T08:44:23+03:00" level=info msg="[WARMUP VU 10] Cart add status: 200" source=console
time="2025-12-08T08:44:23+03:00" level=info msg="[WARMUP VU 25] Cart add status: 200" source=console
time="2025-12-08T08:44:23+03:00" level=info msg="[WARMUP VU 12] Cart add status: 200" source=console
time="2025-12-08T08:44:23+03:00" level=info msg="[WARMUP VU 3] Cart add status: 200" source=console
time="2025-12-08T08:44:23+03:00" level=info msg="[WARMUP VU 9] Cart add status: 200" source=console
time="2025-12-08T08:44:23+03:00" level=info msg="[WARMUP VU 18] Cart add status: 200" source=console
time="2025-12-08T08:44:23+03:00" level=info msg="[WARMUP VU 5] Cart add status: 200" source=console
time="2025-12-08T08:44:23+03:00" level=info msg="[WARMUP VU 1] Cart add status: 200" source=console
time="2025-12-08T08:44:23+03:00" level=info msg="[WARMUP VU 4] Cart add status: 200" source=console
time="2025-12-08T08:44:23+03:00" level=info msg="[WARMUP VU 2] Cart add status: 200" source=console
time="2025-12-08T08:44:23+03:00" level=info msg="[WARMUP VU 15] Cart add status: 200" source=console

running (0m17.4s), 020/150 VUs, 80 complete and 0 interrupted iterations
warmup      [  85% ] 20 VUs   17.0s/20s
main_test • [   0% ] waiting  03.0s
time="2025-12-08T08:44:23+03:00" level=info msg="[WARMUP VU 20] Cart add status: 200" source=console
time="2025-12-08T08:44:23+03:00" level=info msg="[WARMUP VU 11] Cart add status: 200" source=console
time="2025-12-08T08:44:23+03:00" level=info msg="[WARMUP VU 23] Cart add status: 200" source=console
time="2025-12-08T08:44:23+03:00" level=info msg="[WARMUP VU 6] Cart add status: 200" source=console
time="2025-12-08T08:44:23+03:00" level=info msg="[WARMUP VU 13] Cart add status: 200" source=console
time="2025-12-08T08:44:24+03:00" level=info msg="[WARMUP VU 19] Starting warmup iteration" source=console
time="2025-12-08T08:44:24+03:00" level=info msg="[WARMUP VU 19] Got JWT: eyJhbGciOiJSUzI1NiIs..." source=console

running (0m18.4s), 020/150 VUs, 81 complete and 0 interrupted iterations
warmup      [  90% ] 20 VUs   18.0s/20s
main_test • [   0% ] waiting  02.0s
time="2025-12-08T08:44:24+03:00" level=info msg="[WARMUP VU 14] Starting warmup iteration" source=console
time="2025-12-08T08:44:24+03:00" level=info msg="[WARMUP VU 16] Starting warmup iteration" source=console
time="2025-12-08T08:44:24+03:00" level=info msg="[WARMUP VU 14] Got JWT: eyJhbGciOiJSUzI1NiIs..." source=console
time="2025-12-08T08:44:24+03:00" level=info msg="[WARMUP VU 16] Got JWT: eyJhbGciOiJSUzI1NiIs..." source=console
time="2025-12-08T08:44:24+03:00" level=info msg="[WARMUP VU 22] Starting warmup iteration" source=console
time="2025-12-08T08:44:24+03:00" level=info msg="[WARMUP VU 22] Got JWT: eyJhbGciOiJSUzI1NiIs..." source=console
time="2025-12-08T08:44:25+03:00" level=info msg="[WARMUP VU 25] Starting warmup iteration" source=console
time="2025-12-08T08:44:25+03:00" level=info msg="[WARMUP VU 10] Starting warmup iteration" source=console
time="2025-12-08T08:44:25+03:00" level=info msg="[WARMUP VU 3] Starting warmup iteration" source=console
time="2025-12-08T08:44:25+03:00" level=info msg="[WARMUP VU 12] Starting warmup iteration" source=console
time="2025-12-08T08:44:25+03:00" level=info msg="[WARMUP VU 25] Got JWT: eyJhbGciOiJSUzI1NiIs..." source=console
time="2025-12-08T08:44:25+03:00" level=info msg="[WARMUP VU 10] Got JWT: eyJhbGciOiJSUzI1NiIs..." source=console
time="2025-12-08T08:44:25+03:00" level=info msg="[WARMUP VU 3] Got JWT: eyJhbGciOiJSUzI1NiIs..." source=console
time="2025-12-08T08:44:25+03:00" level=info msg="[WARMUP VU 12] Got JWT: eyJhbGciOiJSUzI1NiIs..." source=console
time="2025-12-08T08:44:25+03:00" level=info msg="[WARMUP VU 9] Starting warmup iteration" source=console
time="2025-12-08T08:44:25+03:00" level=info msg="[WARMUP VU 9] Got JWT: eyJhbGciOiJSUzI1NiIs..." source=console
time="2025-12-08T08:44:25+03:00" level=info msg="[WARMUP VU 5] Starting warmup iteration" source=console
time="2025-12-08T08:44:25+03:00" level=info msg="[WARMUP VU 18] Starting warmup iteration" source=console
time="2025-12-08T08:44:25+03:00" level=info msg="[WARMUP VU 18] Got JWT: eyJhbGciOiJSUzI1NiIs..." source=console
time="2025-12-08T08:44:25+03:00" level=info msg="[WARMUP VU 5] Got JWT: eyJhbGciOiJSUzI1NiIs..." source=console
time="2025-12-08T08:44:25+03:00" level=info msg="[WARMUP VU 4] Starting warmup iteration" source=console
time="2025-12-08T08:44:25+03:00" level=info msg="[WARMUP VU 1] Starting warmup iteration" source=console
time="2025-12-08T08:44:25+03:00" level=info msg="[WARMUP VU 4] Got JWT: eyJhbGciOiJSUzI1NiIs..." source=console
time="2025-12-08T08:44:25+03:00" level=info msg="[WARMUP VU 1] Got JWT: eyJhbGciOiJSUzI1NiIs..." source=console
time="2025-12-08T08:44:25+03:00" level=info msg="[WARMUP VU 2] Starting warmup iteration" source=console
time="2025-12-08T08:44:25+03:00" level=info msg="[WARMUP VU 19] Cart add status: 200" source=console
time="2025-12-08T08:44:25+03:00" level=info msg="[WARMUP VU 2] Got JWT: eyJhbGciOiJSUzI1NiIs..." source=console
time="2025-12-08T08:44:25+03:00" level=info msg="[WARMUP VU 15] Starting warmup iteration" source=console
time="2025-12-08T08:44:25+03:00" level=info msg="[WARMUP VU 15] Got JWT: eyJhbGciOiJSUzI1NiIs..." source=console

running (0m19.4s), 020/150 VUs, 95 complete and 0 interrupted iterations
warmup      [  95% ] 20 VUs   19.0s/20s
main_test • [   0% ] waiting  01.0s
time="2025-12-08T08:44:25+03:00" level=info msg="[WARMUP VU 23] Starting warmup iteration" source=console
time="2025-12-08T08:44:25+03:00" level=info msg="[WARMUP VU 11] Starting warmup iteration" source=console
time="2025-12-08T08:44:25+03:00" level=info msg="[WARMUP VU 20] Starting warmup iteration" source=console
time="2025-12-08T08:44:25+03:00" level=info msg="[WARMUP VU 23] Got JWT: eyJhbGciOiJSUzI1NiIs..." source=console
time="2025-12-08T08:44:25+03:00" level=info msg="[WARMUP VU 20] Got JWT: eyJhbGciOiJSUzI1NiIs..." source=console
time="2025-12-08T08:44:25+03:00" level=info msg="[WARMUP VU 11] Got JWT: eyJhbGciOiJSUzI1NiIs..." source=console
time="2025-12-08T08:44:25+03:00" level=info msg="[WARMUP VU 13] Starting warmup iteration" source=console
time="2025-12-08T08:44:25+03:00" level=info msg="[WARMUP VU 6] Starting warmup iteration" source=console
time="2025-12-08T08:44:25+03:00" level=info msg="[WARMUP VU 13] Got JWT: eyJhbGciOiJSUzI1NiIs..." source=console
time="2025-12-08T08:44:25+03:00" level=info msg="[WARMUP VU 6] Got JWT: eyJhbGciOiJSUzI1NiIs..." source=console
time="2025-12-08T08:44:25+03:00" level=info msg="[WARMUP VU 14] Cart add status: 200" source=console
time="2025-12-08T08:44:25+03:00" level=info msg="[WARMUP VU 16] Cart add status: 200" source=console
time="2025-12-08T08:44:26+03:00" level=info msg="[WARMUP VU 22] Cart add status: 200" source=console
time="2025-12-08T08:44:26+03:00" level=info msg="[WARMUP VU 25] Cart add status: 200" source=console
time="2025-12-08T08:44:26+03:00" level=info msg="[WARMUP VU 10] Cart add status: 200" source=console
time="2025-12-08T08:44:26+03:00" level=info msg="[WARMUP VU 12] Cart add status: 200" source=console
time="2025-12-08T08:44:26+03:00" level=info msg="[WARMUP VU 3] Cart add status: 200" source=console
time="2025-12-08T08:44:26+03:00" level=info msg="[WARMUP VU 9] Cart add status: 200" source=console
time="2025-12-08T08:44:26+03:00" level=info msg="[WARMUP VU 18] Cart add status: 200" source=console
time="2025-12-08T08:44:26+03:00" level=info msg="[WARMUP VU 5] Cart add status: 200" source=console
time="2025-12-08T08:44:26+03:00" level=info msg="[WARMUP VU 1] Cart add status: 200" source=console
time="2025-12-08T08:44:26+03:00" level=info msg="[WARMUP VU 4] Cart add status: 200" source=console
time="2025-12-08T08:44:26+03:00" level=info msg="[WARMUP VU 2] Cart add status: 200" source=console
time="2025-12-08T08:44:26+03:00" level=info msg="[WARMUP VU 15] Cart add status: 200" source=console

running (0m20.4s), 020/150 VUs, 100 complete and 0 interrupted iterations
warmup      [ 100% ] 20 VUs   20.0s/20s
main_test • [   0% ] waiting  00.0s
time="2025-12-08T08:44:26+03:00" level=info msg="[WARMUP VU 20] Cart add status: 200" source=console
time="2025-12-08T08:44:26+03:00" level=info msg="[WARMUP VU 23] Cart add status: 200" source=console
time="2025-12-08T08:44:26+03:00" level=info msg="[WARMUP VU 11] Cart add status: 200" source=console
time="2025-12-08T08:44:26+03:00" level=info msg="[WARMUP VU 6] Cart add status: 200" source=console
time="2025-12-08T08:44:26+03:00" level=info msg="[WARMUP VU 13] Cart add status: 200" source=console

running (0m21.4s), 021/150 VUs, 101 complete and 0 interrupted iterations
warmup    ↓ [ 100% ] 20 VUs       20s
main_test   [   0% ] 002/150 VUs  0m01.0s/6m00.0s

running (0m22.4s), 009/150 VUs, 115 complete and 0 interrupted iterations
warmup    ↓ [ 100% ] 20 VUs       20s
main_test   [   1% ] 004/150 VUs  0m02.0s/6m00.0s

running (0m23.4s), 007/150 VUs, 120 complete and 0 interrupted iterations
warmup    ✓ [ 100% ] 20 VUs       20s
main_test   [   1% ] 007/150 VUs  0m03.0s/6m00.0s

running (0m24.4s), 009/150 VUs, 120 complete and 0 interrupted iterations
warmup    ✓ [ 100% ] 20 VUs       20s
main_test   [   1% ] 009/150 VUs  0m04.0s/6m00.0s

running (0m25.4s), 012/150 VUs, 120 complete and 0 interrupted iterations
warmup    ✓ [ 100% ] 20 VUs       20s
main_test   [   1% ] 012/150 VUs  0m05.0s/6m00.0s

running (0m26.4s), 014/150 VUs, 120 complete and 0 interrupted iterations
warmup    ✓ [ 100% ] 20 VUs       20s
main_test   [   2% ] 014/150 VUs  0m06.0s/6m00.0s

running (0m27.4s), 017/150 VUs, 120 complete and 0 interrupted iterations
warmup    ✓ [ 100% ] 20 VUs       20s
main_test   [   2% ] 017/150 VUs  0m07.0s/6m00.0s

running (0m28.4s), 019/150 VUs, 120 complete and 0 interrupted iterations
warmup    ✓ [ 100% ] 20 VUs       20s
main_test   [   2% ] 019/150 VUs  0m08.0s/6m00.0s

running (0m29.4s), 022/150 VUs, 120 complete and 0 interrupted iterations
warmup    ✓ [ 100% ] 20 VUs       20s
main_test   [   2% ] 022/150 VUs  0m09.0s/6m00.0s

running (0m30.4s), 024/150 VUs, 120 complete and 0 interrupted iterations
warmup    ✓ [ 100% ] 20 VUs       20s
main_test   [   3% ] 024/150 VUs  0m10.0s/6m00.0s

running (0m31.4s), 027/150 VUs, 120 complete and 0 interrupted iterations
warmup    ✓ [ 100% ] 20 VUs       20s
main_test   [   3% ] 027/150 VUs  0m11.0s/6m00.0s

running (0m32.4s), 029/150 VUs, 120 complete and 0 interrupted iterations
warmup    ✓ [ 100% ] 20 VUs       20s
main_test   [   3% ] 029/150 VUs  0m12.0s/6m00.0s

running (0m33.4s), 032/150 VUs, 120 complete and 0 interrupted iterations
warmup    ✓ [ 100% ] 20 VUs       20s
main_test   [   4% ] 032/150 VUs  0m13.0s/6m00.0s

running (0m34.4s), 034/150 VUs, 120 complete and 0 interrupted iterations
warmup    ✓ [ 100% ] 20 VUs       20s
main_test   [   4% ] 034/150 VUs  0m14.0s/6m00.0s

running (0m35.4s), 037/150 VUs, 120 complete and 0 interrupted iterations
warmup    ✓ [ 100% ] 20 VUs       20s
main_test   [   4% ] 037/150 VUs  0m15.0s/6m00.0s

running (0m36.4s), 039/150 VUs, 120 complete and 0 interrupted iterations
warmup    ✓ [ 100% ] 20 VUs       20s
main_test   [   4% ] 039/150 VUs  0m16.0s/6m00.0s

running (0m37.4s), 042/150 VUs, 120 complete and 0 interrupted iterations
warmup    ✓ [ 100% ] 20 VUs       20s
main_test   [   5% ] 042/150 VUs  0m17.0s/6m00.0s

running (0m38.8s), 044/150 VUs, 120 complete and 0 interrupted iterations
warmup    ✓ [ 100% ] 20 VUs       20s
main_test   [   5% ] 044/150 VUs  0m18.0s/6m00.0s

running (0m39.8s), 047/150 VUs, 120 complete and 0 interrupted iterations
warmup    ✓ [ 100% ] 20 VUs       20s
main_test   [   5% ] 047/150 VUs  0m19.0s/6m00.0s

running (0m40.8s), 049/150 VUs, 120 complete and 0 interrupted iterations
warmup    ✓ [ 100% ] 20 VUs       20s
main_test   [   6% ] 049/150 VUs  0m20.0s/6m00.0s

running (0m41.8s), 052/150 VUs, 120 complete and 0 interrupted iterations
warmup    ✓ [ 100% ] 20 VUs       20s
main_test   [   6% ] 052/150 VUs  0m21.0s/6m00.0s

running (0m42.8s), 054/150 VUs, 120 complete and 0 interrupted iterations
warmup    ✓ [ 100% ] 20 VUs       20s
main_test   [   6% ] 054/150 VUs  0m22.0s/6m00.0s

running (0m43.8s), 057/150 VUs, 120 complete and 0 interrupted iterations
warmup    ✓ [ 100% ] 20 VUs       20s
main_test   [   6% ] 057/150 VUs  0m23.0s/6m00.0s

running (0m44.8s), 059/150 VUs, 120 complete and 0 interrupted iterations
warmup    ✓ [ 100% ] 20 VUs       20s
main_test   [   7% ] 059/150 VUs  0m24.0s/6m00.0s

running (0m45.8s), 062/150 VUs, 120 complete and 0 interrupted iterations
warmup    ✓ [ 100% ] 20 VUs       20s
main_test   [   7% ] 062/150 VUs  0m25.0s/6m00.0s

running (0m46.8s), 064/150 VUs, 120 complete and 0 interrupted iterations
warmup    ✓ [ 100% ] 20 VUs       20s
main_test   [   7% ] 064/150 VUs  0m26.0s/6m00.0s

running (0m47.8s), 067/150 VUs, 120 complete and 0 interrupted iterations
warmup    ✓ [ 100% ] 20 VUs       20s
main_test   [   7% ] 067/150 VUs  0m27.0s/6m00.0s

running (0m48.8s), 069/150 VUs, 120 complete and 0 interrupted iterations
warmup    ✓ [ 100% ] 20 VUs       20s
main_test   [   8% ] 069/150 VUs  0m28.0s/6m00.0s

running (0m49.8s), 072/150 VUs, 120 complete and 0 interrupted iterations
warmup    ✓ [ 100% ] 20 VUs       20s
main_test   [   8% ] 072/150 VUs  0m29.0s/6m00.0s

running (0m50.8s), 074/150 VUs, 120 complete and 0 interrupted iterations
warmup    ✓ [ 100% ] 20 VUs       20s
main_test   [   8% ] 074/150 VUs  0m30.0s/6m00.0s

running (0m51.8s), 077/150 VUs, 120 complete and 0 interrupted iterations
warmup    ✓ [ 100% ] 20 VUs       20s
main_test   [   9% ] 077/150 VUs  0m31.0s/6m00.0s

running (0m52.8s), 079/150 VUs, 120 complete and 0 interrupted iterations
warmup    ✓ [ 100% ] 20 VUs       20s
main_test   [   9% ] 079/150 VUs  0m32.0s/6m00.0s

running (0m53.8s), 082/150 VUs, 120 complete and 0 interrupted iterations
warmup    ✓ [ 100% ] 20 VUs       20s
main_test   [   9% ] 082/150 VUs  0m33.0s/6m00.0s

running (0m54.8s), 084/150 VUs, 120 complete and 0 interrupted iterations
warmup    ✓ [ 100% ] 20 VUs       20s
main_test   [   9% ] 084/150 VUs  0m34.0s/6m00.0s

running (0m55.8s), 087/150 VUs, 120 complete and 0 interrupted iterations
warmup    ✓ [ 100% ] 20 VUs       20s
main_test   [  10% ] 087/150 VUs  0m35.0s/6m00.0s

running (0m56.8s), 089/150 VUs, 120 complete and 0 interrupted iterations
warmup    ✓ [ 100% ] 20 VUs       20s
main_test   [  10% ] 089/150 VUs  0m36.0s/6m00.0s

running (0m57.8s), 092/150 VUs, 120 complete and 0 interrupted iterations
warmup    ✓ [ 100% ] 20 VUs       20s
main_test   [  10% ] 092/150 VUs  0m37.0s/6m00.0s

running (0m58.8s), 094/150 VUs, 120 complete and 0 interrupted iterations
warmup    ✓ [ 100% ] 20 VUs       20s
main_test   [  11% ] 094/150 VUs  0m38.0s/6m00.0s

running (0m59.8s), 097/150 VUs, 120 complete and 0 interrupted iterations
warmup    ✓ [ 100% ] 20 VUs       20s
main_test   [  11% ] 097/150 VUs  0m39.0s/6m00.0s

running (1m00.8s), 099/150 VUs, 120 complete and 0 interrupted iterations
warmup    ✓ [ 100% ] 20 VUs       20s
main_test   [  11% ] 099/150 VUs  0m40.0s/6m00.0s

running (1m01.8s), 102/150 VUs, 120 complete and 0 interrupted iterations
warmup    ✓ [ 100% ] 20 VUs       20s
main_test   [  11% ] 102/150 VUs  0m41.0s/6m00.0s

running (1m02.8s), 104/150 VUs, 120 complete and 0 interrupted iterations
warmup    ✓ [ 100% ] 20 VUs       20s
main_test   [  12% ] 104/150 VUs  0m42.0s/6m00.0s

running (1m03.8s), 107/150 VUs, 120 complete and 0 interrupted iterations
warmup    ✓ [ 100% ] 20 VUs       20s
main_test   [  12% ] 107/150 VUs  0m43.0s/6m00.0s

running (1m04.8s), 109/150 VUs, 120 complete and 0 interrupted iterations
warmup    ✓ [ 100% ] 20 VUs       20s
main_test   [  12% ] 109/150 VUs  0m44.0s/6m00.0s

running (1m05.8s), 112/150 VUs, 120 complete and 0 interrupted iterations
warmup    ✓ [ 100% ] 20 VUs       20s
main_test   [  12% ] 112/150 VUs  0m45.0s/6m00.0s

running (1m06.8s), 114/150 VUs, 120 complete and 0 interrupted iterations
warmup    ✓ [ 100% ] 20 VUs       20s
main_test   [  13% ] 114/150 VUs  0m46.0s/6m00.0s

running (1m07.8s), 117/150 VUs, 120 complete and 0 interrupted iterations
warmup    ✓ [ 100% ] 20 VUs       20s
main_test   [  13% ] 117/150 VUs  0m47.0s/6m00.0s

running (1m09.2s), 119/150 VUs, 120 complete and 0 interrupted iterations
warmup    ✓ [ 100% ] 20 VUs       20s
main_test   [  13% ] 119/150 VUs  0m48.0s/6m00.0s

running (1m10.2s), 122/150 VUs, 120 complete and 0 interrupted iterations
warmup    ✓ [ 100% ] 20 VUs       20s
main_test   [  14% ] 122/150 VUs  0m49.0s/6m00.0s

running (1m11.2s), 124/150 VUs, 120 complete and 0 interrupted iterations
warmup    ✓ [ 100% ] 20 VUs       20s
main_test   [  14% ] 124/150 VUs  0m50.0s/6m00.0s

running (1m12.2s), 127/150 VUs, 120 complete and 0 interrupted iterations
warmup    ✓ [ 100% ] 20 VUs       20s
main_test   [  14% ] 127/150 VUs  0m51.0s/6m00.0s

running (1m13.2s), 129/150 VUs, 120 complete and 0 interrupted iterations
warmup    ✓ [ 100% ] 20 VUs       20s
main_test   [  14% ] 129/150 VUs  0m52.0s/6m00.0s

running (1m14.2s), 132/150 VUs, 120 complete and 0 interrupted iterations
warmup    ✓ [ 100% ] 20 VUs       20s
main_test   [  15% ] 132/150 VUs  0m53.0s/6m00.0s

running (1m15.2s), 134/150 VUs, 120 complete and 0 interrupted iterations
warmup    ✓ [ 100% ] 20 VUs       20s
main_test   [  15% ] 134/150 VUs  0m54.0s/6m00.0s

running (1m16.2s), 137/150 VUs, 120 complete and 0 interrupted iterations
warmup    ✓ [ 100% ] 20 VUs       20s
main_test   [  15% ] 137/150 VUs  0m55.0s/6m00.0s

running (1m17.2s), 139/150 VUs, 120 complete and 0 interrupted iterations
warmup    ✓ [ 100% ] 20 VUs       20s
main_test   [  16% ] 139/150 VUs  0m56.0s/6m00.0s

running (1m18.2s), 142/150 VUs, 120 complete and 0 interrupted iterations
warmup    ✓ [ 100% ] 20 VUs       20s
main_test   [  16% ] 142/150 VUs  0m57.0s/6m00.0s

running (1m19.2s), 144/150 VUs, 120 complete and 0 interrupted iterations
warmup    ✓ [ 100% ] 20 VUs       20s
main_test   [  16% ] 144/150 VUs  0m58.0s/6m00.0s

running (1m20.2s), 147/150 VUs, 120 complete and 0 interrupted iterations
warmup    ✓ [ 100% ] 20 VUs       20s
main_test   [  16% ] 147/150 VUs  0m59.0s/6m00.0s

running (1m21.2s), 149/150 VUs, 120 complete and 0 interrupted iterations
warmup    ✓ [ 100% ] 20 VUs       20s
main_test   [  17% ] 149/150 VUs  1m00.0s/6m00.0s

running (1m22.2s), 150/150 VUs, 120 complete and 0 interrupted iterations
warmup    ✓ [ 100% ] 20 VUs       20s
main_test   [  17% ] 150/150 VUs  1m01.0s/6m00.0s

running (1m23.2s), 150/150 VUs, 120 complete and 0 interrupted iterations
warmup    ✓ [ 100% ] 20 VUs       20s
main_test   [  17% ] 150/150 VUs  1m02.0s/6m00.0s

running (1m24.2s), 150/150 VUs, 120 complete and 0 interrupted iterations
warmup    ✓ [ 100% ] 20 VUs       20s
main_test   [  17% ] 150/150 VUs  1m03.0s/6m00.0s

running (1m25.2s), 150/150 VUs, 120 complete and 0 interrupted iterations
warmup    ✓ [ 100% ] 20 VUs       20s
main_test   [  18% ] 150/150 VUs  1m04.0s/6m00.0s

running (1m26.2s), 150/150 VUs, 120 complete and 0 interrupted iterations
warmup    ✓ [ 100% ] 20 VUs       20s
main_test   [  18% ] 150/150 VUs  1m05.0s/6m00.0s

running (1m27.2s), 150/150 VUs, 120 complete and 0 interrupted iterations
warmup    ✓ [ 100% ] 20 VUs       20s
main_test   [  18% ] 150/150 VUs  1m06.0s/6m00.0s

running (1m28.2s), 150/150 VUs, 120 complete and 0 interrupted iterations
warmup    ✓ [ 100% ] 20 VUs       20s
main_test   [  19% ] 150/150 VUs  1m07.0s/6m00.0s

running (1m29.2s), 150/150 VUs, 120 complete and 0 interrupted iterations
warmup    ✓ [ 100% ] 20 VUs       20s
main_test   [  19% ] 150/150 VUs  1m08.0s/6m00.0s

running (1m30.2s), 150/150 VUs, 120 complete and 0 interrupted iterations
warmup    ✓ [ 100% ] 20 VUs       20s
main_test   [  19% ] 150/150 VUs  1m09.0s/6m00.0s

running (1m31.2s), 150/150 VUs, 120 complete and 0 interrupted iterations
warmup    ✓ [ 100% ] 20 VUs       20s
main_test   [  19% ] 150/150 VUs  1m10.0s/6m00.0s

running (1m32.2s), 150/150 VUs, 120 complete and 0 interrupted iterations
warmup    ✓ [ 100% ] 20 VUs       20s
main_test   [  20% ] 150/150 VUs  1m11.0s/6m00.0s

running (1m33.2s), 150/150 VUs, 120 complete and 0 interrupted iterations
warmup    ✓ [ 100% ] 20 VUs       20s
main_test   [  20% ] 150/150 VUs  1m12.0s/6m00.0s

running (1m34.2s), 150/150 VUs, 120 complete and 0 interrupted iterations
warmup    ✓ [ 100% ] 20 VUs       20s
main_test   [  20% ] 150/150 VUs  1m13.0s/6m00.0s

running (1m35.2s), 150/150 VUs, 120 complete and 0 interrupted iterations
warmup    ✓ [ 100% ] 20 VUs       20s
main_test   [  21% ] 150/150 VUs  1m14.0s/6m00.0s

running (1m36.2s), 150/150 VUs, 120 complete and 0 interrupted iterations
warmup    ✓ [ 100% ] 20 VUs       20s
main_test   [  21% ] 150/150 VUs  1m15.0s/6m00.0s

running (1m37.2s), 150/150 VUs, 120 complete and 0 interrupted iterations
warmup    ✓ [ 100% ] 20 VUs       20s
main_test   [  21% ] 150/150 VUs  1m16.0s/6m00.0s

running (1m38.2s), 150/150 VUs, 120 complete and 0 interrupted iterations
warmup    ✓ [ 100% ] 20 VUs       20s
main_test   [  21% ] 150/150 VUs  1m17.0s/6m00.0s

running (1m39.5s), 150/150 VUs, 120 complete and 0 interrupted iterations
warmup    ✓ [ 100% ] 20 VUs       20s
main_test   [  22% ] 150/150 VUs  1m18.0s/6m00.0s

running (1m40.5s), 150/150 VUs, 120 complete and 0 interrupted iterations
warmup    ✓ [ 100% ] 20 VUs       20s
main_test   [  22% ] 150/150 VUs  1m19.0s/6m00.0s

running (1m41.5s), 150/150 VUs, 120 complete and 0 interrupted iterations
warmup    ✓ [ 100% ] 20 VUs       20s
main_test   [  22% ] 150/150 VUs  1m20.0s/6m00.0s

running (1m42.5s), 150/150 VUs, 120 complete and 0 interrupted iterations
warmup    ✓ [ 100% ] 20 VUs       20s
main_test   [  22% ] 150/150 VUs  1m21.0s/6m00.0s

running (1m43.5s), 150/150 VUs, 120 complete and 0 interrupted iterations
warmup    ✓ [ 100% ] 20 VUs       20s
main_test   [  23% ] 150/150 VUs  1m22.0s/6m00.0s

running (1m44.5s), 150/150 VUs, 120 complete and 0 interrupted iterations
warmup    ✓ [ 100% ] 20 VUs       20s
main_test   [  23% ] 150/150 VUs  1m23.0s/6m00.0s

running (1m45.5s), 150/150 VUs, 120 complete and 0 interrupted iterations
warmup    ✓ [ 100% ] 20 VUs       20s
main_test   [  23% ] 150/150 VUs  1m24.0s/6m00.0s

running (1m46.5s), 150/150 VUs, 120 complete and 0 interrupted iterations
warmup    ✓ [ 100% ] 20 VUs       20s
main_test   [  24% ] 150/150 VUs  1m25.0s/6m00.0s

running (1m47.5s), 150/150 VUs, 120 complete and 0 interrupted iterations
warmup    ✓ [ 100% ] 20 VUs       20s
main_test   [  24% ] 150/150 VUs  1m26.0s/6m00.0s

running (1m48.5s), 150/150 VUs, 120 complete and 0 interrupted iterations
warmup    ✓ [ 100% ] 20 VUs       20s
main_test   [  24% ] 150/150 VUs  1m27.0s/6m00.0s

running (1m49.5s), 150/150 VUs, 120 complete and 0 interrupted iterations
warmup    ✓ [ 100% ] 20 VUs       20s
main_test   [  24% ] 150/150 VUs  1m28.0s/6m00.0s

running (1m50.5s), 150/150 VUs, 120 complete and 0 interrupted iterations
warmup    ✓ [ 100% ] 20 VUs       20s
main_test   [  25% ] 150/150 VUs  1m29.0s/6m00.0s

running (1m51.5s), 150/150 VUs, 120 complete and 0 interrupted iterations
warmup    ✓ [ 100% ] 20 VUs       20s
main_test   [  25% ] 150/150 VUs  1m30.0s/6m00.0s

running (1m52.5s), 150/150 VUs, 120 complete and 0 interrupted iterations
warmup    ✓ [ 100% ] 20 VUs       20s
main_test   [  25% ] 150/150 VUs  1m31.0s/6m00.0s

running (1m53.5s), 150/150 VUs, 120 complete and 0 interrupted iterations
warmup    ✓ [ 100% ] 20 VUs       20s
main_test   [  26% ] 150/150 VUs  1m32.0s/6m00.0s

running (1m54.5s), 150/150 VUs, 120 complete and 0 interrupted iterations
warmup    ✓ [ 100% ] 20 VUs       20s
main_test   [  26% ] 150/150 VUs  1m33.0s/6m00.0s

running (1m55.5s), 150/150 VUs, 120 complete and 0 interrupted iterations
warmup    ✓ [ 100% ] 20 VUs       20s
main_test   [  26% ] 150/150 VUs  1m34.0s/6m00.0s

running (1m56.5s), 150/150 VUs, 120 complete and 0 interrupted iterations
warmup    ✓ [ 100% ] 20 VUs       20s
main_test   [  26% ] 150/150 VUs  1m35.0s/6m00.0s

running (1m57.5s), 150/150 VUs, 120 complete and 0 interrupted iterations
warmup    ✓ [ 100% ] 20 VUs       20s
main_test   [  27% ] 150/150 VUs  1m36.0s/6m00.0s

running (1m58.5s), 150/150 VUs, 120 complete and 0 interrupted iterations
warmup    ✓ [ 100% ] 20 VUs       20s
main_test   [  27% ] 150/150 VUs  1m37.0s/6m00.0s

running (1m59.5s), 150/150 VUs, 120 complete and 0 interrupted iterations
warmup    ✓ [ 100% ] 20 VUs       20s
main_test   [  27% ] 150/150 VUs  1m38.0s/6m00.0s

running (2m00.5s), 150/150 VUs, 120 complete and 0 interrupted iterations
warmup    ✓ [ 100% ] 20 VUs       20s
main_test   [  27% ] 150/150 VUs  1m39.0s/6m00.0s

running (2m01.5s), 150/150 VUs, 120 complete and 0 interrupted iterations
warmup    ✓ [ 100% ] 20 VUs       20s
main_test   [  28% ] 150/150 VUs  1m40.0s/6m00.0s

running (2m02.5s), 150/150 VUs, 120 complete and 0 interrupted iterations
warmup    ✓ [ 100% ] 20 VUs       20s
main_test   [  28% ] 150/150 VUs  1m41.0s/6m00.0s

running (2m03.5s), 150/150 VUs, 120 complete and 0 interrupted iterations
warmup    ✓ [ 100% ] 20 VUs       20s
main_test   [  28% ] 150/150 VUs  1m42.0s/6m00.0s

running (2m04.5s), 150/150 VUs, 120 complete and 0 interrupted iterations
warmup    ✓ [ 100% ] 20 VUs       20s
main_test   [  29% ] 150/150 VUs  1m43.0s/6m00.0s

running (2m05.5s), 150/150 VUs, 120 complete and 0 interrupted iterations
warmup    ✓ [ 100% ] 20 VUs       20s
main_test   [  29% ] 150/150 VUs  1m44.0s/6m00.0s

running (2m06.5s), 150/150 VUs, 120 complete and 0 interrupted iterations
warmup    ✓ [ 100% ] 20 VUs       20s
main_test   [  29% ] 150/150 VUs  1m45.0s/6m00.0s

running (2m07.5s), 150/150 VUs, 120 complete and 0 interrupted iterations
warmup    ✓ [ 100% ] 20 VUs       20s
main_test   [  29% ] 150/150 VUs  1m46.0s/6m00.0s

running (2m08.5s), 150/150 VUs, 120 complete and 0 interrupted iterations
warmup    ✓ [ 100% ] 20 VUs       20s
main_test   [  30% ] 150/150 VUs  1m47.0s/6m00.0s

running (2m09.9s), 150/150 VUs, 120 complete and 0 interrupted iterations
warmup    ✓ [ 100% ] 20 VUs       20s
main_test   [  30% ] 150/150 VUs  1m48.0s/6m00.0s

running (2m10.9s), 150/150 VUs, 120 complete and 0 interrupted iterations
warmup    ✓ [ 100% ] 20 VUs       20s
main_test   [  30% ] 150/150 VUs  1m49.0s/6m00.0s

running (2m11.9s), 150/150 VUs, 120 complete and 0 interrupted iterations
warmup    ✓ [ 100% ] 20 VUs       20s
main_test   [  31% ] 150/150 VUs  1m50.0s/6m00.0s

running (2m12.9s), 150/150 VUs, 120 complete and 0 interrupted iterations
warmup    ✓ [ 100% ] 20 VUs       20s
main_test   [  31% ] 150/150 VUs  1m51.0s/6m00.0s

running (2m13.9s), 150/150 VUs, 120 complete and 0 interrupted iterations
warmup    ✓ [ 100% ] 20 VUs       20s
main_test   [  31% ] 150/150 VUs  1m52.0s/6m00.0s

running (2m14.9s), 150/150 VUs, 120 complete and 0 interrupted iterations
warmup    ✓ [ 100% ] 20 VUs       20s
main_test   [  31% ] 150/150 VUs  1m53.0s/6m00.0s

running (2m15.9s), 150/150 VUs, 120 complete and 0 interrupted iterations
warmup    ✓ [ 100% ] 20 VUs       20s
main_test   [  32% ] 150/150 VUs  1m54.0s/6m00.0s

running (2m16.9s), 150/150 VUs, 120 complete and 0 interrupted iterations
warmup    ✓ [ 100% ] 20 VUs       20s
main_test   [  32% ] 150/150 VUs  1m55.0s/6m00.0s

running (2m17.9s), 150/150 VUs, 120 complete and 0 interrupted iterations
warmup    ✓ [ 100% ] 20 VUs       20s
main_test   [  32% ] 150/150 VUs  1m56.0s/6m00.0s

running (2m18.9s), 150/150 VUs, 120 complete and 0 interrupted iterations
warmup    ✓ [ 100% ] 20 VUs       20s
main_test   [  32% ] 150/150 VUs  1m57.0s/6m00.0s

running (2m19.9s), 150/150 VUs, 120 complete and 0 interrupted iterations
warmup    ✓ [ 100% ] 20 VUs       20s
main_test   [  33% ] 150/150 VUs  1m58.0s/6m00.0s

running (2m20.9s), 150/150 VUs, 120 complete and 0 interrupted iterations
warmup    ✓ [ 100% ] 20 VUs       20s
main_test   [  33% ] 150/150 VUs  1m59.0s/6m00.0s

running (2m21.9s), 150/150 VUs, 120 complete and 0 interrupted iterations
warmup    ✓ [ 100% ] 20 VUs       20s
main_test   [  33% ] 150/150 VUs  2m00.0s/6m00.0s

running (2m22.9s), 150/150 VUs, 120 complete and 0 interrupted iterations
warmup    ✓ [ 100% ] 20 VUs       20s
main_test   [  34% ] 150/150 VUs  2m01.0s/6m00.0s

running (2m23.9s), 150/150 VUs, 120 complete and 0 interrupted iterations
warmup    ✓ [ 100% ] 20 VUs       20s
main_test   [  34% ] 150/150 VUs  2m02.0s/6m00.0s

running (2m24.9s), 150/150 VUs, 120 complete and 0 interrupted iterations
warmup    ✓ [ 100% ] 20 VUs       20s
main_test   [  34% ] 150/150 VUs  2m03.0s/6m00.0s

running (2m25.9s), 150/150 VUs, 120 complete and 0 interrupted iterations
warmup    ✓ [ 100% ] 20 VUs       20s
main_test   [  34% ] 150/150 VUs  2m04.0s/6m00.0s

running (2m26.9s), 150/150 VUs, 120 complete and 0 interrupted iterations
warmup    ✓ [ 100% ] 20 VUs       20s
main_test   [  35% ] 150/150 VUs  2m05.0s/6m00.0s

running (2m27.9s), 150/150 VUs, 120 complete and 0 interrupted iterations
warmup    ✓ [ 100% ] 20 VUs       20s
main_test   [  35% ] 150/150 VUs  2m06.0s/6m00.0s

running (2m28.9s), 150/150 VUs, 120 complete and 0 interrupted iterations
warmup    ✓ [ 100% ] 20 VUs       20s
main_test   [  35% ] 150/150 VUs  2m07.0s/6m00.0s

running (2m29.9s), 150/150 VUs, 120 complete and 0 interrupted iterations
warmup    ✓ [ 100% ] 20 VUs       20s
main_test   [  36% ] 150/150 VUs  2m08.0s/6m00.0s

running (2m30.9s), 150/150 VUs, 120 complete and 0 interrupted iterations
warmup    ✓ [ 100% ] 20 VUs       20s
main_test   [  36% ] 150/150 VUs  2m09.0s/6m00.0s

running (2m31.9s), 150/150 VUs, 120 complete and 0 interrupted iterations
warmup    ✓ [ 100% ] 20 VUs       20s
main_test   [  36% ] 150/150 VUs  2m10.0s/6m00.0s

running (2m32.9s), 150/150 VUs, 120 complete and 0 interrupted iterations
warmup    ✓ [ 100% ] 20 VUs       20s
main_test   [  36% ] 150/150 VUs  2m11.0s/6m00.0s

running (2m33.9s), 150/150 VUs, 120 complete and 0 interrupted iterations
warmup    ✓ [ 100% ] 20 VUs       20s
main_test   [  37% ] 150/150 VUs  2m12.0s/6m00.0s

running (2m34.9s), 150/150 VUs, 120 complete and 0 interrupted iterations
warmup    ✓ [ 100% ] 20 VUs       20s
main_test   [  37% ] 150/150 VUs  2m13.0s/6m00.0s

running (2m35.9s), 150/150 VUs, 120 complete and 0 interrupted iterations
warmup    ✓ [ 100% ] 20 VUs       20s
main_test   [  37% ] 150/150 VUs  2m14.0s/6m00.0s

running (2m36.9s), 150/150 VUs, 120 complete and 0 interrupted iterations
warmup    ✓ [ 100% ] 20 VUs       20s
main_test   [  37% ] 150/150 VUs  2m15.0s/6m00.0s

running (2m37.9s), 150/150 VUs, 120 complete and 0 interrupted iterations
warmup    ✓ [ 100% ] 20 VUs       20s
main_test   [  38% ] 150/150 VUs  2m16.0s/6m00.0s

running (2m38.9s), 150/150 VUs, 122 complete and 0 interrupted iterations
warmup    ✓ [ 100% ] 20 VUs       20s
main_test   [  38% ] 150/150 VUs  2m17.0s/6m00.0s

running (2m40.3s), 150/150 VUs, 124 complete and 0 interrupted iterations
warmup    ✓ [ 100% ] 20 VUs       20s
main_test   [  38% ] 150/150 VUs  2m18.0s/6m00.0s

running (2m41.3s), 150/150 VUs, 126 complete and 0 interrupted iterations
warmup    ✓ [ 100% ] 20 VUs       20s
main_test   [  39% ] 150/150 VUs  2m19.0s/6m00.0s

running (2m42.3s), 150/150 VUs, 129 complete and 0 interrupted iterations
warmup    ✓ [ 100% ] 20 VUs       20s
main_test   [  39% ] 150/150 VUs  2m20.0s/6m00.0s

running (2m43.3s), 150/150 VUs, 131 complete and 0 interrupted iterations
warmup    ✓ [ 100% ] 20 VUs       20s
main_test   [  39% ] 150/150 VUs  2m21.0s/6m00.0s

running (2m44.3s), 150/150 VUs, 134 complete and 0 interrupted iterations
warmup    ✓ [ 100% ] 20 VUs       20s
main_test   [  39% ] 150/150 VUs  2m22.0s/6m00.0s

running (2m45.3s), 150/150 VUs, 137 complete and 0 interrupted iterations
warmup    ✓ [ 100% ] 20 VUs       20s
main_test   [  40% ] 150/150 VUs  2m23.0s/6m00.0s

running (2m46.3s), 150/150 VUs, 139 complete and 0 interrupted iterations
warmup    ✓ [ 100% ] 20 VUs       20s
main_test   [  40% ] 150/150 VUs  2m24.0s/6m00.0s

running (2m47.3s), 150/150 VUs, 142 complete and 0 interrupted iterations
warmup    ✓ [ 100% ] 20 VUs       20s
main_test   [  40% ] 150/150 VUs  2m25.0s/6m00.0s

running (2m48.3s), 150/150 VUs, 144 complete and 0 interrupted iterations
warmup    ✓ [ 100% ] 20 VUs       20s
main_test   [  41% ] 150/150 VUs  2m26.0s/6m00.0s

running (2m49.3s), 150/150 VUs, 147 complete and 0 interrupted iterations
warmup    ✓ [ 100% ] 20 VUs       20s
main_test   [  41% ] 150/150 VUs  2m27.0s/6m00.0s

running (2m50.3s), 150/150 VUs, 149 complete and 0 interrupted iterations
warmup    ✓ [ 100% ] 20 VUs       20s
main_test   [  41% ] 150/150 VUs  2m28.0s/6m00.0s

running (2m51.3s), 150/150 VUs, 152 complete and 0 interrupted iterations
warmup    ✓ [ 100% ] 20 VUs       20s
main_test   [  41% ] 150/150 VUs  2m29.0s/6m00.0s

running (2m52.3s), 150/150 VUs, 154 complete and 0 interrupted iterations
warmup    ✓ [ 100% ] 20 VUs       20s
main_test   [  42% ] 150/150 VUs  2m30.0s/6m00.0s

running (2m53.3s), 150/150 VUs, 157 complete and 0 interrupted iterations
warmup    ✓ [ 100% ] 20 VUs       20s
main_test   [  42% ] 150/150 VUs  2m31.0s/6m00.0s

running (2m54.3s), 150/150 VUs, 159 complete and 0 interrupted iterations
warmup    ✓ [ 100% ] 20 VUs       20s
main_test   [  42% ] 150/150 VUs  2m32.0s/6m00.0s

running (2m55.3s), 150/150 VUs, 162 complete and 0 interrupted iterations
warmup    ✓ [ 100% ] 20 VUs       20s
main_test   [  42% ] 150/150 VUs  2m33.0s/6m00.0s

running (2m56.3s), 150/150 VUs, 164 complete and 0 interrupted iterations
warmup    ✓ [ 100% ] 20 VUs       20s
main_test   [  43% ] 150/150 VUs  2m34.0s/6m00.0s

running (2m57.3s), 150/150 VUs, 167 complete and 0 interrupted iterations
warmup    ✓ [ 100% ] 20 VUs       20s
main_test   [  43% ] 150/150 VUs  2m35.0s/6m00.0s

running (2m58.3s), 150/150 VUs, 169 complete and 0 interrupted iterations
warmup    ✓ [ 100% ] 20 VUs       20s
main_test   [  43% ] 150/150 VUs  2m36.0s/6m00.0s

running (2m59.3s), 150/150 VUs, 172 complete and 0 interrupted iterations
warmup    ✓ [ 100% ] 20 VUs       20s
main_test   [  44% ] 150/150 VUs  2m37.0s/6m00.0s

running (3m00.3s), 150/150 VUs, 174 complete and 0 interrupted iterations
warmup    ✓ [ 100% ] 20 VUs       20s
main_test   [  44% ] 150/150 VUs  2m38.0s/6m00.0s

running (3m01.3s), 150/150 VUs, 177 complete and 0 interrupted iterations
warmup    ✓ [ 100% ] 20 VUs       20s
main_test   [  44% ] 150/150 VUs  2m39.0s/6m00.0s

running (3m02.3s), 150/150 VUs, 179 complete and 0 interrupted iterations
warmup    ✓ [ 100% ] 20 VUs       20s
main_test   [  44% ] 150/150 VUs  2m40.0s/6m00.0s

running (3m03.3s), 150/150 VUs, 182 complete and 0 interrupted iterations
warmup    ✓ [ 100% ] 20 VUs       20s
main_test   [  45% ] 150/150 VUs  2m41.0s/6m00.0s

running (3m04.3s), 150/150 VUs, 184 complete and 0 interrupted iterations
warmup    ✓ [ 100% ] 20 VUs       20s
main_test   [  45% ] 150/150 VUs  2m42.0s/6m00.0s

running (3m05.3s), 150/150 VUs, 187 complete and 0 interrupted iterations
warmup    ✓ [ 100% ] 20 VUs       20s
main_test   [  45% ] 150/150 VUs  2m43.0s/6m00.0s

running (3m06.3s), 150/150 VUs, 189 complete and 0 interrupted iterations
warmup    ✓ [ 100% ] 20 VUs       20s
main_test   [  46% ] 150/150 VUs  2m44.0s/6m00.0s

running (3m07.3s), 150/150 VUs, 192 complete and 0 interrupted iterations
warmup    ✓ [ 100% ] 20 VUs       20s
main_test   [  46% ] 150/150 VUs  2m45.0s/6m00.0s

running (3m08.3s), 150/150 VUs, 194 complete and 0 interrupted iterations
warmup    ✓ [ 100% ] 20 VUs       20s
main_test   [  46% ] 150/150 VUs  2m46.0s/6m00.0s

running (3m09.3s), 150/150 VUs, 197 complete and 0 interrupted iterations
warmup    ✓ [ 100% ] 20 VUs       20s
main_test   [  46% ] 150/150 VUs  2m47.0s/6m00.0s

running (3m10.7s), 150/150 VUs, 199 complete and 0 interrupted iterations
warmup    ✓ [ 100% ] 20 VUs       20s
main_test   [  47% ] 150/150 VUs  2m48.0s/6m00.0s

running (3m11.7s), 150/150 VUs, 201 complete and 0 interrupted iterations
warmup    ✓ [ 100% ] 20 VUs       20s
main_test   [  47% ] 150/150 VUs  2m49.0s/6m00.0s

running (3m12.7s), 150/150 VUs, 204 complete and 0 interrupted iterations
warmup    ✓ [ 100% ] 20 VUs       20s
main_test   [  47% ] 150/150 VUs  2m50.0s/6m00.0s

running (3m13.7s), 150/150 VUs, 207 complete and 0 interrupted iterations
warmup    ✓ [ 100% ] 20 VUs       20s
main_test   [  47% ] 150/150 VUs  2m51.0s/6m00.0s

running (3m14.7s), 150/150 VUs, 209 complete and 0 interrupted iterations
warmup    ✓ [ 100% ] 20 VUs       20s
main_test   [  48% ] 150/150 VUs  2m52.0s/6m00.0s

running (3m15.7s), 150/150 VUs, 212 complete and 0 interrupted iterations
warmup    ✓ [ 100% ] 20 VUs       20s
main_test   [  48% ] 150/150 VUs  2m53.0s/6m00.0s

running (3m16.7s), 150/150 VUs, 214 complete and 0 interrupted iterations
warmup    ✓ [ 100% ] 20 VUs       20s
main_test   [  48% ] 150/150 VUs  2m54.0s/6m00.0s

running (3m17.7s), 150/150 VUs, 217 complete and 0 interrupted iterations
warmup    ✓ [ 100% ] 20 VUs       20s
main_test   [  49% ] 150/150 VUs  2m55.0s/6m00.0s

running (3m18.7s), 150/150 VUs, 219 complete and 0 interrupted iterations
warmup    ✓ [ 100% ] 20 VUs       20s
main_test   [  49% ] 150/150 VUs  2m56.0s/6m00.0s

running (3m19.7s), 150/150 VUs, 221 complete and 0 interrupted iterations
warmup    ✓ [ 100% ] 20 VUs       20s
main_test   [  49% ] 150/150 VUs  2m57.0s/6m00.0s

running (3m20.7s), 150/150 VUs, 224 complete and 0 interrupted iterations
warmup    ✓ [ 100% ] 20 VUs       20s
main_test   [  49% ] 150/150 VUs  2m58.0s/6m00.0s

running (3m21.7s), 150/150 VUs, 227 complete and 0 interrupted iterations
warmup    ✓ [ 100% ] 20 VUs       20s
main_test   [  50% ] 150/150 VUs  2m59.0s/6m00.0s

running (3m22.7s), 150/150 VUs, 229 complete and 0 interrupted iterations
warmup    ✓ [ 100% ] 20 VUs       20s
main_test   [  50% ] 150/150 VUs  3m00.0s/6m00.0s

running (3m23.7s), 150/150 VUs, 232 complete and 0 interrupted iterations
warmup    ✓ [ 100% ] 20 VUs       20s
main_test   [  50% ] 150/150 VUs  3m01.0s/6m00.0s

running (3m24.7s), 150/150 VUs, 234 complete and 0 interrupted iterations
warmup    ✓ [ 100% ] 20 VUs       20s
main_test   [  51% ] 150/150 VUs  3m02.0s/6m00.0s

running (3m25.7s), 150/150 VUs, 237 complete and 0 interrupted iterations
warmup    ✓ [ 100% ] 20 VUs       20s
main_test   [  51% ] 150/150 VUs  3m03.0s/6m00.0s

running (3m26.7s), 150/150 VUs, 239 complete and 0 interrupted iterations
warmup    ✓ [ 100% ] 20 VUs       20s
main_test   [  51% ] 150/150 VUs  3m04.0s/6m00.0s

running (3m27.7s), 150/150 VUs, 242 complete and 0 interrupted iterations
warmup    ✓ [ 100% ] 20 VUs       20s
main_test   [  51% ] 150/150 VUs  3m05.0s/6m00.0s

running (3m28.7s), 150/150 VUs, 244 complete and 0 interrupted iterations
warmup    ✓ [ 100% ] 20 VUs       20s
main_test   [  52% ] 150/150 VUs  3m06.0s/6m00.0s

running (3m29.7s), 150/150 VUs, 247 complete and 0 interrupted iterations
warmup    ✓ [ 100% ] 20 VUs       20s
main_test   [  52% ] 150/150 VUs  3m07.0s/6m00.0s

running (3m30.7s), 150/150 VUs, 249 complete and 0 interrupted iterations
warmup    ✓ [ 100% ] 20 VUs       20s
main_test   [  52% ] 150/150 VUs  3m08.0s/6m00.0s

running (3m31.7s), 150/150 VUs, 252 complete and 0 interrupted iterations
warmup    ✓ [ 100% ] 20 VUs       20s
main_test   [  52% ] 150/150 VUs  3m09.0s/6m00.0s

running (3m32.7s), 150/150 VUs, 254 complete and 0 interrupted iterations
warmup    ✓ [ 100% ] 20 VUs       20s
main_test   [  53% ] 150/150 VUs  3m10.0s/6m00.0s

running (3m33.7s), 150/150 VUs, 257 complete and 0 interrupted iterations
warmup    ✓ [ 100% ] 20 VUs       20s
main_test   [  53% ] 150/150 VUs  3m11.0s/6m00.0s

running (3m34.7s), 150/150 VUs, 259 complete and 0 interrupted iterations
warmup    ✓ [ 100% ] 20 VUs       20s
main_test   [  53% ] 150/150 VUs  3m12.0s/6m00.0s

running (3m35.7s), 150/150 VUs, 262 complete and 0 interrupted iterations
warmup    ✓ [ 100% ] 20 VUs       20s
main_test   [  54% ] 150/150 VUs  3m13.0s/6m00.0s

running (3m36.7s), 150/150 VUs, 264 complete and 0 interrupted iterations
warmup    ✓ [ 100% ] 20 VUs       20s
main_test   [  54% ] 150/150 VUs  3m14.0s/6m00.0s

running (3m37.7s), 150/150 VUs, 267 complete and 0 interrupted iterations
warmup    ✓ [ 100% ] 20 VUs       20s
main_test   [  54% ] 150/150 VUs  3m15.0s/6m00.0s

running (3m38.7s), 150/150 VUs, 269 complete and 0 interrupted iterations
warmup    ✓ [ 100% ] 20 VUs       20s
main_test   [  54% ] 150/150 VUs  3m16.0s/6m00.0s

running (3m39.7s), 150/150 VUs, 270 complete and 0 interrupted iterations
warmup    ✓ [ 100% ] 20 VUs       20s
main_test   [  55% ] 150/150 VUs  3m17.0s/6m00.0s

running (3m41.0s), 150/150 VUs, 270 complete and 0 interrupted iterations
warmup    ✓ [ 100% ] 20 VUs       20s
main_test   [  55% ] 150/150 VUs  3m18.0s/6m00.0s

running (3m42.0s), 150/150 VUs, 270 complete and 0 interrupted iterations
warmup    ✓ [ 100% ] 20 VUs       20s
main_test   [  55% ] 150/150 VUs  3m19.0s/6m00.0s

running (3m43.0s), 150/150 VUs, 270 complete and 0 interrupted iterations
warmup    ✓ [ 100% ] 20 VUs       20s
main_test   [  56% ] 150/150 VUs  3m20.0s/6m00.0s

running (3m44.0s), 150/150 VUs, 270 complete and 0 interrupted iterations
warmup    ✓ [ 100% ] 20 VUs       20s
main_test   [  56% ] 150/150 VUs  3m21.0s/6m00.0s

running (3m45.0s), 150/150 VUs, 270 complete and 0 interrupted iterations
warmup    ✓ [ 100% ] 20 VUs       20s
main_test   [  56% ] 150/150 VUs  3m22.0s/6m00.0s

running (3m46.0s), 150/150 VUs, 270 complete and 0 interrupted iterations
warmup    ✓ [ 100% ] 20 VUs       20s
main_test   [  56% ] 150/150 VUs  3m23.0s/6m00.0s

running (3m47.0s), 150/150 VUs, 270 complete and 0 interrupted iterations
warmup    ✓ [ 100% ] 20 VUs       20s
main_test   [  57% ] 150/150 VUs  3m24.0s/6m00.0s

running (3m48.0s), 150/150 VUs, 270 complete and 0 interrupted iterations
warmup    ✓ [ 100% ] 20 VUs       20s
main_test   [  57% ] 150/150 VUs  3m25.0s/6m00.0s

running (3m49.0s), 150/150 VUs, 270 complete and 0 interrupted iterations
warmup    ✓ [ 100% ] 20 VUs       20s
main_test   [  57% ] 150/150 VUs  3m26.0s/6m00.0s

running (3m50.0s), 150/150 VUs, 270 complete and 0 interrupted iterations
warmup    ✓ [ 100% ] 20 VUs       20s
main_test   [  57% ] 150/150 VUs  3m27.0s/6m00.0s

running (3m51.0s), 150/150 VUs, 270 complete and 0 interrupted iterations
warmup    ✓ [ 100% ] 20 VUs       20s
main_test   [  58% ] 150/150 VUs  3m28.0s/6m00.0s

running (3m52.0s), 150/150 VUs, 270 complete and 0 interrupted iterations
warmup    ✓ [ 100% ] 20 VUs       20s
main_test   [  58% ] 150/150 VUs  3m29.0s/6m00.0s

running (3m53.0s), 150/150 VUs, 270 complete and 0 interrupted iterations
warmup    ✓ [ 100% ] 20 VUs       20s
main_test   [  58% ] 150/150 VUs  3m30.0s/6m00.0s

running (3m54.0s), 150/150 VUs, 270 complete and 0 interrupted iterations
warmup    ✓ [ 100% ] 20 VUs       20s
main_test   [  59% ] 150/150 VUs  3m31.0s/6m00.0s

running (3m55.0s), 150/150 VUs, 270 complete and 0 interrupted iterations
warmup    ✓ [ 100% ] 20 VUs       20s
main_test   [  59% ] 150/150 VUs  3m32.0s/6m00.0s

running (3m56.0s), 150/150 VUs, 270 complete and 0 interrupted iterations
warmup    ✓ [ 100% ] 20 VUs       20s
main_test   [  59% ] 150/150 VUs  3m33.0s/6m00.0s

running (3m57.0s), 150/150 VUs, 270 complete and 0 interrupted iterations
warmup    ✓ [ 100% ] 20 VUs       20s
main_test   [  59% ] 150/150 VUs  3m34.0s/6m00.0s

running (3m58.0s), 150/150 VUs, 270 complete and 0 interrupted iterations
warmup    ✓ [ 100% ] 20 VUs       20s
main_test   [  60% ] 150/150 VUs  3m35.0s/6m00.0s

running (3m59.0s), 150/150 VUs, 270 complete and 0 interrupted iterations
warmup    ✓ [ 100% ] 20 VUs       20s
main_test   [  60% ] 150/150 VUs  3m36.0s/6m00.0s

running (4m00.0s), 150/150 VUs, 270 complete and 0 interrupted iterations
warmup    ✓ [ 100% ] 20 VUs       20s
main_test   [  60% ] 150/150 VUs  3m37.0s/6m00.0s

running (4m01.0s), 150/150 VUs, 270 complete and 0 interrupted iterations
warmup    ✓ [ 100% ] 20 VUs       20s
main_test   [  61% ] 150/150 VUs  3m38.0s/6m00.0s

running (4m02.0s), 150/150 VUs, 270 complete and 0 interrupted iterations
warmup    ✓ [ 100% ] 20 VUs       20s
main_test   [  61% ] 150/150 VUs  3m39.0s/6m00.0s

running (4m03.0s), 150/150 VUs, 270 complete and 0 interrupted iterations
warmup    ✓ [ 100% ] 20 VUs       20s
main_test   [  61% ] 150/150 VUs  3m40.0s/6m00.0s

running (4m04.0s), 150/150 VUs, 270 complete and 0 interrupted iterations
warmup    ✓ [ 100% ] 20 VUs       20s
main_test   [  61% ] 150/150 VUs  3m41.0s/6m00.0s

running (4m05.0s), 150/150 VUs, 270 complete and 0 interrupted iterations
warmup    ✓ [ 100% ] 20 VUs       20s
main_test   [  62% ] 150/150 VUs  3m42.0s/6m00.0s

running (4m06.0s), 150/150 VUs, 270 complete and 0 interrupted iterations
warmup    ✓ [ 100% ] 20 VUs       20s
main_test   [  62% ] 150/150 VUs  3m43.0s/6m00.0s

running (4m07.0s), 150/150 VUs, 270 complete and 0 interrupted iterations
warmup    ✓ [ 100% ] 20 VUs       20s
main_test   [  62% ] 150/150 VUs  3m44.0s/6m00.0s

running (4m08.0s), 150/150 VUs, 270 complete and 0 interrupted iterations
warmup    ✓ [ 100% ] 20 VUs       20s
main_test   [  62% ] 150/150 VUs  3m45.0s/6m00.0s

running (4m09.0s), 150/150 VUs, 270 complete and 0 interrupted iterations
warmup    ✓ [ 100% ] 20 VUs       20s
main_test   [  63% ] 150/150 VUs  3m46.0s/6m00.0s

running (4m10.0s), 150/150 VUs, 270 complete and 0 interrupted iterations
warmup    ✓ [ 100% ] 20 VUs       20s
main_test   [  63% ] 150/150 VUs  3m47.0s/6m00.0s

running (4m11.3s), 150/150 VUs, 270 complete and 0 interrupted iterations
warmup    ✓ [ 100% ] 20 VUs       20s
main_test   [  63% ] 150/150 VUs  3m48.0s/6m00.0s

running (4m12.3s), 150/150 VUs, 270 complete and 0 interrupted iterations
warmup    ✓ [ 100% ] 20 VUs       20s
main_test   [  64% ] 150/150 VUs  3m49.0s/6m00.0s

running (4m13.3s), 150/150 VUs, 270 complete and 0 interrupted iterations
warmup    ✓ [ 100% ] 20 VUs       20s
main_test   [  64% ] 150/150 VUs  3m50.0s/6m00.0s

running (4m14.3s), 150/150 VUs, 270 complete and 0 interrupted iterations
warmup    ✓ [ 100% ] 20 VUs       20s
main_test   [  64% ] 150/150 VUs  3m51.0s/6m00.0s

running (4m15.3s), 150/150 VUs, 270 complete and 0 interrupted iterations
warmup    ✓ [ 100% ] 20 VUs       20s
main_test   [  64% ] 150/150 VUs  3m52.0s/6m00.0s

running (4m16.3s), 150/150 VUs, 270 complete and 0 interrupted iterations
warmup    ✓ [ 100% ] 20 VUs       20s
main_test   [  65% ] 150/150 VUs  3m53.0s/6m00.0s

running (4m17.3s), 150/150 VUs, 270 complete and 0 interrupted iterations
warmup    ✓ [ 100% ] 20 VUs       20s
main_test   [  65% ] 150/150 VUs  3m54.0s/6m00.0s

running (4m18.3s), 150/150 VUs, 270 complete and 0 interrupted iterations
warmup    ✓ [ 100% ] 20 VUs       20s
main_test   [  65% ] 150/150 VUs  3m55.0s/6m00.0s

running (4m19.3s), 150/150 VUs, 270 complete and 0 interrupted iterations
warmup    ✓ [ 100% ] 20 VUs       20s
main_test   [  66% ] 150/150 VUs  3m56.0s/6m00.0s

running (4m20.3s), 150/150 VUs, 270 complete and 0 interrupted iterations
warmup    ✓ [ 100% ] 20 VUs       20s
main_test   [  66% ] 150/150 VUs  3m57.0s/6m00.0s

running (4m21.3s), 150/150 VUs, 270 complete and 0 interrupted iterations
warmup    ✓ [ 100% ] 20 VUs       20s
main_test   [  66% ] 150/150 VUs  3m58.0s/6m00.0s

running (4m22.3s), 150/150 VUs, 270 complete and 0 interrupted iterations
warmup    ✓ [ 100% ] 20 VUs       20s
main_test   [  66% ] 150/150 VUs  3m59.0s/6m00.0s

running (4m23.3s), 150/150 VUs, 270 complete and 0 interrupted iterations
warmup    ✓ [ 100% ] 20 VUs       20s
main_test   [  67% ] 150/150 VUs  4m00.0s/6m00.0s

running (4m24.3s), 150/150 VUs, 270 complete and 0 interrupted iterations
warmup    ✓ [ 100% ] 20 VUs       20s
main_test   [  67% ] 150/150 VUs  4m01.0s/6m00.0s

running (4m25.3s), 150/150 VUs, 270 complete and 0 interrupted iterations
warmup    ✓ [ 100% ] 20 VUs       20s
main_test   [  67% ] 150/150 VUs  4m02.0s/6m00.0s

running (4m26.3s), 150/150 VUs, 270 complete and 0 interrupted iterations
warmup    ✓ [ 100% ] 20 VUs       20s
main_test   [  67% ] 150/150 VUs  4m03.0s/6m00.0s

running (4m27.3s), 150/150 VUs, 270 complete and 0 interrupted iterations
warmup    ✓ [ 100% ] 20 VUs       20s
main_test   [  68% ] 150/150 VUs  4m04.0s/6m00.0s

running (4m28.3s), 150/150 VUs, 270 complete and 0 interrupted iterations
warmup    ✓ [ 100% ] 20 VUs       20s
main_test   [  68% ] 150/150 VUs  4m05.0s/6m00.0s

running (4m29.3s), 150/150 VUs, 270 complete and 0 interrupted iterations
warmup    ✓ [ 100% ] 20 VUs       20s
main_test   [  68% ] 150/150 VUs  4m06.0s/6m00.0s

running (4m30.3s), 150/150 VUs, 270 complete and 0 interrupted iterations
warmup    ✓ [ 100% ] 20 VUs       20s
main_test   [  69% ] 150/150 VUs  4m07.0s/6m00.0s

running (4m31.3s), 150/150 VUs, 270 complete and 0 interrupted iterations
warmup    ✓ [ 100% ] 20 VUs       20s
main_test   [  69% ] 150/150 VUs  4m08.0s/6m00.0s

running (4m32.3s), 150/150 VUs, 270 complete and 0 interrupted iterations
warmup    ✓ [ 100% ] 20 VUs       20s
main_test   [  69% ] 150/150 VUs  4m09.0s/6m00.0s

running (4m33.3s), 150/150 VUs, 270 complete and 0 interrupted iterations
warmup    ✓ [ 100% ] 20 VUs       20s
main_test   [  69% ] 150/150 VUs  4m10.0s/6m00.0s

running (4m34.3s), 150/150 VUs, 270 complete and 0 interrupted iterations
warmup    ✓ [ 100% ] 20 VUs       20s
main_test   [  70% ] 150/150 VUs  4m11.0s/6m00.0s

running (4m35.3s), 150/150 VUs, 270 complete and 0 interrupted iterations
warmup    ✓ [ 100% ] 20 VUs       20s
main_test   [  70% ] 150/150 VUs  4m12.0s/6m00.0s

running (4m36.3s), 150/150 VUs, 270 complete and 0 interrupted iterations
warmup    ✓ [ 100% ] 20 VUs       20s
main_test   [  70% ] 150/150 VUs  4m13.0s/6m00.0s

running (4m37.3s), 150/150 VUs, 270 complete and 0 interrupted iterations
warmup    ✓ [ 100% ] 20 VUs       20s
main_test   [  71% ] 150/150 VUs  4m14.0s/6m00.0s

running (4m38.3s), 150/150 VUs, 270 complete and 0 interrupted iterations
warmup    ✓ [ 100% ] 20 VUs       20s
main_test   [  71% ] 150/150 VUs  4m15.0s/6m00.0s

running (4m39.3s), 150/150 VUs, 270 complete and 0 interrupted iterations
warmup    ✓ [ 100% ] 20 VUs       20s
main_test   [  71% ] 150/150 VUs  4m16.0s/6m00.0s

running (4m40.3s), 150/150 VUs, 270 complete and 0 interrupted iterations
warmup    ✓ [ 100% ] 20 VUs       20s
main_test   [  71% ] 150/150 VUs  4m17.0s/6m00.0s

running (4m41.6s), 150/150 VUs, 270 complete and 0 interrupted iterations
warmup    ✓ [ 100% ] 20 VUs       20s
main_test   [  72% ] 150/150 VUs  4m18.0s/6m00.0s

running (4m42.6s), 150/150 VUs, 270 complete and 0 interrupted iterations
warmup    ✓ [ 100% ] 20 VUs       20s
main_test   [  72% ] 150/150 VUs  4m19.0s/6m00.0s

running (4m43.6s), 150/150 VUs, 270 complete and 0 interrupted iterations
warmup    ✓ [ 100% ] 20 VUs       20s
main_test   [  72% ] 150/150 VUs  4m20.0s/6m00.0s

running (4m44.6s), 150/150 VUs, 270 complete and 0 interrupted iterations
warmup    ✓ [ 100% ] 20 VUs       20s
main_test   [  72% ] 150/150 VUs  4m21.0s/6m00.0s

running (4m45.6s), 150/150 VUs, 270 complete and 0 interrupted iterations
warmup    ✓ [ 100% ] 20 VUs       20s
main_test   [  73% ] 150/150 VUs  4m22.0s/6m00.0s

running (4m46.6s), 150/150 VUs, 270 complete and 0 interrupted iterations
warmup    ✓ [ 100% ] 20 VUs       20s
main_test   [  73% ] 150/150 VUs  4m23.0s/6m00.0s

running (4m47.6s), 150/150 VUs, 270 complete and 0 interrupted iterations
warmup    ✓ [ 100% ] 20 VUs       20s
main_test   [  73% ] 150/150 VUs  4m24.0s/6m00.0s

running (4m48.6s), 150/150 VUs, 270 complete and 0 interrupted iterations
warmup    ✓ [ 100% ] 20 VUs       20s
main_test   [  74% ] 150/150 VUs  4m25.0s/6m00.0s

running (4m49.6s), 150/150 VUs, 270 complete and 0 interrupted iterations
warmup    ✓ [ 100% ] 20 VUs       20s
main_test   [  74% ] 150/150 VUs  4m26.0s/6m00.0s

running (4m50.6s), 150/150 VUs, 270 complete and 0 interrupted iterations
warmup    ✓ [ 100% ] 20 VUs       20s
main_test   [  74% ] 150/150 VUs  4m27.0s/6m00.0s

running (4m51.6s), 150/150 VUs, 270 complete and 0 interrupted iterations
warmup    ✓ [ 100% ] 20 VUs       20s
main_test   [  74% ] 150/150 VUs  4m28.0s/6m00.0s

running (4m52.6s), 150/150 VUs, 270 complete and 0 interrupted iterations
warmup    ✓ [ 100% ] 20 VUs       20s
main_test   [  75% ] 150/150 VUs  4m29.0s/6m00.0s

running (4m53.6s), 150/150 VUs, 270 complete and 0 interrupted iterations
warmup    ✓ [ 100% ] 20 VUs       20s
main_test   [  75% ] 150/150 VUs  4m30.0s/6m00.0s

running (4m54.6s), 150/150 VUs, 270 complete and 0 interrupted iterations
warmup    ✓ [ 100% ] 20 VUs       20s
main_test   [  75% ] 150/150 VUs  4m31.0s/6m00.0s

running (4m55.6s), 150/150 VUs, 270 complete and 0 interrupted iterations
warmup    ✓ [ 100% ] 20 VUs       20s
main_test   [  76% ] 150/150 VUs  4m32.0s/6m00.0s

running (4m56.6s), 150/150 VUs, 271 complete and 0 interrupted iterations
warmup    ✓ [ 100% ] 20 VUs       20s
main_test   [  76% ] 150/150 VUs  4m33.0s/6m00.0s

running (4m57.6s), 150/150 VUs, 274 complete and 0 interrupted iterations
warmup    ✓ [ 100% ] 20 VUs       20s
main_test   [  76% ] 150/150 VUs  4m34.0s/6m00.0s

running (4m58.6s), 150/150 VUs, 276 complete and 0 interrupted iterations
warmup    ✓ [ 100% ] 20 VUs       20s
main_test   [  76% ] 150/150 VUs  4m35.0s/6m00.0s

running (4m59.6s), 150/150 VUs, 278 complete and 0 interrupted iterations
warmup    ✓ [ 100% ] 20 VUs       20s
main_test   [  77% ] 150/150 VUs  4m36.0s/6m00.0s

running (5m00.6s), 150/150 VUs, 281 complete and 0 interrupted iterations
warmup    ✓ [ 100% ] 20 VUs       20s
main_test   [  77% ] 150/150 VUs  4m37.0s/6m00.0s

running (5m01.6s), 150/150 VUs, 283 complete and 0 interrupted iterations
warmup    ✓ [ 100% ] 20 VUs       20s
main_test   [  77% ] 150/150 VUs  4m38.0s/6m00.0s

running (5m02.6s), 150/150 VUs, 286 complete and 0 interrupted iterations
warmup    ✓ [ 100% ] 20 VUs       20s
main_test   [  77% ] 150/150 VUs  4m39.0s/6m00.0s

running (5m03.6s), 150/150 VUs, 288 complete and 0 interrupted iterations
warmup    ✓ [ 100% ] 20 VUs       20s
main_test   [  78% ] 150/150 VUs  4m40.0s/6m00.0s

running (5m04.6s), 150/150 VUs, 291 complete and 0 interrupted iterations
warmup    ✓ [ 100% ] 20 VUs       20s
main_test   [  78% ] 150/150 VUs  4m41.0s/6m00.0s

running (5m05.6s), 150/150 VUs, 293 complete and 0 interrupted iterations
warmup    ✓ [ 100% ] 20 VUs       20s
main_test   [  78% ] 150/150 VUs  4m42.0s/6m00.0s

running (5m06.6s), 150/150 VUs, 296 complete and 0 interrupted iterations
warmup    ✓ [ 100% ] 20 VUs       20s
main_test   [  79% ] 150/150 VUs  4m43.0s/6m00.0s

running (5m07.6s), 150/150 VUs, 299 complete and 0 interrupted iterations
warmup    ✓ [ 100% ] 20 VUs       20s
main_test   [  79% ] 150/150 VUs  4m44.0s/6m00.0s

running (5m08.6s), 150/150 VUs, 301 complete and 0 interrupted iterations
warmup    ✓ [ 100% ] 20 VUs       20s
main_test   [  79% ] 150/150 VUs  4m45.0s/6m00.0s

running (5m09.6s), 150/150 VUs, 304 complete and 0 interrupted iterations
warmup    ✓ [ 100% ] 20 VUs       20s
main_test   [  79% ] 150/150 VUs  4m46.0s/6m00.0s

running (5m10.6s), 150/150 VUs, 306 complete and 0 interrupted iterations
warmup    ✓ [ 100% ] 20 VUs       20s
main_test   [  80% ] 150/150 VUs  4m47.0s/6m00.0s

running (5m11.9s), 150/150 VUs, 309 complete and 0 interrupted iterations
warmup    ✓ [ 100% ] 20 VUs       20s
main_test   [  80% ] 150/150 VUs  4m48.0s/6m00.0s

running (5m12.9s), 150/150 VUs, 311 complete and 0 interrupted iterations
warmup    ✓ [ 100% ] 20 VUs       20s
main_test   [  80% ] 150/150 VUs  4m49.0s/6m00.0s

running (5m13.9s), 150/150 VUs, 314 complete and 0 interrupted iterations
warmup    ✓ [ 100% ] 20 VUs       20s
main_test   [  81% ] 150/150 VUs  4m50.0s/6m00.0s

running (5m14.9s), 150/150 VUs, 316 complete and 0 interrupted iterations
warmup    ✓ [ 100% ] 20 VUs       20s
main_test   [  81% ] 150/150 VUs  4m51.0s/6m00.0s

running (5m15.9s), 150/150 VUs, 319 complete and 0 interrupted iterations
warmup    ✓ [ 100% ] 20 VUs       20s
main_test   [  81% ] 150/150 VUs  4m52.0s/6m00.0s

running (5m16.9s), 150/150 VUs, 321 complete and 0 interrupted iterations
warmup    ✓ [ 100% ] 20 VUs       20s
main_test   [  81% ] 150/150 VUs  4m53.0s/6m00.0s

running (5m17.9s), 150/150 VUs, 324 complete and 0 interrupted iterations
warmup    ✓ [ 100% ] 20 VUs       20s
main_test   [  82% ] 150/150 VUs  4m54.0s/6m00.0s

running (5m18.9s), 150/150 VUs, 326 complete and 0 interrupted iterations
warmup    ✓ [ 100% ] 20 VUs       20s
main_test   [  82% ] 150/150 VUs  4m55.0s/6m00.0s

running (5m19.9s), 150/150 VUs, 329 complete and 0 interrupted iterations
warmup    ✓ [ 100% ] 20 VUs       20s
main_test   [  82% ] 150/150 VUs  4m56.0s/6m00.0s

running (5m20.9s), 150/150 VUs, 331 complete and 0 interrupted iterations
warmup    ✓ [ 100% ] 20 VUs       20s
main_test   [  82% ] 150/150 VUs  4m57.0s/6m00.0s

running (5m21.9s), 150/150 VUs, 334 complete and 0 interrupted iterations
warmup    ✓ [ 100% ] 20 VUs       20s
main_test   [  83% ] 150/150 VUs  4m58.0s/6m00.0s

running (5m22.9s), 150/150 VUs, 336 complete and 0 interrupted iterations
warmup    ✓ [ 100% ] 20 VUs       20s
main_test   [  83% ] 150/150 VUs  4m59.0s/6m00.0s

running (5m23.9s), 150/150 VUs, 339 complete and 0 interrupted iterations
warmup    ✓ [ 100% ] 20 VUs       20s
main_test   [  83% ] 150/150 VUs  5m00.0s/6m00.0s

running (5m24.9s), 150/150 VUs, 341 complete and 0 interrupted iterations
warmup    ✓ [ 100% ] 20 VUs       20s
main_test   [  84% ] 150/150 VUs  5m01.0s/6m00.0s

running (5m25.9s), 150/150 VUs, 344 complete and 0 interrupted iterations
warmup    ✓ [ 100% ] 20 VUs       20s
main_test   [  84% ] 150/150 VUs  5m02.0s/6m00.0s

running (5m26.9s), 150/150 VUs, 346 complete and 0 interrupted iterations
warmup    ✓ [ 100% ] 20 VUs       20s
main_test   [  84% ] 150/150 VUs  5m03.0s/6m00.0s

running (5m27.9s), 150/150 VUs, 349 complete and 0 interrupted iterations
warmup    ✓ [ 100% ] 20 VUs       20s
main_test   [  84% ] 150/150 VUs  5m04.0s/6m00.0s

running (5m28.9s), 150/150 VUs, 351 complete and 0 interrupted iterations
warmup    ✓ [ 100% ] 20 VUs       20s
main_test   [  85% ] 150/150 VUs  5m05.0s/6m00.0s

running (5m29.9s), 150/150 VUs, 354 complete and 0 interrupted iterations
warmup    ✓ [ 100% ] 20 VUs       20s
main_test   [  85% ] 150/150 VUs  5m06.0s/6m00.0s

running (5m30.9s), 150/150 VUs, 356 complete and 0 interrupted iterations
warmup    ✓ [ 100% ] 20 VUs       20s
main_test   [  85% ] 150/150 VUs  5m07.0s/6m00.0s

running (5m31.9s), 150/150 VUs, 359 complete and 0 interrupted iterations
warmup    ✓ [ 100% ] 20 VUs       20s
main_test   [  86% ] 150/150 VUs  5m08.0s/6m00.0s

running (5m32.9s), 150/150 VUs, 361 complete and 0 interrupted iterations
warmup    ✓ [ 100% ] 20 VUs       20s
main_test   [  86% ] 150/150 VUs  5m09.0s/6m00.0s

running (5m33.9s), 150/150 VUs, 364 complete and 0 interrupted iterations
warmup    ✓ [ 100% ] 20 VUs       20s
main_test   [  86% ] 150/150 VUs  5m10.0s/6m00.0s

running (5m34.9s), 150/150 VUs, 366 complete and 0 interrupted iterations
warmup    ✓ [ 100% ] 20 VUs       20s
main_test   [  86% ] 150/150 VUs  5m11.0s/6m00.0s

running (5m35.9s), 150/150 VUs, 369 complete and 0 interrupted iterations
warmup    ✓ [ 100% ] 20 VUs       20s
main_test   [  87% ] 150/150 VUs  5m12.0s/6m00.0s

running (5m36.9s), 150/150 VUs, 371 complete and 0 interrupted iterations
warmup    ✓ [ 100% ] 20 VUs       20s
main_test   [  87% ] 150/150 VUs  5m13.0s/6m00.0s

running (5m37.9s), 150/150 VUs, 374 complete and 0 interrupted iterations
warmup    ✓ [ 100% ] 20 VUs       20s
main_test   [  87% ] 150/150 VUs  5m14.0s/6m00.0s

running (5m38.9s), 150/150 VUs, 376 complete and 0 interrupted iterations
warmup    ✓ [ 100% ] 20 VUs       20s
main_test   [  87% ] 150/150 VUs  5m15.0s/6m00.0s

running (5m39.9s), 150/150 VUs, 379 complete and 0 interrupted iterations
warmup    ✓ [ 100% ] 20 VUs       20s
main_test   [  88% ] 150/150 VUs  5m16.0s/6m00.0s

running (5m40.9s), 150/150 VUs, 381 complete and 0 interrupted iterations
warmup    ✓ [ 100% ] 20 VUs       20s
main_test   [  88% ] 150/150 VUs  5m17.0s/6m00.0s

running (5m42.1s), 150/150 VUs, 383 complete and 0 interrupted iterations
warmup    ✓ [ 100% ] 20 VUs       20s
main_test   [  88% ] 150/150 VUs  5m18.0s/6m00.0s

running (5m43.1s), 150/150 VUs, 386 complete and 0 interrupted iterations
warmup    ✓ [ 100% ] 20 VUs       20s
main_test   [  89% ] 150/150 VUs  5m19.0s/6m00.0s

running (5m44.1s), 150/150 VUs, 389 complete and 0 interrupted iterations
warmup    ✓ [ 100% ] 20 VUs       20s
main_test   [  89% ] 150/150 VUs  5m20.0s/6m00.0s

running (5m45.1s), 150/150 VUs, 391 complete and 0 interrupted iterations
warmup    ✓ [ 100% ] 20 VUs       20s
main_test   [  89% ] 150/150 VUs  5m21.0s/6m00.0s

running (5m46.1s), 150/150 VUs, 393 complete and 0 interrupted iterations
warmup    ✓ [ 100% ] 20 VUs       20s
main_test   [  89% ] 150/150 VUs  5m22.0s/6m00.0s

running (5m47.1s), 150/150 VUs, 396 complete and 0 interrupted iterations
warmup    ✓ [ 100% ] 20 VUs       20s
main_test   [  90% ] 150/150 VUs  5m23.0s/6m00.0s

running (5m48.1s), 150/150 VUs, 398 complete and 0 interrupted iterations
warmup    ✓ [ 100% ] 20 VUs       20s
main_test   [  90% ] 150/150 VUs  5m24.0s/6m00.0s

running (5m49.1s), 150/150 VUs, 401 complete and 0 interrupted iterations
warmup    ✓ [ 100% ] 20 VUs       20s
main_test   [  90% ] 150/150 VUs  5m25.0s/6m00.0s

running (5m50.1s), 150/150 VUs, 404 complete and 0 interrupted iterations
warmup    ✓ [ 100% ] 20 VUs       20s
main_test   [  91% ] 150/150 VUs  5m26.0s/6m00.0s

running (5m51.1s), 150/150 VUs, 406 complete and 0 interrupted iterations
warmup    ✓ [ 100% ] 20 VUs       20s
main_test   [  91% ] 150/150 VUs  5m27.0s/6m00.0s

running (5m52.1s), 150/150 VUs, 409 complete and 0 interrupted iterations
warmup    ✓ [ 100% ] 20 VUs       20s
main_test   [  91% ] 150/150 VUs  5m28.0s/6m00.0s

running (5m53.1s), 150/150 VUs, 411 complete and 0 interrupted iterations
warmup    ✓ [ 100% ] 20 VUs       20s
main_test   [  91% ] 150/150 VUs  5m29.0s/6m00.0s

running (5m54.1s), 150/150 VUs, 414 complete and 0 interrupted iterations
warmup    ✓ [ 100% ] 20 VUs       20s
main_test   [  92% ] 150/150 VUs  5m30.0s/6m00.0s

running (5m55.1s), 150/150 VUs, 416 complete and 0 interrupted iterations
warmup    ✓ [ 100% ] 20 VUs       20s
main_test   [  92% ] 150/150 VUs  5m31.0s/6m00.0s

running (5m56.1s), 150/150 VUs, 419 complete and 0 interrupted iterations
warmup    ✓ [ 100% ] 20 VUs       20s
main_test   [  92% ] 150/150 VUs  5m32.0s/6m00.0s

running (5m57.1s), 150/150 VUs, 420 complete and 0 interrupted iterations
warmup    ✓ [ 100% ] 20 VUs       20s
main_test   [  92% ] 150/150 VUs  5m33.0s/6m00.0s

running (5m58.1s), 150/150 VUs, 420 complete and 0 interrupted iterations
warmup    ✓ [ 100% ] 20 VUs       20s
main_test   [  93% ] 150/150 VUs  5m34.0s/6m00.0s

running (5m59.1s), 150/150 VUs, 420 complete and 0 interrupted iterations
warmup    ✓ [ 100% ] 20 VUs       20s
main_test   [  93% ] 150/150 VUs  5m35.0s/6m00.0s

running (6m00.1s), 150/150 VUs, 420 complete and 0 interrupted iterations
warmup    ✓ [ 100% ] 20 VUs       20s
main_test   [  93% ] 150/150 VUs  5m36.0s/6m00.0s

running (6m01.1s), 150/150 VUs, 420 complete and 0 interrupted iterations
warmup    ✓ [ 100% ] 20 VUs       20s
main_test   [  94% ] 150/150 VUs  5m37.0s/6m00.0s

running (6m02.1s), 150/150 VUs, 420 complete and 0 interrupted iterations
warmup    ✓ [ 100% ] 20 VUs       20s
main_test   [  94% ] 150/150 VUs  5m38.0s/6m00.0s

running (6m03.1s), 150/150 VUs, 420 complete and 0 interrupted iterations
warmup    ✓ [ 100% ] 20 VUs       20s
main_test   [  94% ] 150/150 VUs  5m39.0s/6m00.0s

running (6m04.1s), 150/150 VUs, 420 complete and 0 interrupted iterations
warmup    ✓ [ 100% ] 20 VUs       20s
main_test   [  94% ] 150/150 VUs  5m40.0s/6m00.0s

running (6m05.1s), 150/150 VUs, 420 complete and 0 interrupted iterations
warmup    ✓ [ 100% ] 20 VUs       20s
main_test   [  95% ] 150/150 VUs  5m41.0s/6m00.0s

running (6m06.1s), 150/150 VUs, 420 complete and 0 interrupted iterations
warmup    ✓ [ 100% ] 20 VUs       20s
main_test   [  95% ] 150/150 VUs  5m42.0s/6m00.0s

running (6m07.1s), 150/150 VUs, 420 complete and 0 interrupted iterations
warmup    ✓ [ 100% ] 20 VUs       20s
main_test   [  95% ] 150/150 VUs  5m43.0s/6m00.0s

running (6m08.1s), 150/150 VUs, 420 complete and 0 interrupted iterations
warmup    ✓ [ 100% ] 20 VUs       20s
main_test   [  96% ] 150/150 VUs  5m44.0s/6m00.0s

running (6m09.1s), 150/150 VUs, 420 complete and 0 interrupted iterations
warmup    ✓ [ 100% ] 20 VUs       20s
main_test   [  96% ] 150/150 VUs  5m45.0s/6m00.0s

running (6m10.1s), 150/150 VUs, 420 complete and 0 interrupted iterations
warmup    ✓ [ 100% ] 20 VUs       20s
main_test   [  96% ] 150/150 VUs  5m46.0s/6m00.0s

running (6m11.1s), 150/150 VUs, 420 complete and 0 interrupted iterations
warmup    ✓ [ 100% ] 20 VUs       20s
main_test   [  96% ] 150/150 VUs  5m47.0s/6m00.0s

running (6m12.4s), 150/150 VUs, 420 complete and 0 interrupted iterations
warmup    ✓ [ 100% ] 20 VUs       20s
main_test   [  97% ] 150/150 VUs  5m48.0s/6m00.0s

running (6m13.4s), 150/150 VUs, 420 complete and 0 interrupted iterations
warmup    ✓ [ 100% ] 20 VUs       20s
main_test   [  97% ] 150/150 VUs  5m49.0s/6m00.0s

running (6m14.4s), 150/150 VUs, 420 complete and 0 interrupted iterations
warmup    ✓ [ 100% ] 20 VUs       20s
main_test   [  97% ] 150/150 VUs  5m50.0s/6m00.0s

running (6m15.4s), 150/150 VUs, 420 complete and 0 interrupted iterations
warmup    ✓ [ 100% ] 20 VUs       20s
main_test   [  97% ] 150/150 VUs  5m51.0s/6m00.0s

running (6m16.4s), 150/150 VUs, 420 complete and 0 interrupted iterations
warmup    ✓ [ 100% ] 20 VUs       20s
main_test   [  98% ] 150/150 VUs  5m52.0s/6m00.0s

running (6m17.4s), 150/150 VUs, 420 complete and 0 interrupted iterations
warmup    ✓ [ 100% ] 20 VUs       20s
main_test   [  98% ] 150/150 VUs  5m53.0s/6m00.0s

running (6m18.4s), 150/150 VUs, 420 complete and 0 interrupted iterations
warmup    ✓ [ 100% ] 20 VUs       20s
main_test   [  98% ] 150/150 VUs  5m54.0s/6m00.0s

running (6m19.4s), 150/150 VUs, 420 complete and 0 interrupted iterations
warmup    ✓ [ 100% ] 20 VUs       20s
main_test   [  99% ] 150/150 VUs  5m55.0s/6m00.0s

running (6m20.4s), 150/150 VUs, 420 complete and 0 interrupted iterations
warmup    ✓ [ 100% ] 20 VUs       20s
main_test   [  99% ] 150/150 VUs  5m56.0s/6m00.0s

running (6m21.4s), 150/150 VUs, 420 complete and 0 interrupted iterations
warmup    ✓ [ 100% ] 20 VUs       20s
main_test   [  99% ] 150/150 VUs  5m57.0s/6m00.0s

running (6m22.4s), 150/150 VUs, 420 complete and 0 interrupted iterations
warmup    ✓ [ 100% ] 20 VUs       20s
main_test   [  99% ] 150/150 VUs  5m58.0s/6m00.0s

running (6m23.4s), 150/150 VUs, 420 complete and 0 interrupted iterations
warmup    ✓ [ 100% ] 20 VUs       20s
main_test   [ 100% ] 150/150 VUs  5m59.0s/6m00.0s

running (6m24.4s), 150/150 VUs, 420 complete and 0 interrupted iterations
warmup    ✓ [ 100% ] 20 VUs       20s
main_test   [ 100% ] 150/150 VUs  6m00.0s/6m00.0s

running (6m25.4s), 150/150 VUs, 420 complete and 0 interrupted iterations
warmup    ✓ [ 100% ] 20 VUs       20s
main_test ↓ [ 100% ] 150/150 VUs  6m0s

running (6m26.4s), 150/150 VUs, 420 complete and 0 interrupted iterations
warmup    ✓ [ 100% ] 20 VUs       20s
main_test ↓ [ 100% ] 150/150 VUs  6m0s

running (6m27.4s), 150/150 VUs, 420 complete and 0 interrupted iterations
warmup    ✓ [ 100% ] 20 VUs       20s
main_test ↓ [ 100% ] 150/150 VUs  6m0s

running (6m28.4s), 150/150 VUs, 420 complete and 0 interrupted iterations
warmup    ✓ [ 100% ] 20 VUs       20s
main_test ↓ [ 100% ] 150/150 VUs  6m0s

running (6m29.4s), 150/150 VUs, 420 complete and 0 interrupted iterations
warmup    ✓ [ 100% ] 20 VUs       20s
main_test ↓ [ 100% ] 150/150 VUs  6m0s

running (6m30.4s), 150/150 VUs, 420 complete and 0 interrupted iterations
warmup    ✓ [ 100% ] 20 VUs       20s
main_test ↓ [ 100% ] 150/150 VUs  6m0s

running (6m31.4s), 150/150 VUs, 420 complete and 0 interrupted iterations
warmup    ✓ [ 100% ] 20 VUs       20s
main_test ↓ [ 100% ] 150/150 VUs  6m0s

running (6m32.4s), 150/150 VUs, 420 complete and 0 interrupted iterations
warmup    ✓ [ 100% ] 20 VUs       20s
main_test ↓ [ 100% ] 150/150 VUs  6m0s

running (6m33.4s), 150/150 VUs, 420 complete and 0 interrupted iterations
warmup    ✓ [ 100% ] 20 VUs       20s
main_test ↓ [ 100% ] 150/150 VUs  6m0s

running (6m34.4s), 150/150 VUs, 420 complete and 0 interrupted iterations
warmup    ✓ [ 100% ] 20 VUs       20s
main_test ↓ [ 100% ] 150/150 VUs  6m0s

running (6m35.4s), 150/150 VUs, 420 complete and 0 interrupted iterations
warmup    ✓ [ 100% ] 20 VUs       20s
main_test ↓ [ 100% ] 150/150 VUs  6m0s

running (6m36.4s), 150/150 VUs, 420 complete and 0 interrupted iterations
warmup    ✓ [ 100% ] 20 VUs       20s
main_test ↓ [ 100% ] 150/150 VUs  6m0s

running (6m37.4s), 150/150 VUs, 420 complete and 0 interrupted iterations
warmup    ✓ [ 100% ] 20 VUs       20s
main_test ↓ [ 100% ] 150/150 VUs  6m0s

running (6m38.4s), 150/150 VUs, 420 complete and 0 interrupted iterations
warmup    ✓ [ 100% ] 20 VUs       20s
main_test ↓ [ 100% ] 150/150 VUs  6m0s

running (6m39.4s), 150/150 VUs, 420 complete and 0 interrupted iterations
warmup    ✓ [ 100% ] 20 VUs       20s
main_test ↓ [ 100% ] 150/150 VUs  6m0s

running (6m40.4s), 150/150 VUs, 420 complete and 0 interrupted iterations
warmup    ✓ [ 100% ] 20 VUs       20s
main_test ↓ [ 100% ] 150/150 VUs  6m0s

running (6m41.4s), 150/150 VUs, 420 complete and 0 interrupted iterations
warmup    ✓ [ 100% ] 20 VUs       20s
main_test ↓ [ 100% ] 150/150 VUs  6m0s

running (6m42.7s), 150/150 VUs, 420 complete and 0 interrupted iterations
warmup    ✓ [ 100% ] 20 VUs       20s
main_test ↓ [ 100% ] 150/150 VUs  6m0s

running (6m43.7s), 150/150 VUs, 420 complete and 0 interrupted iterations
warmup    ✓ [ 100% ] 20 VUs       20s
main_test ↓ [ 100% ] 150/150 VUs  6m0s

running (6m44.7s), 150/150 VUs, 420 complete and 0 interrupted iterations
warmup    ✓ [ 100% ] 20 VUs       20s
main_test ↓ [ 100% ] 150/150 VUs  6m0s

running (6m45.7s), 150/150 VUs, 420 complete and 0 interrupted iterations
warmup    ✓ [ 100% ] 20 VUs       20s
main_test ↓ [ 100% ] 150/150 VUs  6m0s

running (6m46.7s), 150/150 VUs, 420 complete and 0 interrupted iterations
warmup    ✓ [ 100% ] 20 VUs       20s
main_test ↓ [ 100% ] 150/150 VUs  6m0s

running (6m47.7s), 150/150 VUs, 420 complete and 0 interrupted iterations
warmup    ✓ [ 100% ] 20 VUs       20s
main_test ↓ [ 100% ] 150/150 VUs  6m0s

running (6m48.7s), 150/150 VUs, 420 complete and 0 interrupted iterations
warmup    ✓ [ 100% ] 20 VUs       20s
main_test ↓ [ 100% ] 150/150 VUs  6m0s

running (6m49.7s), 150/150 VUs, 420 complete and 0 interrupted iterations
warmup    ✓ [ 100% ] 20 VUs       20s
main_test ↓ [ 100% ] 150/150 VUs  6m0s

running (6m50.7s), 150/150 VUs, 420 complete and 0 interrupted iterations
warmup    ✓ [ 100% ] 20 VUs       20s
main_test ↓ [ 100% ] 150/150 VUs  6m0s

running (6m51.7s), 150/150 VUs, 420 complete and 0 interrupted iterations
warmup    ✓ [ 100% ] 20 VUs       20s
main_test ↓ [ 100% ] 150/150 VUs  6m0s

running (6m52.7s), 150/150 VUs, 420 complete and 0 interrupted iterations
warmup    ✓ [ 100% ] 20 VUs       20s
main_test ↓ [ 100% ] 150/150 VUs  6m0s

running (6m53.7s), 150/150 VUs, 420 complete and 0 interrupted iterations
warmup    ✓ [ 100% ] 20 VUs       20s
main_test ↓ [ 100% ] 150/150 VUs  6m0s

running (6m54.7s), 150/150 VUs, 420 complete and 0 interrupted iterations
warmup    ✓ [ 100% ] 20 VUs       20s
main_test ↓ [ 100% ] 150/150 VUs  6m0s

     ✓ initial visit successful
     ✓ add item 1 successful
     ✓ add item 2 successful
     ✓ view cart successful
     ✓ return to shopping successful
     ✓ JWT renewed with different token
     ✓ add item 3 with new JWT successful
     ✓ checkout successful
     ✓ continue shopping successful

     cart_operations................: 1200    2.893368/s
     checks.........................: 100.00% ✓ 3300     ✗ 0    
     data_received..................: 47 MB   114 kB/s
     data_sent......................: 7.1 MB  17 kB/s
     http_req_blocked...............: avg=9.29µs   min=262ns  med=3.35µs  max=615µs    p(90)=4.74µs  p(95)=6.32µs  
     http_req_connecting............: avg=4.03µs   min=0s     med=0s      max=571.47µs p(90)=0s      p(95)=0s      
     http_req_duration..............: avg=28.8ms   min=2.41ms med=10.63ms max=2.19s    p(90)=25.46ms p(95)=65.47ms 
       { expected_response:true }...: avg=28.8ms   min=2.41ms med=10.63ms max=2.19s    p(90)=25.46ms p(95)=65.47ms 
     ✓ { scenario:main_test }.......: avg=13.55ms  min=2.41ms med=10.47ms max=406.98ms p(90)=20.16ms p(95)=37.12ms 
     http_req_failed................: 0.00%   ✓ 0        ✗ 4560 
     ✓ { scenario:main_test }.......: 0.00%   ✓ 0        ✗ 4200 
     http_req_receiving.............: avg=124.12µs min=9.28µs med=84.14µs max=49.66ms  p(90)=170.4µs p(95)=251.12µs
     http_req_sending...............: avg=27.05µs  min=2.27µs med=25.01µs max=9.55ms   p(90)=35.49µs p(95)=41.62µs 
     http_req_tls_handshaking.......: avg=0s       min=0s     med=0s      max=0s       p(90)=0s      p(95)=0s      
     http_req_waiting...............: avg=28.64ms  min=2.31ms med=10.51ms max=2.19s    p(90)=25.29ms p(95)=64.79ms 
     http_reqs......................: 4560    10.9948/s
     iteration_duration.............: avg=1m38s    min=3.03s  med=2m16s   max=2m16s    p(90)=2m16s   p(95)=2m16s   
     iterations.....................: 420     1.012679/s
     jwt_renewal_successes..........: 300     0.723342/s
     jwt_renewals...................: 750     1.808355/s
     vus............................: 150     min=7      max=150
     vus_max........................: 150     min=150    max=150


running (6m54.7s), 000/150 VUs, 420 complete and 150 interrupted iterations
warmup    ✓ [ 100% ] 20 VUs       20s
main_test ✓ [ 100% ] 150/150 VUs  6m0s
