{
    "metrics": {
        "http_req_duration{expected_response:true}": {
            "avg": 18.57234392375,
            "min": 2.383061,
            "med": 11.738789,
            "max": 178.800108,
            "p(90)": 47.21402780000005,
            "p(95)": 67.2843032
        },
        "jwt_renewals": {
            "count": 300,
            "rate": 1.4285608015076263
        },
        "http_req_blocked": {
            "max": 0.70979,
            "p(90)": 0.008365099999999999,
            "p(95)": 0.20589559999999996,
            "avg": 0.020843111176470645,
            "min": 0.002124,
            "med": 0.005189
        },
        "vus": {
            "value": 100,
            "min": 4,
            "max": 100
        },
        "http_req_duration": {
            "avg": 17.98004524647059,
            "min": 1.276843,
            "med": 11.4121555,
            "max": 178.800108,
            "p(90)": 44.219389500000034,
            "p(95)": 65.34101944999998,
            "thresholds": {
                "p(95)<2000": false
            }
        },
        "http_req_sending": {
            "med": 0.0230435,
            "max": 0.387112,
            "p(90)": 0.04007410000000003,
            "p(95)": 0.052199399999999986,
            "avg": 0.025723711764705892,
            "min": 0.006582
        },
        "data_received": {
            "count": 17405454,
            "rate": 82882.49772281373
        },
        "http_reqs": {
            "count": 1700,
            "rate": 8.095177875209883
        },
        "vus_max": {
            "value": 100,
            "min": 100,
            "max": 100
        },
        "http_req_receiving": {
            "avg": 1.1848778235294117,
            "min": 0.029265,
            "med": 0.260964,
            "max": 69.321789,
            "p(90)": 1.0182519000000005,
            "p(95)": 1.6888946999999994
        },
        "http_req_tls_handshaking": {
            "avg": 0,
            "min": 0,
            "med": 0,
            "max": 0,
            "p(90)": 0,
            "p(95)": 0
        },
        "cart_operations": {
            "count": 500,
            "rate": 2.380934669179377
        },
        "iteration_duration": {
            "med": 136169.652928,
            "max": 136354.854418,
            "p(90)": 136228.8901119,
            "p(95)": 136263.8844569,
            "avg": 136174.96340979,
            "min": 136106.034483
        },
        "iterations": {
            "count": 100,
            "rate": 0.4761869338358754
        },
        "http_req_connecting": {
            "avg": 0.010435444117647059,
            "min": 0,
            "med": 0,
            "max": 0.650329,
            "p(90)": 0,
            "p(95)": 0.13423664999999999
        },
        "data_sent": {
            "count": 1910392,
            "rate": 9097.037089045856
        },
        "checks": {
            "passes": 1100,
            "fails": 100,
            "value": 0.9166666666666666
        },
        "request_size_bytes": {
            "p(90)": 0,
            "p(95)": 0,
            "avg": 0,
            "min": 0,
            "med": 0,
            "max": 0
        },
        "http_req_failed": {
            "passes": 100,
            "fails": 1600,
            "thresholds": {
                "rate<0.05": true
            },
            "value": 0.058823529411764705
        },
        "http_req_waiting": {
            "med": 10.886378,
            "max": 178.163933,
            "p(90)": 40.8181565,
            "p(95)": 59.96982279999999,
            "avg": 16.769443711176464,
            "min": 1.217351
        },
        "response_size_bytes": {
            "avg": 10493,
            "min": 10493,
            "med": 10493,
            "max": 10493,
            "p(90)": 10493,
            "p(95)": 10493
        }
    },
    "root_group": {
        "id": "d41d8cd98f00b204e9800998ecf8427e",
        "groups": {},
        "checks": {
                "initial visit successful": {
                    "name": "initial visit successful",
                    "path": "::initial visit successful",
                    "id": "aae5b334abe256117335360ddc91be63",
                    "passes": 200,
                    "fails": 0
                },
                "add item 1 successful": {
                    "fails": 0,
                    "name": "add item 1 successful",
                    "path": "::add item 1 successful",
                    "id": "e82c5caecf714d1fe41058fb6812d665",
                    "passes": 200
                },
                "add item 2 successful": {
                    "id": "3e4273f8f17ba64f58dd4f63c24cfe47",
                    "passes": 200,
                    "fails": 0,
                    "name": "add item 2 successful",
                    "path": "::add item 2 successful"
                },
                "view cart successful": {
                    "path": "::view cart successful",
                    "id": "28ed33ec7e41187c0f7ef5afeb9326e5",
                    "passes": 200,
                    "fails": 0,
                    "name": "view cart successful"
                },
                "return to shopping successful": {
                    "name": "return to shopping successful",
                    "path": "::return to shopping successful",
                    "id": "e99bf39f1fd66e6fe4fa09ea346cfe76",
                    "passes": 100,
                    "fails": 0
                },
                "add item 3 with new JWT successful": {
                    "passes": 100,
                    "fails": 0,
                    "name": "add item 3 with new JWT successful",
                    "path": "::add item 3 with new JWT successful",
                    "id": "04193f6c4337cc9baa8ba7804cae8cd1"
                },
                "checkout successful": {
                    "name": "checkout successful",
                    "path": "::checkout successful",
                    "id": "7d3ca2e9e4bd709c4f7f05f757dbd43b",
                    "passes": 0,
                    "fails": 100
                },
                "continue shopping successful": {
                    "name": "continue shopping successful",
                    "path": "::continue shopping successful",
                    "id": "77284ef4e0af6ed5a0438a6b71837f15",
                    "passes": 100,
                    "fails": 0
                }
            },
        "name": "",
        "path": ""
    }
}