{
    "metrics": {
        "jwt_renewal_successes": {
            "count": 100,
            "rate": 0.4761865941110135
        },
        "response_size_bytes": {
            "med": 10491,
            "max": 10491,
            "p(90)": 10491,
            "p(95)": 10491,
            "avg": 10491,
            "min": 10491
        },
        "vus": {
            "min": 4,
            "max": 100,
            "value": 100
        },
        "checks": {
            "passes": 1300,
            "fails": 0,
            "value": 1
        },
        "http_req_duration{expected_response:true}": {
            "med": 12.812534,
            "max": 154.080501,
            "p(90)": 50.72276720000009,
            "p(95)": 72.3644265,
            "avg": 19.099299083529413,
            "min": 2.345453
        },
        "cart_operations": {
            "count": 500,
            "rate": 2.3809329705550675
        },
        "jwt_renewals": {
            "count": 300,
            "rate": 1.4285597823330405
        },
        "request_size_bytes": {
            "avg": 0,
            "min": 0,
            "med": 0,
            "max": 0,
            "p(90)": 0,
            "p(95)": 0
        },
        "http_reqs": {
            "count": 1700,
            "rate": 8.095172099887229
        },
        "http_req_waiting": {
            "med": 12.230907,
            "max": 125.608869,
            "p(90)": 43.68423910000014,
            "p(95)": 68.67833105,
            "avg": 17.89613202117648,
            "min": 2.277445
        },
        "data_received": {
            "count": 17727563,
            "rate": 84416.2784685842
        },
        "http_req_blocked": {
            "p(90)": 0.009270000000000002,
            "p(95)": 0.22450849999999997,
            "avg": 0.022716508823529304,
            "min": 0.001594,
            "med": 0.006031,
            "max": 0.80906
        },
        "http_req_tls_handshaking": {
            "max": 0,
            "p(90)": 0,
            "p(95)": 0,
            "avg": 0,
            "min": 0,
            "med": 0
        },
        "iterations": {
            "count": 100,
            "rate": 0.4761865941110135
        },
        "vus_max": {
            "value": 100,
            "min": 100,
            "max": 100
        },
        "http_req_sending": {
            "avg": 0.03110558,
            "min": 0.007504,
            "med": 0.0268805,
            "max": 0.812993,
            "p(90)": 0.047266,
            "p(95)": 0.06547509999999997
        },
        "http_req_failed": {
            "passes": 0,
            "fails": 1700,
            "thresholds": {
                "rate<0.05": false
            },
            "value": 0
        },
        "data_sent": {
            "count": 2657892,
            "rate": 12656.525389949098
        },
        "http_req_duration": {
            "p(95)": 72.3644265,
            "avg": 19.099299083529413,
            "min": 2.345453,
            "med": 12.812534,
            "max": 154.080501,
            "p(90)": 50.72276720000009,
            "thresholds": {
                "p(95)<2000": false
            }
        },
        "http_req_connecting": {
            "min": 0,
            "med": 0,
            "max": 0.724472,
            "p(90)": 0,
            "p(95)": 0.14690314999999993,
            "avg": 0.011108817647058823
        },
        "iteration_duration": {
            "avg": 136201.50836564996,
            "min": 136124.736456,
            "med": 136197.081204,
            "max": 136363.102999,
            "p(90)": 136254.2517634,
            "p(95)": 136294.7089926
        },
        "http_req_receiving": {
            "med": 0.30862999999999996,
            "max": 72.310331,
            "p(90)": 1.1422631000000008,
            "p(95)": 1.7957213499999998,
            "avg": 1.1720614823529414,
            "min": 0.042219
        }
    },
    "root_group": {
        "name": "",
        "path": "",
        "id": "d41d8cd98f00b204e9800998ecf8427e",
        "groups": {},
        "checks": {
                "initial visit successful": {
                    "passes": 200,
                    "fails": 0,
                    "name": "initial visit successful",
                    "path": "::initial visit successful",
                    "id": "aae5b334abe256117335360ddc91be63"
                },
                "add item 1 successful": {
                    "passes": 200,
                    "fails": 0,
                    "name": "add item 1 successful",
                    "path": "::add item 1 successful",
                    "id": "e82c5caecf714d1fe41058fb6812d665"
                },
                "add item 2 successful": {
                    "path": "::add item 2 successful",
                    "id": "3e4273f8f17ba64f58dd4f63c24cfe47",
                    "passes": 200,
                    "fails": 0,
                    "name": "add item 2 successful"
                },
                "view cart successful": {
                    "name": "view cart successful",
                    "path": "::view cart successful",
                    "id": "28ed33ec7e41187c0f7ef5afeb9326e5",
                    "passes": 200,
                    "fails": 0
                },
                "return to shopping successful": {
                    "passes": 100,
                    "fails": 0,
                    "name": "return to shopping successful",
                    "path": "::return to shopping successful",
                    "id": "e99bf39f1fd66e6fe4fa09ea346cfe76"
                },
                "JWT renewed with different token": {
                    "passes": 100,
                    "fails": 0,
                    "name": "JWT renewed with different token",
                    "path": "::JWT renewed with different token",
                    "id": "a0c7cb22e62bb19ce8f14e258ce44fe9"
                },
                "add item 3 with new JWT successful": {
                    "passes": 100,
                    "fails": 0,
                    "name": "add item 3 with new JWT successful",
                    "path": "::add item 3 with new JWT successful",
                    "id": "04193f6c4337cc9baa8ba7804cae8cd1"
                },
                "checkout successful": {
                    "name": "checkout successful",
                    "path": "::checkout successful",
                    "id": "7d3ca2e9e4bd709c4f7f05f757dbd43b",
                    "passes": 100,
                    "fails": 0
                },
                "continue shopping successful": {
                    "name": "continue shopping successful",
                    "path": "::continue shopping successful",
                    "id": "77284ef4e0af6ed5a0438a6b71837f15",
                    "passes": 100,
                    "fails": 0
                }
            }
    }
}