{
    "metrics": {
        "http_req_failed": {
            "passes": 0,
            "fails": 1700,
            "thresholds": {
                "rate<0.05": false
            },
            "value": 0
        },
        "http_reqs": {
            "count": 1700,
            "rate": 8.095167675567227
        },
        "vus": {
            "max": 100,
            "value": 100,
            "min": 4
        },
        "http_req_connecting": {
            "avg": 0.01140997411764706,
            "min": 0,
            "med": 0,
            "max": 0.821829,
            "p(90)": 0,
            "p(95)": 0.15211659999999996
        },
        "http_req_sending": {
            "med": 0.024896500000000002,
            "max": 1.043025,
            "p(90)": 0.042924000000000004,
            "p(95)": 0.05539184999999999,
            "avg": 0.029786012352941135,
            "min": 0.007003
        },
        "http_req_waiting": {
            "avg": 24.13947234999996,
            "min": 2.280434,
            "med": 11.690714,
            "max": 733.718209,
            "p(90)": 61.93905020000007,
            "p(95)": 89.63809755
        },
        "http_req_receiving": {
            "avg": 1.35170158,
            "min": 0.025157,
            "med": 0.272884,
            "max": 82.99326,
            "p(90)": 1.1147616000000002,
            "p(95)": 1.7542348499999987
        },
        "http_req_duration{expected_response:true}": {
            "avg": 25.520959942352867,
            "min": 2.346114,
            "med": 12.1751825,
            "max": 735.203087,
            "p(90)": 68.92519680000001,
            "p(95)": 92.07110559999995
        },
        "data_received": {
            "count": 17704211,
            "rate": 84305.03329918926
        },
        "response_size_bytes": {
            "p(90)": 10491,
            "p(95)": 10491,
            "avg": 10491,
            "min": 10491,
            "med": 10491,
            "max": 10491
        },
        "vus_max": {
            "value": 100,
            "min": 100,
            "max": 100
        },
        "iterations": {
            "count": 100,
            "rate": 0.47618633385689574
        },
        "data_sent": {
            "count": 2657892,
            "rate": 12656.518472675723
        },
        "http_req_tls_handshaking": {
            "avg": 0,
            "min": 0,
            "med": 0,
            "max": 0,
            "p(90)": 0,
            "p(95)": 0
        },
        "checks": {
            "passes": 1300,
            "fails": 0,
            "value": 1
        },
        "jwt_renewals": {
            "rate": 1.4285590015706873,
            "count": 300
        },
        "iteration_duration": {
            "avg": 136304.25187242,
            "min": 136124.931362,
            "med": 136193.2265385,
            "max": 137173.179589,
            "p(90)": 136735.0359963,
            "p(95)": 136916.5095524
        },
        "request_size_bytes": {
            "avg": 0,
            "min": 0,
            "med": 0,
            "max": 0,
            "p(90)": 0,
            "p(95)": 0
        },
        "http_req_duration": {
            "min": 2.346114,
            "med": 12.1751825,
            "max": 735.203087,
            "p(90)": 68.92519680000001,
            "p(95)": 92.07110559999995,
            "avg": 25.520959942352867,
            "thresholds": {
                "p(95)<2000": false
            }
        },
        "http_req_blocked": {
            "p(90)": 0.008827000000000002,
            "p(95)": 0.2208418499999998,
            "avg": 0.022459128823529413,
            "min": 0.001933,
            "med": 0.00545,
            "max": 1.308086
        },
        "cart_operations": {
            "count": 500,
            "rate": 2.380931669284479
        },
        "jwt_renewal_successes": {
            "count": 100,
            "rate": 0.47618633385689574
        }
    },
    "root_group": {
        "name": "",
        "path": "",
        "id": "d41d8cd98f00b204e9800998ecf8427e",
        "groups": {},
        "checks": {
                "initial visit successful": {
                    "passes": 200,
                    "fails": 0,
                    "name": "initial visit successful",
                    "path": "::initial visit successful",
                    "id": "aae5b334abe256117335360ddc91be63"
                },
                "add item 1 successful": {
                    "fails": 0,
                    "name": "add item 1 successful",
                    "path": "::add item 1 successful",
                    "id": "e82c5caecf714d1fe41058fb6812d665",
                    "passes": 200
                },
                "add item 2 successful": {
                    "name": "add item 2 successful",
                    "path": "::add item 2 successful",
                    "id": "3e4273f8f17ba64f58dd4f63c24cfe47",
                    "passes": 200,
                    "fails": 0
                },
                "view cart successful": {
                    "path": "::view cart successful",
                    "id": "28ed33ec7e41187c0f7ef5afeb9326e5",
                    "passes": 200,
                    "fails": 0,
                    "name": "view cart successful"
                },
                "return to shopping successful": {
                    "name": "return to shopping successful",
                    "path": "::return to shopping successful",
                    "id": "e99bf39f1fd66e6fe4fa09ea346cfe76",
                    "passes": 100,
                    "fails": 0
                },
                "JWT renewed with different token": {
                    "fails": 0,
                    "name": "JWT renewed with different token",
                    "path": "::JWT renewed with different token",
                    "id": "a0c7cb22e62bb19ce8f14e258ce44fe9",
                    "passes": 100
                },
                "add item 3 with new JWT successful": {
                    "name": "add item 3 with new JWT successful",
                    "path": "::add item 3 with new JWT successful",
                    "id": "04193f6c4337cc9baa8ba7804cae8cd1",
                    "passes": 100,
                    "fails": 0
                },
                "checkout successful": {
                    "id": "7d3ca2e9e4bd709c4f7f05f757dbd43b",
                    "passes": 100,
                    "fails": 0,
                    "name": "checkout successful",
                    "path": "::checkout successful"
                },
                "continue shopping successful": {
                    "name": "continue shopping successful",
                    "path": "::continue shopping successful",
                    "id": "77284ef4e0af6ed5a0438a6b71837f15",
                    "passes": 100,
                    "fails": 0
                }
            }
    }
}